method,state,z_nm,real_psi_per_sqrt_nm,imag_psi_per_sqrt_nm,probability_per_nm
energy,11,-59.06578125,-0.00149298570263,-1.82838016189e-19,2.22900630824e-06
energy,11,-58.75734375,-0.00303592511635,-3.71793597618e-19,9.21684131206e-06
energy,11,-58.44890625,-0.00468044335021,-5.73188996743e-19,2.19065499546e-05
energy,11,-58.14046875,-0.00648156423239,-7.93762689066e-19,4.20106748986e-05
energy,11,-57.83203125,-0.00849955134881,-1.04089483535e-18,7.2242373131e-05
energy,11,-57.52359375,-0.0108019243986,-1.32285421393e-18,0.000116681570713
energy,11,-57.21515625,-0.0134657183312,-1.64907488525e-18,0.000181325570174
energy,11,-56.90671875,-0.0165800608538,-2.03047184542e-18,0.000274898417914
energy,11,-56.59828125,-0.0202491545494,-2.47980623043e-18,0.000410028259964
energy,11,-56.28984375,-0.0245957633843,-3.01211229011e-18,0.000604951576455
energy,11,-55.98140625,-0.0297653202595,-3.64520041814e-18,0.000885974290153
energy,11,-55.67296875,-0.0352018268859,-4.31098046199e-18,0.0012391686161
energy,11,-55.36453125,-0.0395852006395,-4.84778892567e-18,0.00156698810967
energy,11,-55.05609375,-0.0436040420464,-5.3399550522e-18,0.00190131248279
energy,11,-54.74765625,-0.0472213423846,-5.78294658028e-18,0.00222985517661
energy,11,-54.43921875,-0.050403790645,-6.17268408782e-18,0.00254054211138
energy,11,-54.13078125,-0.0531220802857,-6.5055785586e-18,0.00282195541388
energy,11,-53.82234375,-0.0553511791109,-6.77856443272e-18,0.00306375302897
energy,11,-53.51390625,-0.0570705597868,-6.98912783685e-18,0.00325704879438
energy,11,-53.20546875,-0.058264388874,-7.13532973388e-18,0.00339473901086
energy,11,-52.89703125,-0.0589216726347,-7.21582377925e-18,0.00347176350607
energy,11,-52.58859375,-0.0590363582717,-7.22986871908e-18,0.00348529159798
energy,11,-52.28015625,-0.0586073896674,-7.17733521626e-18,0.00343482612363
energy,11,-51.97171875,-0.0576387171096,-7.05870704153e-18,0.00332222171005
energy,11,-51.66328125,-0.0561392609139,-6.87507661847e-18,0.00315161661596
energy,11,-51.35484375,-0.0541228292781,-6.62813496362e-18,0.00292928064906
energy,11,-51.04640625,-0.0516079911255,-6.32015611423e-18,0.00266338474801
energy,11,-50.73796875,-0.0486179051075,-5.95397618711e-18,0.00236370069704
energy,11,-50.42953125,-0.0451801063394,-5.53296726137e-18,0.00204124200884
energy,11,-50.12109375,-0.0413262528357,-5.0610063256e-18,0.00170785917344
energy,11,-49.81265625,-0.0370918339773,-4.54243957548e-18,0.0013758041478
energy,11,-49.50421875,-0.0325158436966,-3.98204239047e-18,0.0010572800913
energy,11,-49.19578125,-0.0276404213905,-3.3849753583e-18,0.000763992894647
energy,11,-48.88734375,-0.0225104638665,-2.75673675214e-18,0.000506720983485
energy,11,-48.57890625,-0.0171732118969,-2.10311189807e-18,0.000294919206857
energy,11,-48.27046875,-0.0116778151882,-1.43011989912e-18,0.000136371367569
energy,11,-47.96203125,-0.00520726103957,-6.37705556444e-19,2.71155675342e-05
energy,11,-47.65359375,0.0019566824328,2.39624487827e-19,3.82860614281e-06
energy,11,-47.34515625,0.00918609441486,1.12497211218e-18,8.43843305988e-05
energy,11,-47.03671875,0.0167228633299,2.04796010495e-18,0.00027965415795
energy,11,-46.72828125,0.0248191614366,3.03947066109e-18,0.000615990774418
energy,11,-46.41984375,0.0337458822446,4.13267866753e-18,0.00113878456847
energy,11,-46.11140625,0.0438017043221,5.36416169953e-18,0.00191858930152
energy,11,-45.80296875,0.0539608702667,6.60830070513e-18,0.00291177551994
energy,11,-45.49453125,0.0622609066467,7.62476200368e-18,0.00387642049646
energy,11,-45.18609375,0.069987594552,8.57100836481e-18,0.00489826339118
energy,11,-44.87765625,0.0770697804297,9.43832599142e-18,0.00593975105548
energy,11,-44.56921875,0.0834422458194,1.02187279256e-17,0.00696260838738
energy,11,-44.26078125,0.0890463079375,1.09050275991e-17,0.00792924495729
energy,11,-43.95234375,0.0938303600753,1.14909050129e-17,0.00880413647187
energy,11,-43.64390625,0.0977503468354,1.19709649368e-17,0.00955513030645
energy,11,-43.33546875,0.100770169829,1.2340786593e-17,0.0101546271273
energy,11,-43.02703125,0.102862020098,1.25969643667e-17,0.0105805951786
energy,11,-42.71859375,0.104006634204,1.27371391668e-17,0.0108173799584
energy,11,-42.41015625,0.10419347162,1.27600201511e-17,0.0108562795282
energy,11,-42.10171875,0.103420811797,1.26653966133e-17,0.0106958643128
energy,11,-41.79328125,0.101695770008,1.24541399227e-17,0.0103420296376
energy,11,-41.48484375,0.0990342318245,1.2128195501e-17,0.00980777907306
energy,11,-41.17640625,0.095460706829,1.16905649062e-17,0.00911274654829
energy,11,-40.86796875,0.0910081029123,1.11452781928e-17,0.0082824747957
energy,11,-40.55953125,0.0857174232304,1.0497356799e-17,0.00734747664526
energy,11,-40.25109375,0.0796373886145,9.75276730592e-18,0.00634211366533
energy,11,-39.94265625,0.0728239889105,8.91836649204e-18,0.00530333336084
energy,11,-39.63421875,0.0653399673797,8.00183819079e-18,0.00426931133717
energy,11,-39.32578125,0.057254242908,7.01162253148e-18,0.00327804833096
energy,11,-39.01734375,0.0486412753458,5.95683821587e-18,0.00236597366726
energy,11,-38.70890625,0.0395803798217,4.84719854576e-18,0.00156660646683
energy,11,-38.40046875,0.0301549963449,3.6929219752e-18,0.000909323804558
energy,11,-38.09203125,0.0204519214227,2.50463801067e-18,0.000418281089879
energy,11,-37.78359375,0.0105605087685,1.29328932607e-18,0.000111524345449
energy,11,-37.47515625,0.00057184646088,7.0030993792e-20,3.2700837482e-07
energy,11,-37.16671875,-0.00942208186861,-1.15387224017e-18,8.87756267387e-05
energy,11,-36.85828125,-0.0193292440946,-2.36714969104e-18,0.00037361967727
energy,11,-36.54984375,-0.0290584071039,-3.55862852481e-18,0.000844391023417
energy,11,-36.24140625,-0.038519976943,-4.71733664665e-18,0.00148378862369
energy,11,-35.93296875,-0.0476268238715,-5.83260374078e-18,0.00226831435209
energy,11,-35.62453125,-0.0562950847227,-6.89415953133e-18,0.00316913656393
energy,11,-35.31609375,-0.0644449351829,-7.8922283593e-18,0.00415314967073
energy,11,-35.00765625,-0.0720013248782,-8.81761920464e-18,0.00518419078421
energy,11,-34.69921875,-0.0788946684983,-9.66181032462e-18,0.00622436871745
energy,11,-34.39078125,-0.0850614865941,-1.04170277288e-17,0.00723545650161
energy,11,-34.08234375,-0.0904449901478,-1.10763167683e-17,0.00818029624284
energy,11,-33.77390625,-0.0949956035312,-1.16336061798e-17,0.00902416469026
energy,11,-33.46546875,-0.0986714210384,-1.20837639942e-17,0.00973604932974
energy,11,-33.15703125,-0.101438592787,-1.24226447967e-17,0.0102897881067
energy,11,-32.84859375,-0.103271636436,-1.26471279004e-17,0.0106650308921
energy,11,-32.54015625,-0.104153671845,-1.27551460844e-17,0.0108479873588
energy,11,-32.23171875,-0.104076576523,-1.27457046306e-17,0.0108319337808
energy,11,-31.92328125,-0.103041060427,-1.26188904833e-17,0.0106174601339
energy,11,-31.61484375,-0.10105665942,-1.23758714491e-17,0.0102124484132
energy,11,-31.30640625,-0.0981416474627,-1.20188854428e-17,0.0096317829667
energy,11,-30.99796875,-0.0943228683277,-1.15512198784e-17,0.00889680348957
energy,11,-30.68953125,-0.0896354884031,-1.09771813963e-17,0.00803452078126
energy,11,-30.38109375,-0.0841226728509,-1.03020562043e-17,0.00707662408758
energy,11,-30.07265625,-0.0778351881081,-9.53206139776e-18,0.00605831650783
energy,11,-29.76421875,-0.0708309343882,-8.67428770791e-18,0.0050170212663
energy,11,-29.45578125,-0.0619887943596,-7.59143785955e-18,0.00384261062615
energy,11,-29.14734375,-0.0540351152222,-6.61739308985e-18,0.00291979367708
energy,11,-28.83890625,-0.0478893934753,-5.86475924326e-18,0.00229339400743
energy,11,-28.53046875,-0.0433459998163,-5.30835399309e-18,0.00187887570007
energy,11,-28.22203125,-0.0402529171336,-4.9295606124e-18,0.00162029733776
energy,11,-27.91359375,-0.0385066541757,-4.71570507822e-18,0.00148276241581
energy,11,-27.60515625,-0.0380487828445,-4.6596320122e-18,0.00144770987595
energy,11,-27.29671875,-0.038863983253,-4.75946526928e-18,0.00151040919429
energy,11,-26.98828125,-0.0409795311383,-5.01854516391e-18,0.00167932197231
energy,11,-26.67984375,-0.044466210479,-5.44554023333e-18,0.00197724387436
energy,11,-26.37140625,-0.0494406818514,-6.0547372777e-18,0.00244438102193
energy,11,-26.06296875,-0.0552856501199,-6.77053944581e-18,0.00305650310918
energy,11,-25.75453125,-0.0598377680344,-7.32801310914e-18,0.00358055848334
energy,11,-25.44609375,-0.0638388516823,-7.8180045374e-18,0.00407539898412
energy,11,-25.13765625,-0.0672520558694,-8.23600149566e-18,0.00452283901867
energy,11,-24.82921875,-0.0700459490679,-8.57815473192e-18,0.00490643498082
energy,11,-24.52078125,-0.0721948028634,-8.84131342417e-18,0.00521208956048
energy,11,-24.21234375,-0.0736788288829,-9.02305419563e-18,0.00542856982555
energy,11,-23.90390625,-0.0744843610219,-9.1217034312e-18,0.00554792003684
energy,11,-23.59546875,-0.074603981293,-9.13635268942e-18,0.00556575402477
energy,11,-23.28703125,-0.0740365881367,-9.06686706814e-18,0.00548141638292
energy,11,-22.97859375,-0.072787406565,-8.91388644681e-18,0.00529800655446
energy,11,-22.67015625,-0.0708679400462,-8.67881959397e-18,0.00502226492639
energy,11,-22.36171875,-0.0682958645707,-8.36383119415e-18,0.00466432511746
energy,11,-22.05328125,-0.0650948658771,-7.97182191373e-18,0.00423734156355
energy,11,-21.74484375,-0.0612944213342,-7.50640168926e-18,0.0037570060867
energy,11,-21.43640625,-0.0569295284904,-6.97185648427e-18,0.00324097121414
energy,11,-21.12796875,-0.0520403827875,-6.37310882071e-18,0.00270820144067
energy,11,-20.81953125,-0.046672007409,-5.71567244832e-18,0.00217827627558
energy,11,-20.51109375,-0.0408738386707,-5.00560156969e-18,0.00167067068767
energy,11,-20.20265625,-0.0346992707709,-4.24943508823e-18,0.00120403939203
energy,11,-19.89421875,-0.028205164094,-3.45413639272e-18,0.000795531281571
energy,11,-19.58578125,-0.0214513215945,-2.62702923282e-18,0.000460159198151
energy,11,-19.27734375,-0.0144999380829,-1.7757302761e-18,0.000210248204406
energy,11,-18.96890625,-0.00741502748607,-9.08078967641e-19,5.49826326192e-05
energy,11,-18.66046875,-0.000261833355891,-3.20653381202e-20,6.85567062571e-08
energy,11,-18.35203125,0.00800182276734,9.79940663937e-19,6.40291676e-05
energy,11,-18.04359375,0.0176412621769,2.16043152578e-18,0.000311214131193
energy,11,-17.73515625,0.0278709594252,3.41320812492e-18,0.00077679037928
energy,11,-17.42671875,0.0390331892842,4.78018703174e-18,0.0015235898657
energy,11,-17.11828125,0.0515014280737,6.3071059042e-18,0.00265239709363
energy,11,-16.80984375,0.0656928497808,8.04505382109e-18,0.00431555051232
energy,11,-16.50140625,0.0820822842573,1.00521806682e-17,0.0067375013889
energy,11,-16.19296875,0.0989556072532,1.2118566768e-17,0.00979221220685
energy,11,-15.88453125,0.112655170208,1.37962793603e-17,0.0126911873746
energy,11,-15.57609375,0.125317313802,1.53469447225e-17,0.0157044291384
energy,11,-15.26765625,0.136825434838,1.67562830816e-17,0.0187211996185
energy,11,-14.95921875,0.147073557288,1.80113161172e-17,0.0216306312533
energy,11,-14.65078125,0.155967308202,1.91004864762e-17,0.0243258012279
energy,11,-14.34234375,0.163424786774,2.00137642024e-17,0.0267076609322
energy,11,-14.03390625,0.169377318546,2.07427391006e-17,0.0286886760379
energy,11,-13.72546875,0.173770087821,2.12806981838e-17,0.0301960434214
energy,11,-13.41703125,0.176562642449,2.16226874924e-17,0.0311743667084
energy,11,-13.10859375,0.177729266341,2.17655577139e-17,0.031587692114
energy,11,-12.80015625,0.177259216287,2.17079931845e-17,0.0314208297587
energy,11,-12.49171875,0.175156820886,2.14505240047e-17,0.0306799119029
energy,11,-12.18328125,0.171441440685,2.09955211576e-17,0.0293921675841
energy,11,-11.87484375,0.166147289891,2.03471746752e-17,0.0276049219381
energy,11,-11.56640625,0.1593231213,1.9511455053e-17,0.0253838569807
energy,11,-11.25796875,0.151031777342,1.84960582691e-17,0.022810597767
energy,11,-10.94953125,0.141349611376,1.73103349133e-17,0.0199797126362
energy,11,-10.64109375,0.13036578457,1.59652040792e-17,0.0169952377866
energy,11,-10.33265625,0.11818144483,1.4473052813e-17,0.0139668539022
energy,11,-10.02421875,0.10490879535,1.28476220428e-17,0.0110058553418
energy,11,-9.71578125,0.0906700613552,1.11038800417e-17,0.00822106002616
energy,11,-9.40734375,0.0755963645535,9.25788458776e-18,0.0057148103337
energy,11,-9.09890625,0.0598265156615,7.3266350909e-18,0.00357921197619
energy,11,-8.79046875,0.0435057361238,5.32791604886e-18,0.00189274907568
energy,11,-8.48203125,0.0267843207974,3.28013327319e-18,0.000717399840578
energy,11,-8.17359375,0.00981625391547,1.20214439372e-18,9.63588409329e-05
energy,11,-7.86515625,-0.00724220892298,-8.86914797628e-19,5.2449590084e-05
energy,11,-7.55671875,-0.0242339796803,-2.9678065646e-18,0.000587285771143
energy,11,-7.24828125,-0.041002584473,-5.02136838317e-18,0.00168121193347
energy,11,-6.93984375,-0.0573936045095,-7.02868940541e-18,0.00329402583859
energy,11,-6.63140625,-0.0732560981018,-8.97128460584e-18,0.0053664559091
energy,11,-6.32296875,-0.0884439906585,-1.08312650064e-17,0.00782233948361
energy,11,-6.01453125,-0.102817419857,-1.25915024124e-17,0.010571421826
energy,11,-5.70609375,-0.116244023607,-1.4235787143e-17,0.0135126730243
energy,11,-5.39765625,-0.128600158949,-1.57489773026e-17,0.0165380008816
energy,11,-5.08921875,-0.139772040656,-1.711713822e-17,0.0195362233492
energy,11,-4.78078125,-0.149656789063,-1.83276707697e-17,0.0223971545126
energy,11,-4.47234375,-0.158163377459,-1.93694273948e-17,0.0250156539694
energy,11,-4.16390625,-0.165213470342,-2.02328147631e-17,0.0272954907825
energy,11,-3.85546875,-0.170742144789,-2.09098821096e-17,0.0291528800073
energy,11,-3.54703125,-0.174698488322,-2.1394394454e-17,0.030519561822
energy,11,-3.23859375,-0.177046067749,-2.16818900171e-17,0.0313453101054
energy,11,-2.93015625,-0.177763264672,-2.17697213087e-17,0.0315997782669
energy,11,-2.62171875,-0.176843474566,-2.16570795077e-17,0.0312736144964
energy,11,-2.31328125,-0.174295167596,-2.13450019103e-17,0.0303788054472
energy,11,-2.00484375,-0.170141810622,-2.08363623779e-17,0.0289482357216
energy,11,-1.69640625,-0.164421651093,-2.01358448721e-17,0.0270344793481
energy,11,-1.38796875,-0.157187364836,-1.92499003213e-17,0.0247078676642
energy,11,-1.07953125,-0.148505570975,-1.8186687215e-17,0.0220539046106
energy,11,-0.77109375,-0.138456218445,-1.69559964741e-17,0.0191701244261
energy,11,-0.46265625,-0.127131849763,-1.55691612882e-17,0.0161625072241
energy,11,-0.15421875,-0.114636748817,-1.40389527504e-17,0.0131415841794
energy,11,0.15421875,-0.098987633962,-1.21224889087e-17,0.0097985516774
energy,11,0.46265625,-0.0845521933053,-1.03546572892e-17,0.00714907339274
energy,11,0.77109375,-0.072945778961,-8.93328147159e-18,0.00532108666823
energy,11,1.07953125,-0.0637800526699,-7.81080373516e-18,0.00406789511857
energy,11,1.38796875,-0.0567483389946,-6.94966717066e-18,0.00322037397864
energy,11,1.69640625,-0.0516153642866,-6.32105906604e-18,0.00266414583044
energy,11,2.00484375,-0.0482093846806,-5.9039468638e-18,0.00232414477128
energy,11,2.31328125,-0.0464164397273,-5.68437443399e-18,0.00215448587696
energy,11,2.62171875,-0.0461765393988,-5.65499511704e-18,0.00213227279085
energy,11,2.93015625,-0.0474816568855,-5.8148259123e-18,0.00225450774059
energy,11,3.23859375,-0.0503754600282,-6.16921458791e-18,0.00253768697305
energy,11,3.54703125,-0.0544133437268,-6.66371272259e-18,0.00296081197553
energy,11,3.85546875,-0.0574087169477,-7.03054014532e-18,0.00329576078159
energy,11,4.16390625,-0.0598754245571,-7.33262470314e-18,0.00358506646589
energy,11,4.47234375,-0.0617907511283,-7.56718455862e-18,0.003818096925
energy,11,4.78078125,-0.0631370587949,-7.73205969608e-18,0.00398628819327
energy,11,5.08921875,-0.0639019496736,-7.82573181271e-18,0.00408345917209
energy,11,5.39765625,-0.0640783800344,-7.84733830037e-18,0.00410603878784
energy,11,5.70609375,-0.0636647251647,-7.79668018916e-18,0.0040531972303
energy,11,6.01453125,-0.0626647943311,-7.67422397968e-18,0.00392687644856
energy,11,6.32296875,-0.0610877957004,-7.48109734715e-18,0.00373171878353
energy,11,6.63140625,-0.0589482515436,-7.21907875682e-18,0.00347489636005
energy,11,6.93984375,-0.0562658645032,-6.89058108651e-18,0.00316584750829
energy,11,7.24828125,-0.0530653361551,-6.4986294068e-18,0.00281592990125
energy,11,7.55671875,-0.049376139537,-6.04683312382e-18,0.00243800315557
energy,11,7.86515625,-0.0452322477367,-5.5393527409e-18,0.00204595623532
energy,11,8.17359375,-0.040671821041,-4.98086154534e-18,0.00165419702679
energy,11,8.48203125,-0.0357368555246,-4.37650257297e-18,0.00127712284278
energy,11,8.79046875,-0.0304727963166,-3.73184124702e-18,0.000928591315354
energy,11,9.09890625,-0.0249281191057,-3.05281412716e-18,0.000621411122149
energy,11,9.40734375,-0.0191538837365,-2.34567424092e-18,0.000366871262192
energy,11,9.71578125,-0.0132032640097,-1.61693350078e-18,0.000174326180509
energy,11,10.02421875,-0.00713105801488,-8.73302737246e-19,5.08519884117e-05
energy,11,10.33265625,-0.000993183505835,-1.21629900139e-19,9.86413476264e-07
energy,11,10.64109375,0.00515383703527,6.31163002857e-19,2.65620361861e-05
energy,11,10.94953125,0.0112533969022,1.37814364958e-18,0.000126638941839
energy,11,11.25796875,0.0181778006091,2.22613853315e-18,0.000330432434985
energy,11,11.56640625,0.0266388883234,3.26232293181e-18,0.000709630371105
energy,11,11.87484375,0.0359912848619,4.40766118033e-18,0.00129537258601
energy,11,12.18328125,0.0465479114495,5.70047507636e-18,0.00216670806031
energy,11,12.49171875,0.0586619815655,7.18402079558e-18,0.00344122808119
energy,11,12.80015625,0.0727388190906,8.90793619731e-18,0.0052909358027
energy,11,13.10859375,0.0892494200121,1.09299016544e-17,0.0079654589725
energy,11,13.41703125,0.106441035252,1.3035267312e-17,0.0113296939856
energy,11,13.72546875,0.120347279686,1.47382910853e-17,0.0144834677277
energy,11,14.03390625,0.133145269631,1.63055928275e-17,0.017727662825
energy,11,14.34234375,0.144717150909,1.77227395642e-17,0.0209430537672
energy,11,14.65078125,0.154956360336,1.89766810693e-17,0.0240114736085
energy,11,14.95921875,0.16376860704,2.00558700413e-17,0.026820156652
energy,11,15.26765625,0.171072740772,2.09503684408e-17,0.0292658826352
energy,11,15.57609375,0.176801499196,2.16519390075e-17,0.0312587701179
energy,11,15.88453125,0.180902127299,2.21541211156e-17,0.0327255796614
energy,11,16.19296875,0.183336863203,2.24522902687e-17,0.0336124054091
energy,11,16.50140625,0.184083285901,2.25437006856e-17,0.0338866561482
energy,11,16.80984375,0.183134521734,2.24275105855e-17,0.0335382530509
energy,11,17.11828125,0.180499307685,2.21047899405e-17,0.0325800000748
energy,11,17.42671875,0.176201910923,2.15785106215e-17,0.0310471134128
energy,11,17.73515625,0.170281905331,2.08535190316e-17,0.0289959272831
energy,11,18.04359375,0.16279380708,1.99364914761e-17,0.0265018236235
energy,11,18.35203125,0.153806572597,1.88358726819e-17,0.023656461774
energy,11,18.66046875,0.143402963562,1.75617980314e-17,0.0205644099583
energy,11,18.96890625,0.131678784769,1.61260002282e-17,0.0173393023581
energy,11,19.27734375,0.11874200188,1.45417012527e-17,0.0140996630105
energy,11,19.58578125,0.104711747192,1.28234906031e-17,0.0109645499999
energy,11,19.89421875,0.0897172225662,1.09871909444e-17,0.008049180025
energy,11,20.20265625,0.0738965096395,9.04971239981e-18,0.00546069413689
energy,11,20.51109375,0.0573952982528,7.02889682915e-18,0.00329422026153
energy,11,20.81953125,0.0403655448248,4.94335352655e-18,0.001629377209
energy,11,21.12796875,0.0229640730135,2.81228785114e-18,0.000527348649369
energy,11,21.43640625,0.00535112955908,6.55324368635e-19,2.8634587558e-05
energy,11,21.74484375,-0.0123110913976,-1.50767386741e-18,0.000151562971401
energy,11,22.05328125,-0.0298599419289,-3.6567882306e-18,0.000891616131999
energy,11,22.36171875,-0.0471338181131,-5.77222794838e-18,0.00222159680992
energy,11,22.67015625,-0.0639736482132,-7.83451235141e-18,0.00409262766571
energy,11,22.97859375,-0.0802243575376,-9.82465026721e-18,0.00643594754233
energy,11,23.28703125,-0.0957362964924,-1.17243149062e-17,0.00916543846607
energy,11,23.59546875,-0.110366618675,-1.35160126293e-17,0.0121807905177
energy,11,23.90390625,-0.123980596318,-1.51832440437e-17,0.0153711882634
energy,11,24.21234375,-0.136452860973,-1.67106559425e-17,0.0186193832678
energy,11,24.52078125,-0.147668558002,-1.80841826891e-17,0.0218060030223
energy,11,24.82921875,-0.15752440425,-1.92911757452e-17,0.0248139379342
energy,11,25.13765625,-0.165929639163,-2.03205201485e-17,0.0275326451528
energy,11,25.44609375,-0.172806860583,-2.11627368683e-17,0.0298622110644
energy,11,25.75453125,-0.178092737525,-2.18100700962e-17,0.0317170231592
energy,11,26.06296875,-0.181738593387,-2.22565586673e-17,0.0330289163263
energy,11,26.37140625,-0.183710854197,-2.24980909561e-17,0.0337496779497
energy,11,26.67984375,-0.183991357792,-2.2532442739e-17,0.0338528197421
energy,11,26.98828125,-0.182577521069,-2.23592976774e-17,0.0333345511998
energy,11,27.29671875,-0.179482363774,-2.198025023e-17,0.032213918906
energy,11,27.60515625,-0.174734388603,-2.13987909704e-17,0.0305321065605
energy,11,27.91359375,-0.168377318728,-2.06202744429e-17,0.0283509214619
energy,11,28.22203125,-0.160469695157,-1.96518698534e-17,0.0257505230638
energy,11,28.53046875,-0.151084337646,-1.85024950499e-17,0.0228264770819
energy,11,28.83890625,-0.14030767411,-1.71827343994e-17,0.0196862434141
energy,11,29.14734375,-0.128238944729,-1.57047413188e-17,0.0164452269452
energy,11,29.45578125,-0.114989288065,-1.40821263565e-17,0.0132225363697
energy,11,29.76421875,-0.0984650247928,-1.2058487744e-17,0.00969536110744
energy,11,30.07265625,-0.0830196035394,-1.01669691741e-17,0.00689225457183
energy,11,30.38109375,-0.0703519297776,-8.61562656159e-18,0.00494939402343
energy,11,30.68953125,-0.0600381566385,-7.3525536354e-18,0.00360458025255
energy,11,30.99796875,-0.0517331962604,-6.33548932099e-18,0.00267632359531
energy,11,31.30640625,-0.0451591735165,-5.53040372991e-18,0.00203935095269
energy,11,31.61484375,-0.0400961286093,-4.91035955596e-18,0.00160769952945
energy,11,31.92328125,-0.03637465745,-4.45461078162e-18,0.0013231157046
energy,11,32.23171875,-0.0338702435781,-4.14790853843e-18,0.00114719340004
energy,11,32.54015625,-0.0324990919736,-3.97999089606e-18,0.00105619097911
energy,11,32.84859375,-0.0322153253644,-3.9452395091e-18,0.00103782718833
energy,11,33.15703125,-0.0329155570851,-4.03099316264e-18,0.00108343389822
energy,11,33.46546875,-0.0332187837611,-4.06812772046e-18,0.00110348759457
energy,11,33.77390625,-0.0332161051745,-4.06779968821e-18,0.00110330964297
energy,11,34.08234375,-0.0329075459919,-4.03001208668e-18,0.00108290658321
energy,11,34.39078125,-0.0322959476743,-3.95511289447e-18,0.00104302823618
energy,11,34.69921875,-0.0313869423105,-3.84379184355e-18,0.0009851401476
energy,11,35.00765625,-0.0301889007526,-3.69707406764e-18,0.000911369728648
energy,11,35.31609375,-0.0287128555303,-3.51631066195e-18,0.000824428072703
energy,11,35.62453125,-0.0269723992545,-3.30316624123e-18,0.000727510321542
energy,11,35.93296875,-0.0249835594455,-3.05960361062e-18,0.000624178242567
energy,11,36.24140625,-0.022764650939,-2.78786569062e-18,0.000518229332375
energy,11,36.54984375,-0.0203361072281,-2.4904548624e-18,0.000413557257194
energy,11,36.85828125,-0.0177202922954,-2.17010992396e-18,0.000314008759035
energy,11,37.16671875,-0.0149412946674,-1.82978086896e-18,0.000223242286339
energy,11,37.47515625,-0.0120247055881,-1.47260172092e-18,0.000144593544481
energy,11,37.78359375,-0.00899738335413,-1.10186167253e-18,8.09529072212e-05
energy,11,38.09203125,-0.00588720598198,-7.20974796175e-19,3.46591942742e-05
energy,11,38.40046875,-0.00272281448492,-3.33448604363e-19,7.4137187193e-06
energy,11,38.70890625,0.00046665087655,5.71482502287e-20,2.17763040585e-07
energy,11,39.01734375,0.00365181894165,4.47218837796e-19,1.33357815826e-05
energy,11,39.32578125,0.00680335812255,8.33171074823e-19,4.62856817437e-05
energy,11,39.63421875,0.00989224651322,1.21145080288e-18,9.78565410783e-05
energy,11,39.94265625,0.0128900391465,1.57857451816e-18,0.000166153109197
energy,11,40.25109375,0.015769129938,1.9311614504e-18,0.000248665459003
energy,11,40.55953125,0.0185030059057,2.2659646957e-18,0.000342361227547
energy,11,40.86796875,0.0214634489518,2.62851440574e-18,0.000460679640905
energy,11,41.17640625,0.025538993764,3.12762469665e-18,0.000652240202476
energy,11,41.48484375,0.0304690461002,3.73138197797e-18,0.000928362770255
energy,11,41.79328125,0.0364185602595,4.45998732513e-18,0.00132631153137
energy,11,42.10171875,0.0435866006475,5.33781909687e-18,0.001899791756
energy,11,42.41015625,0.0522130022593,6.39424860907e-18,0.00272619760493
energy,11,42.71859375,0.0625863953029,7.66462286778e-18,0.00391705687701
energy,11,43.02703125,0.0735797887065,9.01092527213e-18,0.00541398530609
energy,11,43.33546875,0.0824215265191,1.00937258632e-17,0.00679330803374
energy,11,43.64390625,0.0905042606639,1.10835753131e-17,0.00819102119833
energy,11,43.95234375,0.097753558828,1.19713582924e-17,0.00955575826353
energy,11,44.26078125,0.104102663647,1.27488993817e-17,0.0108373645783
energy,11,44.56921875,0.109493107459,1.34090383578e-17,0.011988740581
energy,11,44.87765625,0.113875250726,1.39456961304e-17,0.0129675727279
energy,11,45.18609375,0.11720873915,1.43539307232e-17,0.013737888533
energy,11,45.49453125,0.119462875289,1.4629982784e-17,0.0142713785723
energy,11,45.80296875,0.120616901247,1.47713102035e-17,0.0145484368664
energy,11,46.11140625,0.120660189824,1.47766115253e-17,0.0145588814084
energy,11,46.41984375,0.119592342385,1.46458379305e-17,0.0143023283572
energy,11,46.72828125,0.117423192528,1.43801936875e-17,0.0137882061434
energy,11,47.03671875,0.114172715527,1.3982125062e-17,0.0130354089708
energy,11,47.34515625,0.109870844388,1.34552977899e-17,0.0120716024465
energy,11,47.65359375,0.104557194198,1.28045633202e-17,0.0109322068586
energy,11,47.96203125,0.0982806973192,1.2035914139e-17,0.00965909546555
energy,11,48.27046875,0.0910991527801,1.11564285857e-17,0.00829905563725
energy,11,48.57890625,0.0830786940154,1.01742056703e-17,0.0069020693993
energy,11,48.88734375,0.0742931798563,9.09829049095e-18,0.00551947657316
energy,11,49.19578125,0.0648235143791,7.93859093939e-18,0.00420208801646
energy,11,49.50421875,0.0547569018755,6.7057864613e-18,0.002998318303
energy,11,49.81265625,0.044186043805,5.41122971128e-18,0.00195240646714
energy,11,50.12109375,0.0332082851258,4.06684200844e-18,0.00110279020099
energy,11,50.42953125,0.0219247178638,2.68500355541e-18,0.000480693253407
energy,11,50.73796875,0.0104392501763,1.27843943139e-18,0.000108977944244
energy,11,51.04640625,-0.00114235051798,-1.39897590534e-19,1.30496470592e-06
energy,11,51.35484375,-0.0127134315305,-1.556946323e-18,0.00016163134128
energy,11,51.66328125,-0.0241674370462,-2.95965744222e-18,0.000584065013383
energy,11,51.97171875,-0.0353988893755,-4.33511365671e-18,0.00125308136902
energy,11,52.28015625,-0.0463043602772,-5.67064866001e-18,0.00214409378068
energy,11,52.58859375,-0.0567834234095,-6.9539637723e-18,0.0032243571741
energy,11,52.89703125,-0.0667395791356,-8.17324119648e-18,0.00445417142319
energy,11,53.20546875,-0.0760811431708,-9.31725284596e-18,0.00578834034617
energy,11,53.51390625,-0.0847220908845,-1.03754637419e-17,0.00717783268385
energy,11,53.82234375,-0.0925828494846,-1.13381290277e-17,0.00857158401868
energy,11,54.13078125,-0.0995910307871,-1.21963837077e-17,0.00991837341324
energy,11,54.43921875,-0.105682097825,-1.29423242829e-17,0.0111687058008
energy,11,54.74765625,-0.110799959158,-1.35690815329e-17,0.0122766309495
energy,11,55.05609375,-0.114897485404,-1.40708837731e-17,0.0132014321523
energy,11,55.36453125,-0.117936943249,-1.44431100051e-17,0.0139091225829
energy,11,55.67296875,-0.11989034292,-1.46823324706e-17,0.0143736943255
energy,11,55.98140625,-0.120739695945,-1.47863482169e-17,0.0145780741768
energy,11,56.28984375,-0.120477180796,-1.47541993832e-17,0.0145147510926
energy,11,56.59828125,-0.119105214926,-1.45861820221e-17,0.0141860522226
energy,11,56.90671875,-0.116636432498,-1.42838433723e-17,0.0136040573859
energy,11,57.21515625,-0.113093568046,-1.38499676111e-17,0.0127901551333
energy,11,57.52359375,-0.108509247112,-1.32885502154e-17,0.0117742567089
energy,11,57.83203125,-0.10292568581,-1.26047611678e-17,0.0105936967996
energy,11,58.14046875,-0.0963943020604,-1.18048973474e-17,0.00929186146972
energy,11,58.44890625,-0.0889752420939,-1.08963245434e-17,0.00791659370566
energy,11,58.75734375,-0.0807368265785,-9.88740962427e-18,0.00651843516597
energy,11,59.06578125,-0.0717549214666,-8.78744348972e-18,0.00514876875468
energy,11,59.37421875,-0.06061906284,-7.42369412743e-18,0.0036746707796
energy,11,59.68265625,-0.0500182769568,-6.1254722774e-18,0.00250182802973
energy,11,59.99109375,-0.0410910493349,-5.03220220416e-18,0.00168847433544
energy,11,60.29953125,-0.0335386844484,-4.10730425573e-18,0.00112484335453
energy,11,60.60796875,-0.027108488214,-3.31983233209e-18,0.000734870133246
energy,11,60.91640625,-0.0215853131158,-2.64343846159e-18,0.000465925742308
energy,11,61.22484375,-0.0167843595992,-2.05549122589e-18,0.000281714727154
energy,11,61.53328125,-0.0125449928739,-1.53631853684e-18,0.000157376846207
energy,11,61.84171875,-0.00872536824574,-1.06854942935e-18,7.61320510237e-05
energy,11,62.15015625,-0.00519768514371,-6.36532847422e-19,2.70159308532e-05
energy,11,62.45859375,-0.00184391104937,-2.25813976452e-19,3.40000795799e-06
energy,11,62.76703125,0.00105893335818,1.29681934761e-19,1.12133985707e-06
energy,11,63.07546875,0.00356279186874,4.36316165808e-19,1.26934859e-05
energy,11,63.38390625,0.00603384132795,7.38932446884e-19,3.64072411709e-05
energy,11,63.69234375,0.00844932632612,1.03474404402e-18,7.13911153653e-05
energy,11,64.00078125,0.0107870031358,1.32102688626e-18,0.000116359436652
energy,11,64.30921875,0.0130253445498,1.59514465108e-18,0.000169659600642
energy,11,64.61765625,0.0151437381213,1.85457304174e-18,0.000229332804287
energy,11,64.92609375,0.0171226759794,2.0969230331e-18,0.000293186032696
energy,11,65.23453125,0.0189439344736,2.31996287164e-18,0.000358872653341
energy,11,65.54296875,0.0205907419918,2.52163862723e-18,0.000423978655773
energy,11,65.85140625,0.0220479334066,2.70009310742e-18,0.000486111367501
energy,11,66.15984375,0.0233020897281,2.8536829599e-18,0.000542987385696
energy,11,66.46828125,0.0243416616768,2.98099380585e-18,0.00059251649319
energy,11,66.77671875,0.0251570760387,3.08085326467e-18,0.000632878474817
energy,11,67.08515625,0.0257408238228,3.1523417502e-18,0.000662590011074
energy,11,67.39359375,0.0260875294102,3.19480093899e-18,0.000680559190729
energy,11,67.70203125,0.0261940000573,3.20783983271e-18,0.000686125639003
energy,11,68.01046875,0.0260592552968,3.19133835874e-18,0.000679084786623
energy,11,68.31890625,0.0256845359667,3.14544847592e-18,0.000659695387823
energy,11,68.62734375,0.0250732927838,3.07059277517e-18,0.000628670011021
energy,11,68.93578125,0.0242311545666,2.96746058797e-18,0.000587148851632
energy,11,69.24421875,0.0231658764009,2.83700163838e-18,0.000536657829422
energy,11,69.55265625,0.0218872682242,2.68041729729e-18,0.000479052510318
energy,11,69.86109375,0.0204071044884,2.49914951916e-18,0.0004164499136
energy,11,70.16953125,0.0187390157309,2.29486756341e-18,0.000351150710564
energy,11,70.47796875,0.0166133366133,2.03454695066e-18,0.000276002953425
energy,11,70.78640625,0.0147584955994,1.80739443961e-18,0.000217813192358
energy,11,71.09484375,0.0133974581257,1.64071542104e-18,0.000179491884231
energy,11,71.40328125,0.0124846853283,1.52893299257e-18,0.000155867367747
energy,11,71.71171875,0.0119896368017,1.46830703322e-18,0.000143751390637
energy,11,72.02015625,0.0118957487497,1.45680906298e-18,0.000141508838315
energy,11,72.32859375,0.0121998797779,1.494054372e-18,0.000148837066596
energy,11,72.63703125,0.0128279849054,1.57097506539e-18,0.000164557196733
energy,11,72.94546875,0.0132537387551,1.62311487432e-18,0.000175661590988
energy,11,73.25390625,0.0135574415248,1.6603077368e-18,0.000183804220698
energy,11,73.56234375,0.0137362964753,1.68221115106e-18,0.000188685840857
energy,11,73.87078125,0.0137886565664,1.68862341286e-18,0.000190127049906
energy,11,74.17921875,0.0137140396243,1.67948547293e-18,0.000188074882817
energy,11,74.48765625,0.0135131327818,1.65488148077e-18,0.000182604757579
energy,11,74.79609375,0.0131877861506,1.61503800972e-18,0.000173917703555
energy,11,75.10453125,0.012740995784,1.56032197049e-18,0.000162332973568
energy,11,75.41296875,0.0121768760868,1.49123723234e-18,0.000148276311234
energy,11,75.72140625,0.0115006219267,1.40841998307e-18,0.000132264304701
energy,11,76.02984375,0.0107184607955,1.3126328705e-18,0.000114885401825
energy,11,76.33828125,0.00983759546164,1.20475797934e-18,9.67782844668e-05
energy,11,76.64671875,0.00886613764116,1.0857887083e-18,7.8608396672e-05
energy,11,76.95515625,0.00781303329855,9.5682062207e-19,6.10434893243e-05
energy,11,77.26359375,0.0066879802651,8.19041362442e-19,4.47290800264e-05
energy,11,77.57203125,0.00550133893348,6.73719711591e-19,3.0264730061e-05
energy,11,77.88046875,0.0042640368509,5.2219390809e-19,1.81820102658e-05
energy,11,78.18890625,0.0029874680895,3.65859323336e-19,8.92496558578e-06
energy,11,78.49734375,0.00168338832056,2.0615561185e-19,2.8337962378e-06
energy,11,78.80578125,0.000363806558837,4.45534537789e-20,1.32355212253e-07
energy,11,79.11421875,-0.000959125426114,-1.17458988307e-19,9.19921583019e-07
energy,11,79.42265625,-0.00227322501318,-2.78389773614e-19,5.16755196056e-06
energy,11,79.73109375,-0.00356639091708,-4.36756922111e-19,1.27191441734e-05
energy,11,80.03953125,-0.00482671462669,-5.91102061798e-19,2.32971740875e-05
energy,11,80.34796875,-0.00604259006824,-7.40003858563e-19,3.65128947328e-05
energy,11,80.65640625,-0.00720282048332,-8.82091104973e-19,5.1880622915e-05
energy,11,80.96484375,-0.00829672153766,-1.01605534745e-18,6.88355882735e-05
energy,11,81.27328125,-0.00931421971105,-1.14066293557e-18,8.67546888258e-05
energy,11,81.58171875,-0.0102459450624,-1.2547663825e-18,0.000104979390223
energy,11,81.89015625,-0.0110833175159,-1.35731493197e-18,0.000122839927157
energy,11,82.19859375,-0.0118186258727,-1.44736423453e-18,0.000139679917518
energy,11,82.50703125,-0.0124450988224,-1.5240850438e-18,0.0001548804847
energy,11,82.81546875,-0.0129569672987,-1.5867708529e-18,0.00016788300158
energy,11,83.12390625,-0.0133495176051,-1.63484440052e-18,0.000178209620289
energy,11,83.43234375,-0.0136191348228,-1.66786298679e-18,0.000185480833323
energy,11,83.74078125,-0.0137633360999,-1.68552255003e-18,0.000189429420598
energy,11,84.04921875,-0.0137807935149,-1.68766046678e-18,0.000189910269901
energy,11,84.35765625,-0.0136713463061,-1.67425704938e-18,0.000186905709821
energy,11,84.66609375,-0.0134360023513,-1.64543572728e-18,0.000180526159183
energy,11,84.97453125,-0.0130769288867,-1.60146191038e-18,0.000171006069108
energy,11,85.28296875,-0.0125974325496,-1.54274054493e-18,0.000158695306841
energy,11,85.59140625,-0.0120019289275,-1.46981238446e-18,0.00014404629798
energy,11,85.89984375,-0.0112959018965,-1.38334901011e-18,0.000127597399656
energy,11,86.20828125,-0.0104858531211,-1.28414664611e-18,0.000109953115677
energy,11,86.51671875,-0.00957924218143,-1.17311882757e-18,9.17618807704e-05
energy,11,86.82515625,-0.00858441787983,-1.05128798791e-18,7.36922303355e-05
energy,11,87.13359375,-0.00751054135812,-9.19776043408e-19,5.6408231492e-05
energy,11,87.44203125,-0.00636750173449,-7.79794061771e-19,4.05450783388e-05
energy,11,87.75046875,-0.00516582503661,-6.32631109604e-19,2.66857483089e-05
energy,11,88.05890625,-0.00391657726943,-4.79642381662e-19,1.53395775074e-05
energy,11,88.36734375,-0.00263126251054,-3.22236721125e-19,6.92354239939e-06
energy,11,88.67578125,-0.00132171697142,-1.61863645842e-19,1.74693575253e-06
energy,12,-59.06578125,0.00237475077597,2.90823093657e-19,5.63944124798e-06
energy,12,-58.75734375,0.00482840536445,5.91309117457e-19,2.33134983635e-05
energy,12,-58.44890625,0.00744248924744,9.11442063456e-19,5.53906461982e-05
energy,12,-58.14046875,0.0103038583538,1.26185871519e-18,0.000106169496976
energy,12,-57.83203125,0.0135075849472,1.65420206697e-18,0.000182454851105
energy,12,-57.52359375,0.0171601165102,2.10150817572e-18,0.000294469598644
energy,12,-57.21515625,0.0213828125846,2.61863929885e-18,0.000457224674029
energy,12,-56.90671875,0.0263159770805,3.22277770981e-18,0.000692530649701
energy,12,-56.59828125,0.0321235200344,3.93399659874e-18,0.0010319205394
energy,12,-56.28984375,0.0389984037078,4.77592702726e-18,0.00152087549175
energy,12,-55.98140625,0.0471690539793,5.77654309746e-18,0.0022249196533
energy,12,-55.67296875,0.0557556033688,6.82809212001e-18,0.00310868730701
energy,12,-55.36453125,0.0626674534954,7.67454963339e-18,0.0039272097276
energy,12,-55.05609375,0.0689910726423,8.44896962811e-18,0.00475976810433
energy,12,-54.74765625,0.0746671038628,9.14408297472e-18,0.00557517639926
energy,12,-54.43921875,0.0796422688249,9.75336495932e-18,0.00634289098357
energy,12,-54.13078125,0.0838698679101,1.02710965281e-17,0.00703415474325
energy,12,-53.82234375,0.0873102185621,1.06924179695e-17,0.00762307426536
energy,12,-53.51390625,0.0899310277689,1.10133745301e-17,0.00808758975556
energy,12,-53.20546875,0.0917076951823,1.12309535362e-17,0.00841030135565
energy,12,-52.89703125,0.0926235440307,1.13431126723e-17,0.00857912090881
energy,12,-52.58859375,0.0926699776562,1.13487991514e-17,0.00858772475879
energy,12,-52.28015625,0.0918465602072,1.1247959597e-17,0.00843579062189
energy,12,-51.97171875,0.0901610207302,1.10415405445e-17,0.00812900965911
energy,12,-51.66328125,0.0876291806202,1.07314795558e-17,0.00767887329617
energy,12,-51.35484375,0.0842748051127,1.0320687033e-17,0.00710224277678
energy,12,-51.04640625,0.08012938021,9.81301889918e-18,0.00642071757284
energy,12,-50.73796875,0.0752318171367,9.21324040505e-18,0.00565982630969
energy,12,-50.42953125,0.0696280870974,8.52698139946e-18,0.00484807051284
energy,12,-50.12109375,0.0633707897658,7.76068348461e-18,0.00401585699554
energy,12,-49.81265625,0.0565186595557,6.9215395517e-18,0.00319435887797
energy,12,-49.50421875,0.0491360143074,6.01742626444e-18,0.00241434790201
energy,12,-49.19578125,0.0412921515653,5.05683012444e-18,0.00170504178089
energy,12,-48.88734375,0.0330606981136,4.04876781224e-18,0.00109300975976
energy,12,-48.57890625,0.0245189188746,3.00270155184e-18,0.000601177382782
energy,12,-48.27046875,0.0157469916582,1.92845029305e-18,0.000247967746285
energy,12,-47.96203125,0.00544602662421,6.66945907341e-19,2.96592059916e-05
energy,12,-47.65359375,-0.00605521588687,-7.415500754e-19,3.66656394366e-05
energy,12,-47.34515625,-0.0177576498762,-2.17468490812e-18,0.000315334129125
energy,12,-47.03671875,-0.0300501021068,-3.68007613592e-18,0.000903008636631
energy,12,-46.72828125,-0.0433410033733,-5.3077421053e-18,0.0018784425734
energy,12,-46.41984375,-0.0580719590821,-7.111763881e-18,0.00337235243163
energy,12,-46.11140625,-0.0747324220966,-9.15208215131e-18,0.00558493491242
energy,12,-45.80296875,-0.0916125461643,-1.12193011422e-17,0.00839285861471
energy,12,-45.49453125,-0.105369335583,-1.2904021955e-17,0.0111026968813
energy,12,-45.18609375,-0.118137070811,-1.4467618563e-17,0.0139563674999
energy,12,-44.87765625,-0.129795906905,-1.58954141934e-17,0.0168469774494
energy,12,-44.56921875,-0.140236407656,-1.7174006776e-17,0.0196662500322
energy,12,-44.26078125,-0.149360572815,-1.82913947416e-17,0.0223085807115
energy,12,-43.95234375,-0.157082757979,-1.92370896761e-17,0.0246749928544
energy,12,-43.64390625,-0.163330478498,-2.00022147696e-17,0.0266768452063
energy,12,-43.33546875,-0.16804508985,-2.05795881397e-17,0.0282391522227
energy,12,-43.02703125,-0.171182338116,-2.09637902444e-17,0.0293033928828
energy,12,-42.71859375,-0.172712775368,-2.11512147527e-17,0.0298297027754
energy,12,-42.41015625,-0.172622036086,-2.11401023955e-17,0.0297983673426
energy,12,-42.10171875,-0.170910971998,-2.09305574797e-17,0.0292105603495
energy,12,-41.79328125,-0.167595644088,-2.05245469083e-17,0.0280882999172
energy,12,-41.48484375,-0.162707171835,-1.99258817185e-17,0.0264736237664
energy,12,-41.17640625,-0.156291441112,-1.91401813092e-17,0.0244270145648
energy,12,-40.86796875,-0.148408673476,-1.81748206938e-17,0.0220251343629
energy,12,-40.55953125,-0.139132860894,-1.7038861275e-17,0.0193579529805
energy,12,-40.25109375,-0.128551071213,-1.57429657888e-17,0.01652537791
energy,12,-39.94265625,-0.116762630897,-1.42992982188e-17,0.0136335119739
energy,12,-39.63421875,-0.103878192691,-1.2721409618e-17,0.0107906789168
energy,12,-39.32578125,-0.090018696977,-1.10241109116e-17,0.00810336580544
energy,12,-39.01734375,-0.0753142365585,-9.22333387316e-18,0.00567223422839
energy,12,-38.70890625,-0.0599028355402,-7.33598158041e-18,0.00358834970575
energy,12,-38.40046875,-0.0439291537577,-5.37976975386e-18,0.00192977054987
energy,12,-38.09203125,-0.0275431289213,-3.3730604672e-18,0.000758623950774
energy,12,-37.78359375,-0.0108985692186,-1.33468979088e-18,0.000118778811012
energy,12,-37.47515625,0.00584829041326,7.16209013509e-19,3.42025007579e-05
energy,12,-37.16671875,0.0225402547939,2.76038508853e-18,0.000508063086175
energy,12,-36.85828125,0.03902064402,4.77865067997e-18,0.00152261065973
energy,12,-36.54984375,0.0551347641481,6.75206124357e-18,0.00303984221766
energy,12,-36.24140625,0.0707313592368,8.66209326887e-18,0.00500292517949
energy,12,-35.93296875,0.0856640311179,1.04908181511e-17,0.00733832622736
energy,12,-35.62453125,0.099792613569,1.22210704786e-17,0.00995856572293
energy,12,-35.31609375,0.112984487991,1.38366091571e-17,0.0127654945266
energy,12,-35.00765625,0.125115828238,1.53222698575e-17,0.0156539704758
energy,12,-34.69921875,0.136072762919,1.6664107356e-17,0.0185157968084
energy,12,-34.39078125,0.145752444254,1.78495264323e-17,0.021243775006
energy,12,-34.08234375,0.154064013462,1.8867400095e-17,0.023735720244
energy,12,-33.77390625,0.16092945361,1.97081740252e-17,0.0258982890393
energy,12,-33.46546875,0.166284321925,2.03639562593e-17,0.0276504757179
energy,12,-33.15703125,0.170078354683,2.08285912667e-17,0.0289266467317
energy,12,-32.84859375,0.17227593902,2.10977177291e-17,0.0296789991652
energy,12,-32.54015625,0.172856447207,2.11688094784e-17,0.0298793513411
energy,12,-32.23171875,0.171814430278,2.10411992087e-17,0.0295201984517
energy,12,-31.92328125,0.169159669172,2.07160847397e-17,0.0286149936745
energy,12,-31.61484375,0.16491708293,2.01965177734e-17,0.027197644242
energy,12,-31.30640625,0.159126494784,1.94873752497e-17,0.0253212413422
energy,12,-30.99796875,0.151842258361,1.85953135677e-17,0.0230560714242
energy,12,-30.68953125,0.143132747487,1.75287061063e-17,0.0204869834031
energy,12,-30.38109375,0.133079714392,1.62975646261e-17,0.0177102103826
energy,12,-30.07265625,0.121777522341,1.49134452943e-17,0.0148297649474
energy,12,-29.76421875,0.109332259887,1.33893402114e-17,0.0119535430521
energy,12,-29.45578125,0.0937746709459,1.14840850615e-17,0.00879368891102
energy,12,-29.14734375,0.0792467786519,9.70493138188e-18,0.00628005192671
energy,12,-28.83890625,0.0673519512792,8.24823515504e-18,0.00453628534111
energy,12,-28.53046875,0.0576949695742,7.06559598159e-18,0.00332870951416
energy,12,-28.22203125,0.049954969267,6.11771932144e-18,0.00249549895447
energy,12,-27.91359375,0.0438747799889,5.37311088767e-18,0.00192499631908
energy,12,-27.60515625,0.039252380492,4.80703021285e-18,0.00154074937429
energy,12,-27.29671875,0.0359341862626,4.40066861865e-18,0.00129126574236
energy,12,-26.98828125,0.0338099464996,4.14052427601e-18,0.00114311248231
energy,12,-26.67984375,0.0328090809057,4.01795359141e-18,0.00107643578988
energy,12,-26.37140625,0.0328983345759,4.02888401357e-18,0.00108230041787
energy,12,-26.06296875,0.033940880908,4.15655911642e-18,0.00115198339681
energy,12,-25.75453125,0.0345250474183,4.22809888112e-18,0.00119197889924
energy,12,-25.44609375,0.0347851429581,4.25995139815e-18,0.00121000617062
energy,12,-25.13765625,0.0347187261286,4.25181768238e-18,0.00120538994399
energy,12,-24.82921875,0.0343264203543,4.20377408131e-18,0.00117830313434
energy,12,-24.52078125,0.0336119080318,4.11627155844e-18,0.00112976036154
energy,12,-24.21234375,0.0325818959644,3.99013146029e-18,0.00106157994463
energy,12,-23.90390625,0.0312460524084,3.82653780679e-18,0.000976315791109
energy,12,-23.59546875,0.0296169163218,3.62702617741e-18,0.000877161732414
energy,12,-23.28703125,0.0277097796666,3.39346929738e-18,0.000767831889172
energy,12,-22.97859375,0.0255425438701,3.12805945926e-18,0.000652421547356
energy,12,-22.67015625,0.0231355517923,2.83328794489e-18,0.000535253756734
energy,12,-22.36171875,0.0205113967768,2.51192164088e-18,0.000420717397736
energy,12,-22.05328125,0.0176947105773,2.16697706703e-18,0.000313102782414
energy,12,-21.74484375,0.0147119321503,1.80169206172e-18,0.000216440947595
energy,12,-21.43640625,0.0115910594849,1.4194953897e-18,0.000134352659983
energy,12,-21.12796875,0.00836138679821,1.02397455789e-18,6.99127891894e-05
energy,12,-20.81953125,0.00505322956371,6.18842141055e-19,2.55351290235e-05
energy,12,-20.51109375,0.00169763995384,2.07900933557e-19,2.88198141287e-06
energy,12,-20.20265625,-0.00167388463276,-2.04991745766e-19,2.80188976381e-06
energy,12,-19.89421875,-0.00502969722307,-6.15960260491e-19,2.52978541557e-05
energy,12,-19.58578125,-0.00833829832542,-1.02114703546e-18,6.95272189637e-05
energy,12,-19.27734375,-0.011568631601,-1.41674876607e-18,0.00013383323712
energy,12,-18.96890625,-0.0146903753756,-1.79905211821e-18,0.000215807128677
energy,12,-18.66046875,-0.0176742272556,-2.16446858359e-18,0.000312378309081
energy,12,-18.35203125,-0.0209285411334,-2.56300709099e-18,0.000438003833974
energy,12,-18.04359375,-0.0253145917017,-3.10014336992e-18,0.000640828553022
energy,12,-17.73515625,-0.0305417485525,-3.74028546052e-18,0.000932798404647
energy,12,-17.42671875,-0.0367836899551,-4.50470281644e-18,0.00135303984671
energy,12,-17.11828125,-0.0442478115566,-5.41879407921e-18,0.00195786882755
energy,12,-16.80984375,-0.0531821173401,-6.51293097724e-18,0.00282833760477
energy,12,-16.50140625,-0.0638834598409,-7.82346746126e-18,0.00408109644124
energy,12,-16.19296875,-0.0751911821632,-9.20826405603e-18,0.0056537138751
energy,12,-15.88453125,-0.0842768976932,-1.03209433002e-17,0.00710259548478
energy,12,-15.57609375,-0.0925715441859,-1.13367445279e-17,0.00856949079296
energy,12,-15.26765625,-0.0999972635546,-1.22461328736e-17,0.00999945271841
energy,12,-14.95921875,-0.106484353938,-1.30405723209e-17,0.0113389176335
energy,12,-14.65078125,-0.111971923958,-1.37126058269e-17,0.0125377117548
energy,12,-14.34234375,-0.116408464283,-1.42559253178e-17,0.0135509305567
energy,12,-14.03390625,-0.11975233112,-1.46654308997e-17,0.0143406208087
energy,12,-13.72546875,-0.121972137107,-1.49372787293e-17,0.0148772022304
energy,12,-13.41703125,-0.123047045931,-1.50689170943e-17,0.0151405755122
energy,12,-13.10859375,-0.12296696791,-1.50591103651e-17,0.0151208751969
energy,12,-12.80015625,-0.1217326547,-1.4907950593e-17,0.0148188392203
energy,12,-12.49171875,-0.11935569224,-1.46168566462e-17,0.0142457812701
energy,12,-12.18328125,-0.115858391999,-1.41885608916e-17,0.0134231669966
energy,12,-11.87484375,-0.111273581549,-1.36270835474e-17,0.0123818099508
energy,12,-11.56640625,-0.105644296428,-1.29376949469e-17,0.0111607173678
energy,12,-11.25796875,-0.0990233761833,-1.21268660684e-17,0.00980562903074
energy,12,-10.94953125,-0.091472968392,-1.1202207795e-17,0.00836730394645
energy,12,-10.64109375,-0.0830639453097,-1.01723994748e-17,0.00689961901041
energy,12,-10.33265625,-0.0738752386244,-9.04710745176e-18,0.00545755088181
energy,12,-10.02421875,-0.0639930985606,-7.83689433198e-18,0.00409511666339
energy,12,-9.71578125,-0.0535102842877,-6.55311983744e-18,0.00286335052455
energy,12,-9.40734375,-0.0425251932316,-5.20783417742e-18,0.00180839205938
energy,12,-9.09890625,-0.0311409374626,-3.8136649386e-18,0.00096975798605
energy,12,-8.79046875,-0.0194643758294,-2.38369855568e-18,0.000378861926427
energy,12,-8.48203125,-0.00760511092313,-9.31357474917e-19,5.78377121531e-05
energy,12,-8.17359375,0.00432553971207,5.29725836298e-19,1.87102938007e-05
energy,12,-7.86515625,0.0162155884667,1.9858368512e-18,0.000262945309321
energy,12,-7.55671875,0.0279534288427,3.42330771574e-18,0.000781394184062
energy,12,-7.24828125,0.0394288830529,4.82864554247e-18,0.0015546368188
energy,12,-6.93984375,0.0505342362105,6.18865906225e-18,0.00255370902938
energy,12,-6.63140625,0.0611652473991,7.49058244464e-18,0.0037411874894
energy,12,-6.32296875,0.0712221281357,8.72219512498e-18,0.00507259153617
energy,12,-6.01453125,0.0806104790393,9.87193651332e-18,0.00649804933095
energy,12,-5.70609375,0.0892421759157,1.09290145084e-17,0.00796416596217
energy,12,-5.39765625,0.0970361969388,1.18835067983e-17,0.00941602351635
energy,12,-5.08921875,0.103919383166,1.27264539964e-17,0.0107992381977
energy,12,-4.78078125,0.109827125249,1.34499437396e-17,0.0120619974405
energy,12,-4.47234375,0.11470396989,1.40471849575e-17,0.0131570007085
energy,12,-4.16390625,0.118504140359,1.45125716177e-17,0.0140432312823
energy,12,-3.85546875,0.121191966179,1.48417353463e-17,0.0146874926663
energy,12,-3.54703125,0.122742217947,1.50315864328e-17,0.0150656520664
energy,12,-3.23859375,0.123140344151,1.50803428311e-17,0.0151635443577
energy,12,-2.93015625,0.122382607763,1.49875468869e-17,0.014977502683
energy,12,-2.62171875,0.12047612131,1.47540696336e-17,0.014514495806
energy,12,-2.31328125,0.117438780117,1.43821026166e-17,0.0137918670753
energy,12,-2.00484375,0.113299094327,1.38751373214e-17,0.0128366847753
energy,12,-1.69640625,0.108095921296,1.32379324016e-17,0.0116847282008
energy,12,-1.38796875,0.10187810085,1.24764690109e-17,0.0103791474327
energy,12,-1.07953125,0.0947039968504,1.15978946609e-17,0.00896884701944
energy,12,-0.77109375,0.0866409493606,1.0610456131e-17,0.00750665410611
energy,12,-0.46265625,0.0777646425522,9.52342205884e-18,0.00604733963128
energy,12,-0.15421875,0.0681583942937,8.34699594068e-18,0.0046455667127
energy,12,0.15421875,0.0563257702072,6.89791741937e-18,0.00317259238943
energy,12,0.46265625,0.0447780304266,5.48372716341e-18,0.00200507200888
energy,12,0.77109375,0.0347180919568,4.25174001874e-18,0.00120534590912
energy,12,1.07953125,0.0258117018283,3.16102180246e-18,0.000666243951275
energy,12,1.38796875,0.0177629350354,2.17533215346e-18,0.000315521861072
energy,12,1.69640625,0.0103043620893,1.26192040499e-18,0.000106179878068
energy,12,2.00484375,0.0031881633673,3.90437406292e-19,1.01643856566e-05
energy,12,2.31328125,-0.00382210497788,-4.68072862716e-19,1.46084864619e-05
energy,12,2.62171875,-0.0109593671355,-1.34213538831e-18,0.00012010772801
energy,12,2.93015625,-0.0184607668095,-2.2607918983e-18,0.000340799911194
energy,12,3.23859375,-0.0265755465897,-3.25456580667e-18,0.000706259676542
energy,12,3.54703125,-0.0345094889134,-4.2261935138e-18,0.00119090482507
energy,12,3.85546875,-0.0410556658988,-5.02786898299e-18,0.0016855677024
energy,12,4.16390625,-0.0472164719583,-5.78235012508e-18,0.00222939522419
energy,12,4.47234375,-0.0529340783981,-6.4825549676e-18,0.00280201665585
energy,12,4.78078125,-0.0581548166381,-7.12191100508e-18,0.00338198269821
energy,12,5.08921875,-0.062829681975,-7.69441689221e-18,0.00394756893708
energy,12,5.39765625,-0.0669147935669,-8.19469877573e-18,0.0044775895981
energy,12,5.70609375,-0.070371806323,-8.61806073637e-18,0.00495219112517
energy,12,6.01453125,-0.0731682708317,-8.96052886732e-18,0.0053535958565
energy,12,6.32296875,-0.0752779379481,-9.21888857545e-18,0.00566676794171
energy,12,6.63140625,-0.0766810051833,-9.39071475531e-18,0.00587997655592
energy,12,6.93984375,-0.0773643025811,-9.47439455242e-18,0.00598523531386
energy,12,7.24828125,-0.0773214163387,-9.46914250247e-18,0.00597860142462
energy,12,7.55671875,-0.0765527490097,-9.37500790406e-18,0.00586032338094
energy,12,7.86515625,-0.0750655157259,-9.192874356e-18,0.00563483165119
energy,12,8.17359375,-0.072873676472,-8.92445146335e-18,0.00531057272255
energy,12,8.48203125,-0.0699978050496,-8.57225879013e-18,0.00489969271176
energy,12,8.79046875,-0.0664648959601,-8.13960220932e-18,0.00441758239499
energy,12,9.09890625,-0.0623081110198,-7.63054287213e-18,0.00388230069885
energy,12,9.40734375,-0.0575664680846,-7.0498590878e-18,0.00331389824773
energy,12,9.71578125,-0.0522844748074,-6.4030014718e-18,0.00273366630589
energy,12,10.02421875,-0.0465117108651,-5.69604178338e-18,0.00216333924759
energy,12,10.33265625,-0.0403023625758,-4.93561593265e-18,0.00162428042919
energy,12,10.64109375,-0.0337147142775,-4.12886169241e-18,0.00113668195881
energy,12,10.94953125,-0.0268106012386,-3.28335169901e-18,0.000718808338777
energy,12,11.25796875,-0.0185467526045,-2.27132212116e-18,0.000343982032171
energy,12,11.56640625,-0.00979106441862,-1.19905957005e-18,9.58649424495e-05
energy,12,11.87484375,-0.00136069555428,-1.66637145516e-19,1.85149239143e-06
energy,12,12.18328125,0.00702446264291,8.60248569137e-19,4.93430754216e-05
energy,12,12.49171875,0.0156430166511,1.91571702708e-18,0.000244703969948
energy,12,12.80015625,0.0247813277915,3.03483737585e-18,0.000614114207111
energy,12,13.10859375,0.0347430269108,4.25479366991e-18,0.00120707791893
energy,12,13.41703125,0.0445448089833,5.45516577401e-18,0.00198424000736
energy,12,13.72546875,0.0526141752449,6.44337813034e-18,0.0027682514367
energy,12,14.03390625,0.0601896760926,7.37110941685e-18,0.00362279710813
energy,12,14.34234375,0.0672002037339,8.22965144047e-18,0.00451586738187
energy,12,14.65078125,0.0735799535235,9.0109454564e-18,0.00541400956052
energy,12,14.95921875,0.0792690416421,9.70765781184e-18,0.00628358096285
energy,12,15.26765625,0.0842140671982,1.03132487837e-17,0.00709200911406
energy,12,15.57609375,0.0883686134784,1.08220339641e-17,0.0078090118481
energy,12,15.88453125,0.0916936836401,1.12292376172e-17,0.00840773161948
energy,12,16.19296875,0.0941580667567,1.15310375067e-17,0.00886574153536
energy,12,16.50140625,0.0957386307811,1.17246007741e-17,0.00916588542384
energy,12,16.80984375,0.0964205396752,1.18081105285e-17,0.00929692047125
energy,12,17.11828125,0.0961973926693,1.17807829019e-17,0.00925393835637
energy,12,17.42671875,0.0950712843432,1.16428744062e-17,0.00903854910666
energy,12,17.73515625,0.0930527849653,1.13956795259e-17,0.00865882078979
energy,12,18.04359375,0.0901608412743,1.10415185675e-17,0.00812897729929
energy,12,18.35203125,0.0864225986348,1.05837158792e-17,0.00746886555479
energy,12,18.66046875,0.0818731462359,1.00265686474e-17,0.00670321207457
energy,12,18.96890625,0.0765551877252,9.37530656058e-18,0.00586069676764
energy,12,19.27734375,0.0705186403685,8.63604272075e-18,0.00497287863943
energy,12,19.58578125,0.0638201664997,7.8157162625e-18,0.00407301365206
energy,12,19.89421875,0.0565226416567,6.92202721843e-18,0.00319480901985
energy,12,20.20265625,0.0486945643973,5.9633642425e-18,0.00237116060184
energy,12,20.51109375,0.0404094133344,4.94872586954e-18,0.00163292068603
energy,12,20.81953125,0.0317449574255,3.88763605002e-18,0.00100774232194
energy,12,21.12796875,0.0227825259907,2.7900547531e-18,0.000519043490516
energy,12,21.43640625,0.0136062453114,1.6662844769e-18,0.000185129911473
energy,12,21.74484375,0.00430224897485,5.26873543618e-19,1.85093462416e-05
energy,12,22.05328125,-0.00504213062267,-6.17482912793e-19,2.5423081216e-05
energy,12,22.36171875,-0.0143391820255,-1.756043337e-18,0.000205612141162
energy,12,22.67015625,-0.0235016380265,-2.87812057839e-18,0.000552326989928
energy,12,22.97859375,-0.0324434948042,-3.97318220651e-18,0.00105258035511
energy,12,23.28703125,-0.0410808192023,-5.03094937425e-18,0.00168763370633
energy,12,23.59546875,-0.0493325365719,-6.04149330066e-18,0.00243369916462
energy,12,23.90390625,-0.0571211917823,-6.99532846797e-18,0.00326283055063
energy,12,24.21234375,-0.0643736762576,-7.88350165783e-18,0.00414397019492
energy,12,24.52078125,-0.0710219142135,-8.69767599109e-18,0.00504411229855
energy,12,24.82921875,-0.0770035016538,-9.43020918235e-18,0.00592953926695
energy,12,25.13765625,-0.0822622921286,-1.00742252746e-17,0.00676708470625
energy,12,25.44609375,-0.0867489237554,-1.06236791806e-17,0.00752537577272
energy,12,25.75453125,-0.0904212825568,-1.10734134258e-17,0.00817600833922
energy,12,26.06296875,-0.0932448977654,-1.14192065585e-17,0.00869461095929
energy,12,26.37140625,-0.0951932653852,-1.16578127754e-17,0.0090617577747
energy,12,26.67984375,-0.0962480969725,-1.17869923881e-17,0.00926369617082
energy,12,26.98828125,-0.0963994913012,-1.18055328461e-17,0.00929286192313
energy,12,27.29671875,-0.0956460273015,-1.17132601186e-17,0.00914816253856
energy,12,27.60515625,-0.0939947773984,-1.15110403277e-17,0.00883501817817
energy,12,27.91359375,-0.0914612411262,-1.12007716191e-17,0.00836515862834
energy,12,28.22203125,-0.0880691996415,-1.07853663444e-17,0.00775618392549
energy,12,28.53046875,-0.0838504925002,-1.02687237247e-17,0.00703090509252
energy,12,28.83890625,-0.0788447187939,-9.65569325006e-18,0.00621648968169
energy,12,29.14734375,-0.0730988654514,-8.95202915963e-18,0.00534344413028
energy,12,29.45578125,-0.0666668661935,-8.1643364293e-18,0.00444447104806
energy,12,29.76421875,-0.058516194189,-7.16616699118e-18,0.00342414498236
energy,12,30.07265625,-0.0512168886174,-6.27225987076e-18,0.00262316967964
energy,12,30.38109375,-0.0456193227895,-5.58675576335e-18,0.00208112261177
energy,12,30.68953125,-0.0415375111741,-5.0868780104e-18,0.00172536483454
energy,12,30.99796875,-0.0388358309086,-4.75601760144e-18,0.00150822176236
energy,12,31.30640625,-0.0374245155738,-4.58318132071e-18,0.00140059436593
energy,12,31.61484375,-0.0372566726026,-4.56262648496e-18,0.00138805965341
energy,12,31.92328125,-0.03832672522,-4.69367013625e-18,0.00146893786609
energy,12,32.23171875,-0.0406702271491,-4.98066634987e-18,0.00165406737636
energy,12,32.54015625,-0.0443650439236,-5.43315090351e-18,0.00196825712234
energy,12,32.84859375,-0.0495339400597,-6.06615811433e-18,0.00245361121784
energy,12,33.15703125,-0.0555429292826,-6.80204705612e-18,0.00308501699329
energy,12,33.46546875,-0.0602248334401,-7.37541495016e-18,0.00362703056288
energy,12,33.77390625,-0.064341434385,-7.87955316722e-18,0.00413982017872
energy,12,34.08234375,-0.0678540914504,-8.30972959038e-18,0.00460417772656
energy,12,34.39078125,-0.0707298329166,-8.66190634855e-18,0.00500270926441
energy,12,34.69921875,-0.0729416655019,-8.93277771813e-18,0.00532048656619
energy,12,35.00765625,-0.0744688277364,-9.11980115237e-18,0.00554560630444
energy,12,35.31609375,-0.0752969848406,-9.22122114705e-18,0.00566963592608
energy,12,35.62453125,-0.075418363279,-9.23608571866e-18,0.00568792951968
energy,12,35.93296875,-0.0748318237273,-9.1642553402e-18,0.00559980184235
energy,12,36.24140625,-0.0735428717664,-9.00640425088e-18,0.00540855398765
energy,12,36.54984375,-0.071563606204,-8.76401412732e-18,0.00512134973292
energy,12,36.85828125,-0.0689126055089,-8.43936017574e-18,0.00474894719803
energy,12,37.16671875,-0.0656147534229,-8.03548977562e-18,0.00430529586675
energy,12,37.47515625,-0.0617010053887,-7.55619387534e-18,0.00380701406597
energy,12,37.78359375,-0.0572080979849,-7.00597140826e-18,0.00327276647505
energy,12,38.09203125,-0.052178204097,-6.38998706326e-18,0.00272256498279
energy,12,38.40046875,-0.0466585370587,-5.71402280619e-18,0.00217701908046
energy,12,38.70890625,-0.0407009074827,-4.98442360711e-18,0.00165656386992
energy,12,39.01734375,-0.0343612369373,-4.20803788299e-18,0.00118069460386
energy,12,39.32578125,-0.0276990330361,-3.39215321471e-18,0.000767236431133
energy,12,39.63421875,-0.0207768308673,-2.54442794181e-18,0.000431676700889
energy,12,39.94265625,-0.013659606005,-1.67281927717e-18,0.000186584836213
energy,12,40.25109375,-0.00641416461287,-7.85508616235e-19,4.1141507681e-05
energy,12,40.55953125,0.00089148363508,1.09175258019e-19,7.94743071615e-07
energy,12,40.86796875,0.00931875322968,1.14121813148e-18,8.68391617556e-05
energy,12,41.17640625,0.0191856383654,2.34956306138e-18,0.000368088719487
energy,12,41.48484375,0.0296899882944,3.63597491314e-18,0.00088149540492
energy,12,41.79328125,0.0411808220656,5.04319619289e-18,0.001695860106
energy,12,42.10171875,0.0540399357827,6.61798343825e-18,0.0029203146594
energy,12,42.41015625,0.0686945882168,8.41266075784e-18,0.00471894645027
energy,12,42.71859375,0.0856316969675,1.04868583597e-17,0.00733278752553
energy,12,43.02703125,0.1030750816,1.26230568754e-17,0.0106244724469
energy,12,43.33546875,0.117212011907,1.43543315204e-17,0.0137386557353
energy,12,43.64390625,0.130248726188,1.59508685619e-17,0.0169647306737
energy,12,43.95234375,0.142062854716,1.73976820306e-17,0.0201818546902
energy,12,44.26078125,0.152543503622,1.86811913442e-17,0.0232695204974
energy,12,44.56921875,0.161592295805,1.97893487825e-17,0.0261120700637
energy,12,44.87765625,0.169124294355,2.0711752574e-17,0.0286030269411
energy,12,45.18609375,0.175068799815,2.14397445324e-17,0.0306490846686
energy,12,45.49453125,0.179370013807,2.19664913271e-17,0.032173601853
energy,12,45.80296875,0.181987562785,2.22870486249e-17,0.0331194730084
energy,12,46.11140625,0.182896877003,2.23984074996e-17,0.0334512676175
energy,12,46.41984375,0.182089421141,2.22995226759e-17,0.0331565572916
energy,12,46.72828125,0.179572774422,2.19913223409e-17,0.0322463813135
energy,12,47.03671875,0.175370559466,2.14766994315e-17,0.0307548331274
energy,12,47.34515625,0.169522220561,2.07604844795e-17,0.028737783264
energy,12,47.65359375,0.162082653414,1.98494002701e-17,0.0262707865377
energy,12,47.96203125,0.153121689869,1.87519987378e-17,0.0234462519083
energy,12,48.27046875,0.142723442428,1.74785806933e-17,0.0203699810186
energy,12,48.57890625,0.130985514728,1.60410991347e-17,0.0171572050686
energy,12,48.88734375,0.118018085375,1.44530470496e-17,0.0139282684756
energy,12,49.19578125,0.10394287375,1.27293307632e-17,0.0108041210034
energy,12,49.50421875,0.0888919974852,1.0886130019e-17,0.0079017872169
energy,12,49.81265625,0.0730067323331,8.94074610679e-18,0.00532998296596
energy,12,50.12109375,0.0564361860775,6.91143946358e-18,0.00318504309897
energy,12,50.42953125,0.0393358989247,4.81725827098e-18,0.00154731294422
energy,12,50.73796875,0.0218663835192,2.67785965857e-18,0.000478138728208
energy,12,51.04640625,0.00419161828322,5.13325191379e-19,1.75696638322e-05
energy,12,51.35484375,-0.0135224917736,-1.6560276267e-18,0.000182857783766
energy,12,51.66328125,-0.0311096723296,-3.8098360641e-18,0.000967811712457
energy,12,51.97171875,-0.0484048404931,-5.92788329731e-18,0.00234302858316
energy,12,52.28015625,-0.0652456543599,-7.99028817702e-18,0.00425699541286
energy,12,52.58859375,-0.0814740368442,-9.97769184348e-18,0.00663801867969
energy,12,52.89703125,-0.0969376594755,-1.18714394393e-17,0.00939690982459
energy,12,53.20546875,-0.111491372238,-1.36537552143e-17,0.0124303260834
energy,12,53.51390625,-0.124998566026,-1.53079093782e-17,0.0156246415085
energy,12,53.82234375,-0.137332454935,-1.68183751355e-17,0.0188602031784
energy,12,54.13078125,-0.14837726634,-1.81709744289e-17,0.0220158131665
energy,12,54.43921875,-0.158029327603,-1.9353011022e-17,0.0249732683827
energy,12,54.74765625,-0.1661980392,-2.03533896731e-17,0.027621788234
energy,12,55.05609375,-0.172806725138,-2.11627202812e-17,0.029862164253
energy,12,55.36453125,-0.177793352678,-2.17734060267e-17,0.0316104762565
energy,12,55.67296875,-0.181111114607,-2.21797146794e-17,0.0328012358343
energy,12,55.98140625,-0.182728868599,-2.23778324041e-17,0.0333898394194
energy,12,56.28984375,-0.182631429529,-2.23658995596e-17,0.0333542390517
energy,12,56.59828125,-0.180819712014,-2.2144028154e-17,0.0326957682527
energy,12,56.90671875,-0.177310721825,-2.17143007937e-17,0.031439092074
energy,12,57.21515625,-0.172137396262,-2.10807511346e-17,0.0296312831919
energy,12,57.52359375,-0.165348294988,-2.02493260202e-17,0.0273400586555
energy,12,57.83203125,-0.157007144219,-1.92278296611e-17,0.0246512433358
energy,12,58.14046875,-0.147192238556,-1.80258503807e-17,0.0216655550911
energy,12,58.44890625,-0.135995706069,-1.66546706136e-17,0.0184948320693
energy,12,58.75734375,-0.123522643535,-1.51271610027e-17,0.0152578434658
energy,12,59.06578125,-0.109890129936,-1.34576595884e-17,0.0120758406574
energy,12,59.37421875,-0.0929553957787,-1.13837527904e-17,0.00864070560438
energy,12,59.68265625,-0.0768384793159,-9.40999977456e-18,0.00590415190359
energy,12,59.99109375,-0.0632746092726,-7.74890477129e-18,0.0040036761786
energy,12,60.29953125,-0.0518131105421,-6.34527599793e-18,0.00268459842405
energy,12,60.60796875,-0.0420731617112,-5.15247628197e-18,0.00177015093638
energy,12,60.91640625,-0.0337311418323,-4.13087348766e-18,0.00113778992931
energy,12,61.22484375,-0.0265098777472,-3.24652369289e-18,0.000702773618171
energy,12,61.53328125,-0.0201694346916,-2.47004336357e-18,0.000406806095779
energy,12,61.84171875,-0.0144991441882,-1.77563305205e-18,0.000210225182192
energy,12,62.15015625,-0.00931060434528,-1.14022018096e-18,8.66873532743e-05
energy,12,62.45859375,-0.00443141998797,-5.42692430394e-19,1.96374831098e-05
energy,12,62.76703125,-0.000258949652426,-3.17121862984e-20,6.70549224916e-08
energy,12,63.07546875,0.00335647630537,4.11049796378e-19,1.12659331885e-05
energy,12,63.38390625,0.00694039654152,8.49953440939e-19,4.81691041535e-05
energy,12,63.69234375,0.0104591704213,1.28087895782e-18,0.000109394245902
energy,12,64.00078125,0.0138797688093,1.69978144453e-18,0.000192647982201
energy,12,64.30921875,0.017170084099,2.1027288533e-18,0.000294811787968
energy,12,64.61765625,0.0202992315922,2.48593889946e-18,0.000412058803235
energy,12,64.92609375,0.0232378393998,2.84581456401e-18,0.000539997179971
energy,12,65.23453125,0.0259583241423,3.17897785721e-18,0.000673834592275
energy,12,65.54296875,0.0284351498625,3.48230152624e-18,0.000808557747704
energy,12,65.85140625,0.0306450677202,3.75293840932e-18,0.000939120175577
energy,12,66.15984375,0.0325673342182,3.98834816071e-18,0.00106063125808
energy,12,66.46828125,0.0341839059121,4.18632109576e-18,0.00116853942341
energy,12,66.77671875,0.0354796087762,4.34499893228e-18,0.00125880263892
energy,12,67.08515625,0.0364422806352,4.46289223335e-18,0.00132803981789
energy,12,67.39359375,0.0370628853245,4.53889438798e-18,0.00137365746858
energy,12,67.70203125,0.0373355975093,4.5722919984e-18,0.00139394684138
energy,12,68.01046875,0.037257857364,4.56277157639e-18,0.00138814793535
energy,12,68.31890625,0.0368303945999,4.51042248582e-18,0.00135647796639
energy,12,68.62734375,0.0360572216165,4.41573610387e-18,0.0013001232307
energy,12,68.93578125,0.0349455958378,4.27960120871e-18,0.00122119466846
energy,12,69.24421875,0.0335059515914,4.10329563688e-18,0.00112264879204
energy,12,69.55265625,0.0317518021651,3.88847428886e-18,0.00100817694073
energy,12,69.86109375,0.0296996129644,3.63715359528e-18,0.000882067010238
energy,12,70.16953125,0.0273686469593,3.35169258957e-18,0.000749042836382
energy,12,70.47796875,0.0243800513404,2.98569518371e-18,0.000594386903362
energy,12,70.78640625,0.0218007783007,2.66982533648e-18,0.000475273934514
energy,12,71.09484375,0.0199458610716,2.44266349176e-18,0.000397837373888
energy,12,71.40328125,0.0187536679054,2.29666193726e-18,0.000351700059905
energy,12,71.71171875,0.0181845868195,2.22696960423e-18,0.000330679197794
energy,12,72.02015625,0.0182197094435,2.23127088514e-18,0.000331957812205
energy,12,72.32859375,0.0188602027668,2.30970869496e-18,0.000355707248405
energy,12,72.63703125,0.0199775287577,2.4465416648e-18,0.000399101655265
energy,12,72.94546875,0.0207575155862,2.54206250209e-18,0.00043087445331
energy,12,73.25390625,0.0213426610249,2.61372215094e-18,0.000455509179624
energy,12,73.56234375,0.0217274725789,2.66084797473e-18,0.000472083064666
energy,12,73.87078125,0.0219083381965,2.6829976247e-18,0.000479975282531
energy,12,74.17921875,0.0218835601741,2.67996319212e-18,0.000478890205896
energy,12,74.48765625,0.0216533710919,2.65177315985e-18,0.000468868479645
energy,12,74.79609375,0.0212199316304,2.59869213493e-18,0.0004502854984
energy,12,75.10453125,0.0205873102894,2.52121836489e-18,0.000423837344951
energy,12,75.41296875,0.0197614451985,2.42007906089e-18,0.000390514716334
energy,12,75.72140625,0.0187500883792,2.29622357173e-18,0.000351565814227
energy,12,76.02984375,0.0175627329793,2.15081447274e-18,0.000308449589703
energy,12,76.33828125,0.0162105241659,1.98521665323e-18,0.000262781093733
energy,12,76.64671875,0.0147061545101,1.80098450486e-18,0.000216270980476
energy,12,76.95515625,0.013063744848,1.5998473313e-18,0.000170661429455
energy,12,77.26359375,0.0112987117346,1.38369311603e-18,0.000127660886863
energy,12,77.57203125,0.00942762273574,1.15455080069e-18,8.88800704474e-05
energy,12,77.88046875,0.0074680409156,9.14571240319e-19,5.57716351171e-05
energy,12,78.18890625,0.00543835998054,6.66007014278e-19,2.95757592779e-05
energy,12,78.49734375,0.00335763162546,4.11191282284e-19,1.12736901323e-05
energy,12,78.80578125,0.00124538670428,1.5251588411e-19,1.5509880432e-06
energy,12,79.11421875,-0.000878548097377,-1.07591111535e-19,7.71846759405e-07
energy,12,79.42265625,-0.00299423636628,-3.66688198185e-19,8.96545141715e-06
energy,12,79.73109375,-0.00508181909565,-6.22343348934e-19,2.58248853209e-05
energy,12,80.03953125,-0.00712170109268,-8.72156844764e-19,5.07186264535e-05
energy,12,80.34796875,-0.00909473490972,-1.11378379963e-18,8.2714203078e-05
energy,12,80.65640625,-0.0109824005727,-1.34495617083e-18,0.000120613122338
energy,12,80.96484375,-0.0127669794196,-1.5635040481e-18,0.0001629957635
energy,12,81.27328125,-0.0144317204177,-1.76737602158e-18,0.000208274554216
energy,12,81.58171875,-0.015960997398,-1.95465843747e-18,0.00025475343794
energy,12,81.89015625,-0.0173404557306,-2.12359336063e-18,0.000300691404946
energy,12,82.19859375,-0.0185571470654,-2.2725950755e-18,0.000344367707208
energy,12,82.50703125,-0.0195996508724,-2.40026497053e-18,0.00038414631432
energy,12,82.81546875,-0.0204581816408,-2.50540466628e-18,0.00041853719605
energy,12,83.12390625,-0.0211246807316,-2.5870272641e-18,0.000446252136012
energy,12,83.43234375,-0.0215928920198,-2.64436660964e-18,0.00046625298578
energy,12,83.74078125,-0.0218584206184,-2.67688448447e-18,0.00047779055193
energy,12,84.04921875,-0.0219187741307,-2.68427565804e-18,0.000480432659392
energy,12,84.35765625,-0.0217733860457,-2.66647075274e-18,0.000474080339893
energy,12,84.66609375,-0.0214236210554,-2.62363689516e-18,0.000458971539123
energy,12,84.97453125,-0.0208727622452,-2.55617614729e-18,0.000435672203745
energy,12,85.28296875,-0.0201259802772,-2.46472173261e-18,0.000405055082116
energy,12,85.59140625,-0.019190284855,-2.35013209225e-18,0.000368267032818
energy,12,85.89984375,-0.0180744589277,-2.21348282721e-18,0.000326686065527
energy,12,86.20828125,-0.0167889762472,-2.05605660221e-18,0.000281869723428
energy,12,86.51671875,-0.0153459030569,-1.87933110586e-18,0.000235496740631
energy,12,86.82515625,-0.0137587848306,-1.6849651803e-18,0.000189304160015
energy,12,87.13359375,-0.0120425191278,-1.47478325035e-18,0.000145022266943
energy,12,87.44203125,-0.0102132157566,-1.25075819853e-18,0.000104309776091
energy,12,87.75046875,-0.00828804555862,-1.01499284645e-18,6.86916991817e-05
energy,12,88.05890625,-0.00628507923381,-7.69700216607e-19,3.95022209752e-05
energy,12,88.36734375,-0.00422311771916,-5.17182759719e-19,1.78347232699e-05
energy,12,88.67578125,-0.00212151571275,-2.59810742696e-19,4.50082891945e-06
energy,13,-59.06578125,-0.00237344897052,0,5.63326001565e-06
energy,13,-58.75734375,-0.00482511409755,0,2.32817260544e-05
energy,13,-58.44890625,-0.0074357891229,0,5.52909598803e-05
energy,13,-58.14046875,-0.0102915079023,0,0.000105915134904
energy,13,-57.83203125,-0.0134863796204,0,0.000181882435264
energy,13,-57.52359375,-0.0171256901244,0,0.000293289262238
energy,13,-57.21515625,-0.0213293715823,0,0.000454942092095
energy,13,-56.90671875,-0.0262359548033,0,0.000688325324439
energy,13,-56.59828125,-0.0320071344714,0,0.00102445665707
energy,13,-56.28984375,-0.0388330977352,0,0.00150800947971
energy,13,-55.98140625,-0.0469387917572,0,0.00220325017163
energy,13,-55.67296875,-0.0554500814448,0,0.00307471153223
energy,13,-55.36453125,-0.0622881360869,0,0.00387981189718
energy,13,-55.05609375,-0.0685286077395,0,0.00469617007872
energy,13,-54.74765625,-0.0741116262583,0,0.00549253314665
energy,13,-54.43921875,-0.0789836290051,0,0.00623841365081
energy,13,-54.13078125,-0.0830978747197,0,0.00690525678293
energy,13,-53.82234375,-0.0864148919489,0,0.00746753355055
energy,13,-53.51390625,-0.0889028577295,0,0.00790371811247
energy,13,-53.20546875,-0.0905379028926,0,0.00819711186018
energy,13,-52.89703125,-0.0913043410614,0,0.00833648269665
energy,13,-52.58859375,-0.0911948191436,0,0.00831649503863
energy,13,-52.28015625,-0.090210387876,0,0.00813791408075
energy,13,-51.97171875,-0.0883604917439,0,0.00780757650122
energy,13,-51.66328125,-0.0856628783718,0,0.00733812873095
energy,13,-51.35484375,-0.082143428256,0,0.00674754280564
energy,13,-51.04640625,-0.0778359064702,0,0.00605842833604
energy,13,-50.73796875,-0.0727816387294,0,0.00529716693614
energy,13,-50.42953125,-0.0670291149164,0,0.00449290224648
energy,13,-50.12109375,-0.0606335238777,0,0.00367642421783
energy,13,-49.81265625,-0.0536562239497,0,0.00287899036854
energy,13,-49.50421875,-0.0461641542963,0,0.00213112914189
energy,13,-49.19578125,-0.0382291927045,0,0.00146147117484
energy,13,-48.88734375,-0.0299274659999,0,0.000895653221176
energy,13,-48.57890625,-0.0213386196972,0,0.000455336690584
energy,13,-48.27046875,-0.0125450538934,0,0.000157378377189
energy,13,-47.96203125,-0.00225080538952,0,5.06612490147e-06
energy,13,-47.65359375,0.00934959597675,0,8.74149449284e-05
energy,13,-47.34515625,0.0212581099131,0,0.000451907237077
energy,13,-47.03671875,0.0338671772099,0,0.00114698569217
energy,13,-46.72828125,0.0475923251415,0,0.00226502941237
energy,13,-46.41984375,0.0628858610175,0,0.00395463151592
energy,13,-46.11140625,0.0802517778081,0,0.00644034784137
energy,13,-45.80296875,0.0978964391542,0,0.00958371279907
energy,13,-45.49453125,0.112235972922,0,0.0125969136177
energy,13,-45.18609375,0.125498731682,0,0.0157499316538
energy,13,-44.87765625,0.137557474526,0,0.0189220587979
energy,13,-44.56921875,0.148296511692,0,0.0219918553799
energy,13,-44.26078125,0.157612814476,0,0.0248417992871
energy,13,-43.95234375,0.165417003674,0,0.0273627851046
energy,13,-43.64390625,0.171634207071,0,0.0294583010369
energy,13,-43.33546875,0.176204777754,0,0.0310481237034
energy,13,-43.02703125,0.179084866358,0,0.0320713893583
energy,13,-42.71859375,0.180246841745,0,0.0324889239591
energy,13,-42.41015625,0.1796795561,0,0.0322847428804
energy,13,-42.10171875,0.177388451876,0,0.0314666628589
energy,13,-41.79328125,0.17339550958,0,0.0300660027427
energy,13,-41.48484375,0.167739036901,0,0.0281363845004
energy,13,-41.17640625,0.160473301183,0,0.0257516803925
energy,13,-40.86796875,0.1516680088,0,0.0230031848934
energy,13,-40.55953125,0.141407636401,0,0.0199961196325
energy,13,-40.25109375,0.129790620451,0,0.0168456051571
energy,13,-39.94265625,0.116928412851,0,0.013672253732
energy,13,-39.63421875,0.102944411682,0,0.0105975518966
energy,13,-39.32578125,0.0879727773435,0,0.00773920955352
energy,13,-39.01734375,0.0721571454382,0,0.0052066536378
energy,13,-38.70890625,0.0556492487554,0,0.00309683888704
energy,13,-38.40046875,0.0386074615675,0,0.00149053608869
energy,13,-38.09203125,0.0211952802123,0,0.00044923990328
energy,13,-37.78359375,0.00357975453343,0,1.28146425196e-05
energy,13,-37.47515625,-0.0140701147709,0,0.000197968129667
energy,13,-37.16671875,-0.0315849975148,0,0.000997612068013
energy,13,-36.85828125,-0.0487968585532,0,0.00238113340466
energy,13,-36.54984375,-0.0655405698853,0,0.00429556630089
energy,13,-36.24140625,-0.0816554948683,0,0.00666761984219
energy,13,-35.93296875,-0.0969870293409,0,0.00940648386038
energy,13,-35.62453125,-0.111388084872,0,0.0124073054515
energy,13,-35.31609375,-0.124720499906,0,0.0155552030967
energy,13,-35.00765625,-0.136856365261,0,0.0187296647125
energy,13,-34.69921875,-0.147679251276,0,0.0218091612574
energy,13,-34.39078125,-0.157085324812,0,0.0246757992713
energy,13,-34.08234375,-0.164984345418,0,0.0272198342331
energy,13,-33.77390625,-0.171300531081,0,0.0293438719488
energy,13,-33.46546875,-0.175973285268,0,0.0309665971281
energy,13,-33.15703125,-0.178957778279,0,0.0320258864066
energy,13,-32.84859375,-0.180225377338,0,0.0324811866366
energy,13,-32.54015625,-0.179763921291,0,0.0323150673978
energy,13,-32.23171875,-0.177577837277,0,0.031533888292
energy,13,-31.92328125,-0.173688098257,0,0.0301675554763
energy,13,-31.61484375,-0.168132021802,0,0.0282683767551
energy,13,-31.30640625,-0.16096291207,0,0.025909059062
energy,13,-30.99796875,-0.15224954842,0,0.0231799249942
energy,13,-30.68953125,-0.142075525551,0,0.0201854549606
energy,13,-30.38109375,-0.130538451503,0,0.0170402873208
energy,13,-30.07265625,-0.117749011227,0,0.0138648296448
energy,13,-29.76421875,-0.103829904684,0,0.0107806491066
energy,13,-29.45578125,-0.0866050344144,0,0.00750043198591
energy,13,-29.14734375,-0.069924566611,0,0.00488944501573
energy,13,-28.83890625,-0.0555484377314,0,0.0030856289344
energy,13,-28.53046875,-0.043002887623,0,0.00184924834392
energy,13,-28.22203125,-0.0318744821977,0,0.00101598261537
energy,13,-27.91359375,-0.0217964888602,0,0.000475086926631
energy,13,-27.60515625,-0.0124367909675,0,0.00015467376957
energy,13,-27.29671875,-0.00348694304471,0,1.21587717971e-05
energy,13,-26.98828125,0.00534799392517,0,2.86010390236e-05
energy,13,-26.67984375,0.0143591721099,0,0.000206185823681
energy,13,-26.37140625,0.023843551643,0,0.000568514954952
energy,13,-26.06296875,0.0328994115943,0,0.00108237128325
energy,13,-25.75453125,0.0404253643056,0,0.00163421007924
energy,13,-25.44609375,0.0475634821647,0,0.00226228483563
energy,13,-25.13765625,0.0542452831448,0,0.00294255074346
energy,13,-24.82921875,0.0604066630544,0,0.00364896494136
energy,13,-24.52078125,0.0659885105432,0,0.00435448352371
energy,13,-24.21234375,0.0709372742078,0,0.00503209687204
energy,13,-23.90390625,0.0752054763555,0,0.00565586367386
energy,13,-23.59546875,0.0787521684981,0,0.00620190404316
energy,13,-23.28703125,0.0815433242059,0,0.00664931372255
energy,13,-22.97859375,0.0835521655516,0,0.00698096436836
energy,13,-22.67015625,0.0847594200142,0,0.00718415928114
energy,13,-22.36171875,0.0851535053762,0,0.00725111947786
energy,13,-22.05328125,0.0847306408422,0,0.00717928149753
energy,13,-21.74484375,0.0834948833108,0,0.00697139553908
energy,13,-21.43640625,0.0814580884533,0,0.00663542017447
energy,13,-21.12796875,0.0786397969728,0,0.00618421766792
energy,13,-20.81953125,0.0750670471329,0,0.00563506156525
energy,13,-20.51109375,0.070774115357,0,0.00500897540457
energy,13,-20.20265625,0.0658021873856,0,0.00432992786473
energy,13,-19.89421875,0.0601989631463,0,0.00362391516389
energy,13,-19.58578125,0.0540181991279,0,0.00291796583702
energy,13,-19.27734375,0.0473191926488,0,0.00223910599293
energy,13,-18.96890625,0.0401662129674,0,0.00161332466414
energy,13,-18.66046875,0.0326278846928,0,0.00106457885953
energy,13,-18.35203125,0.0235607411854,0,0.000555108525207
energy,13,-18.04359375,0.0140542451986,0,0.000197521808102
energy,13,-17.73515625,0.00501090180353,0,2.51091368846e-05
energy,13,-17.42671875,-0.00386730912623,0,1.49560798778e-05
energy,13,-17.11828125,-0.0128729658362,0,0.000165713249421
energy,13,-16.80984375,-0.0223028465018,0,0.000497416962085
energy,13,-16.50140625,-0.0324677094462,0,0.00105415215668
energy,13,-16.19296875,-0.0423742001034,0,0.0017955728344
energy,13,-15.88453125,-0.0505458251063,0,0.00255488043567
energy,13,-15.57609375,-0.0582325210814,0,0.00339102651149
energy,13,-15.26765625,-0.0653605430262,0,0.00427200058468
energy,13,-14.95921875,-0.0718615057725,0,0.00516407601189
energy,13,-14.65078125,-0.0776730400635,0,0.00603310115271
energy,13,-14.34234375,-0.0827393909152,0,0.00684580680902
energy,13,-14.03390625,-0.0870119525211,0,0.00757107988154
energy,13,-13.72546875,-0.0904497345692,0,0.00818115448363
energy,13,-13.41703125,-0.0930197554965,0,0.00865267491263
energy,13,-13.10859375,-0.0946973589098,0,0.00896758978448
energy,13,-12.80015625,-0.0954664501346,0,0.0091138431013
energy,13,-12.49171875,-0.0953196506258,0,0.00908583579542
energy,13,-12.18328125,-0.0942583687556,0,0.00888464008047
energy,13,-11.87484375,-0.0922927863024,0,0.00851795840346
energy,13,-11.56640625,-0.089441760768,0,0.00799982856928
energy,13,-11.25796875,-0.0857326444616,0,0.00735008632638
energy,13,-10.94953125,-0.0812010220861,0,0.00659360598782
energy,13,-10.64109375,-0.0758903693434,0,0.00575934815908
energy,13,-10.33265625,-0.0698516358356,0,0.00487925102891
energy,13,-10.02421875,-0.0631427562618,0,0.00398700766834
energy,13,-9.71578125,-0.0558280946014,0,0.00311677614683
energy,13,-9.40734375,-0.047977826616,0,0.00230187184679
energy,13,-9.09890625,-0.0396672665933,0,0.00157349203898
energy,13,-8.79046875,-0.0309761447936,0,0.000959521546275
energy,13,-8.48203125,-0.0219878425296,0,0.000483465219106
energy,13,-8.17359375,-0.0127885922184,0,0.000163548090929
energy,13,-7.86515625,-0.00346665008099,0,1.2017662784e-05
energy,13,-7.55671875,0.0058885505748,0,3.4675027872e-05
energy,13,-7.24828125,0.0151872573639,0,0.000230652786238
energy,13,-6.93984375,0.0243402598949,0,0.000592448251753
energy,13,-6.63140625,0.0332597456411,0,0.00110621068011
energy,13,-6.32296875,0.0418601424006,0,0.0017522715218
energy,13,-6.01453125,0.0500589392632,0,0.00250589740015
energy,13,-5.70609375,0.0577774782074,0,0.00333823698801
energy,13,-5.39765625,0.0649417087341,0,0.0042174255333
energy,13,-5.08921875,0.0714828982953,0,0.0051098047487
energy,13,-4.78078125,0.0773382917043,0,0.00598121136374
energy,13,-4.47234375,0.0824517131993,0,0.0067982850095
energy,13,-4.16390625,0.0867741053852,0,0.0075297453654
energy,13,-3.85546875,0.0902639998828,0,0.00814758967483
energy,13,-3.54703125,0.0928879151702,0,0.00862816478467
energy,13,-3.23859375,0.0946206777998,0,0.00895307266729
energy,13,-2.93015625,0.095445663908,0,0.00910987475884
energy,13,-2.62171875,0.0953549587024,0,0.00909256814914
energy,13,-2.31328125,0.0943494323951,0,0.00890181539329
energy,13,-2.00484375,0.092438731854,0,0.00854491914678
energy,13,-1.69640625,0.089641188052,0,0.00803554259538
energy,13,-1.38796875,0.0859836402028,0,0.00739318638252
energy,13,-1.07953125,0.0815011782691,0,0.00664244205925
energy,13,-0.77109375,0.0762368063151,0,0.00581205063712
energy,13,-0.46265625,0.0702410299318,0,0.00493380228588
energy,13,-0.15421875,0.0635713716943,0,0.0040413192991
energy,13,0.15421875,0.0551645751774,0,0.0030431303545
energy,13,0.46265625,0.0474484632583,0,0.00225135666557
energy,13,0.77109375,0.0412959983671,0,0.00170535948114
energy,13,1.07953125,0.0365044282379,0,0.00133257328098
energy,13,1.38796875,0.0329158484019,0,0.00108345307601
energy,13,1.69640625,0.030411998502,0,0.000924889652887
energy,13,2.00484375,0.0289103650663,0,0.000835809208264
energy,13,2.31328125,0.0283614623052,0,0.000804372544087
energy,13,2.62171875,0.0287472013258,0,0.000826401584068
energy,13,2.93015625,0.0300802940188,0,0.00090482408826
energy,13,3.23859375,0.0324046719741,0,0.00105006276575
energy,13,3.54703125,0.0353958547898,0,0.0012528665363
energy,13,3.85546875,0.0376463756691,0,0.00141724960102
energy,13,4.16390625,0.0395357228943,0,0.00156307338477
energy,13,4.47234375,0.041045770353,0,0.00168475526387
energy,13,4.78078125,0.0421620308774,0,0.00177763684771
energy,13,5.08921875,0.0428737952324,0,0.00183816231763
energy,13,5.39765625,0.0431742348579,0,0.00186401455556
energy,13,5.70609375,0.0430604673814,0,0.00185420385111
energy,13,6.01453125,0.0425335842711,0,0.00180910579095
energy,13,6.32296875,0.0415986403641,0,0.00173044688014
energy,13,6.63140625,0.0402646053712,0,0.0016212384457
energy,13,6.93984375,0.0385442778232,0,0.00148566135291
energy,13,7.24828125,0.0364541622832,0,0.00132890594777
energy,13,7.55671875,0.0340143110046,0,0.00115697335312
energy,13,7.86515625,0.0312481315531,0,0.000976445725558
energy,13,8.17359375,0.0281821622372,0,0.000794234268362
energy,13,8.48203125,0.0248458175044,0,0.000617314647463
energy,13,8.79046875,0.0212711057434,0,0.000452459939545
energy,13,9.09890625,0.0174923221998,0,0.000305981335942
energy,13,9.40734375,0.0135457199536,0,0.00018348652906
energy,13,9.71578125,0.00946916211171,0,8.96650310979e-05
energy,13,10.02421875,0.00530175855578,0,2.81086437838e-05
energy,13,10.33265625,0.00108349072736,0,1.17395215627e-06
energy,13,10.64109375,-0.0031451719478,0,9.89210658124e-06
energy,13,10.94953125,-0.00734366031734,0,5.39293468565e-05
energy,13,11.25796875,-0.012110923924,0,0.000146674478293
energy,13,11.56640625,-0.0179165278767,0,0.000321001971156
energy,13,11.87484375,-0.0243125645566,0,0.00059110079532
energy,13,12.18328125,-0.0315098130504,0,0.000992868318471
energy,13,12.49171875,-0.0397454560915,0,0.00157970127992
energy,13,12.80015625,-0.049290896332,0,0.00242959246122
energy,13,13.10859375,-0.0604607003193,0,0.0036554962831
energy,13,13.41703125,-0.0720667427549,0,0.0051936154113
energy,13,13.72546875,-0.0814251655543,0,0.00663005758554
energy,13,14.03390625,-0.0900024075879,0,0.00810043337162
energy,13,14.34234375,-0.0977161800885,0,0.00954845185109
energy,13,14.65078125,-0.104492478285,0,0.0109186780182
energy,13,14.95921875,-0.110266291395,0,0.012158655018
energy,13,15.26765625,-0.114982226324,0,0.0132209123705
energy,13,15.57609375,-0.118595039105,0,0.0140647833002
energy,13,15.88453125,-0.121070068955,0,0.0146579615967
energy,13,16.19296875,-0.122383570811,0,0.0149777384045
energy,13,16.50140625,-0.122522943135,0,0.0150118715945
energy,13,16.80984375,-0.12148684881,0,0.0147590544337
energy,13,17.11828125,-0.119285227967,0,0.0142289656112
energy,13,17.42671875,-0.115939202627,0,0.0134418987058
energy,13,17.73515625,-0.111480874051,0,0.0124279852792
energy,13,18.04359375,-0.105953014772,0,0.0112260413393
energy,13,18.35203125,-0.0994086582391,0,0.0098820813329
energy,13,18.66046875,-0.0919105900219,0,0.00844755655818
energy,13,18.96890625,-0.083530745457,0,0.0069773854366
energy,13,19.27734375,-0.0743495195101,0,0.00552785105138
energy,13,19.58578125,-0.0644549954791,0,0.00415444644221
energy,13,19.89421875,-0.0539420999363,0,0.00290975014554
energy,13,20.20265625,-0.042911692017,0,0.00184141331176
energy,13,20.51109375,-0.0314695957922,0,0.000990335459322
energy,13,20.81953125,-0.0197255850085,0,0.000389098703927
energy,13,21.12796875,-0.00779232993532,0,6.07204058209e-05
energy,13,21.43640625,0.00421568357677,0,1.77719880195e-05
energy,13,21.74484375,0.016183252456,0,0.000261897660055
energy,13,22.05328125,0.0279955616504,0,0.00078375147212
energy,13,22.36171875,0.0395392856458,0,0.00156335510938
energy,13,22.67015625,0.0507036756942,0,0.0025708627289
energy,13,22.97859375,0.0613816223202,0,0.00376770355865
energy,13,23.28703125,0.0714706829131,0,0.00510805851607
energy,13,23.59546875,0.0808740645464,0,0.00654061431626
energy,13,23.90390625,0.089501552594,0,0.00801052791674
energy,13,24.21234375,0.0972703762358,0,0.00946152609306
energy,13,24.52078125,0.104106002549,0,0.0108380597667
energy,13,24.82921875,0.109942851564,0,0.0120874306101
energy,13,25.13765625,0.114724925433,0,0.0131618085156
energy,13,25.44609375,0.118406345659,0,0.0140200626922
energy,13,25.75453125,0.12095179325,0,0.0146293362904
energy,13,26.06296875,0.122336847568,0,0.0149663042728
energy,13,26.37140625,0.122548220608,0,0.0150180663743
energy,13,26.67984375,0.121583884491,0,0.014782640968
energy,13,26.98828125,0.119453090912,0,0.0142690409283
energy,13,27.29671875,0.116176282382,0,0.0134969285881
energy,13,27.60515625,0.11178489611,0,0.0124958629982
energy,13,27.91359375,0.106321062392,0,0.0113041683083
energy,13,28.22203125,0.0998372004275,0,0.00996746658921
energy,13,28.53046875,0.0923955154094,0,0.00853693126777
energy,13,28.83890625,0.0840674017425,0,0.00706732803573
energy,13,29.14734375,0.0749327580941,0,0.00561491823559
energy,13,29.45578125,0.0650792208585,0,0.00423530498755
energy,13,29.76421875,0.0529788131441,0,0.00280675464216
energy,13,30.07265625,0.0410017929047,0,0.0016811470214
energy,13,30.38109375,0.0303759719922,0,0.000922699674474
energy,13,30.68953125,0.0207511803031,0,0.000430611483973
energy,13,30.99796875,0.0118102362917,0,0.000139481681265
energy,13,31.30640625,0.0032584943662,0,1.06177855345e-05
energy,13,31.61484375,-0.00518586505032,0,2.68931963201e-05
energy,13,31.92328125,-0.0138011227829,0,0.00019047099007
energy,13,32.23171875,-0.0228711915493,0,0.000523091402883
energy,13,32.54015625,-0.0326949722008,0,0.00106896120721
energy,13,32.84859375,-0.0435962038929,0,0.00190062899387
energy,13,33.15703125,-0.0544753748168,0,0.00296756646143
energy,13,33.46546875,-0.0633731592301,0,0.00401615731081
energy,13,33.77390625,-0.0716629511056,0,0.00513557856116
energy,13,34.08234375,-0.0792652194293,0,0.00628297501117
energy,13,34.39078125,-0.0861070291848,0,0.00741442047503
energy,13,34.69921875,-0.0921227410805,0,0.00848659942419
energy,13,35.00765625,-0.0972546412833,0,0.00945846525114
energy,13,35.31609375,-0.101453495116,0,0.0102928116712
energy,13,35.62453125,-0.104679019408,0,0.0109576971042
energy,13,35.93296875,-0.106900268965,0,0.0114276675048
energy,13,36.24140625,-0.108095933454,0,0.0116847308292
energy,13,36.54984375,-0.108254541849,0,0.011719045831
energy,13,36.85828125,-0.107374572487,0,0.0115292988168
energy,13,37.16671875,-0.10546446766,0,0.0111227539388
energy,13,37.47515625,-0.102542552626,0,0.010514975099
energy,13,37.78359375,-0.0986368597973,0,0.00972923011068
energy,13,38.09203125,-0.0937848598027,0,0.0087955999282
energy,13,38.40046875,-0.0880331019985,0,0.00774982704748
energy,13,38.70890625,-0.0814367678823,0,0.00663194716311
energy,13,39.01734375,-0.0740591416893,0,0.00548475646776
energy,13,39.32578125,-0.0659710032534,0,0.00435217327026
energy,13,39.63421875,-0.0572499489555,0,0.0032775566554
energy,13,39.94265625,-0.0479796472761,0,0.00230204655274
energy,13,40.25109375,-0.0382490360924,0,0.001462988762
energy,13,40.55953125,-0.0281514694214,0,0.000792505230583
energy,13,40.86796875,-0.0161783838239,0,0.000261740103154
energy,13,41.17640625,-0.00313301307019,0,9.81577089799e-06
energy,13,41.48484375,0.00980911036551,0,9.62186461628e-05
energy,13,41.79328125,0.0230744895026,0,0.000532432065805
energy,13,42.10171875,0.0371002801357,0,0.00137643078615
energy,13,42.41015625,0.0523486971468,0,0.00274038609296
energy,13,42.71859375,0.0693222466297,0,0.00480557387779
energy,13,43.02703125,0.0863033381473,0,0.00744826617538
energy,13,43.33546875,0.100179500796,0,0.0100359323797
energy,13,43.64390625,0.113094556412,0,0.0127903786901
energy,13,43.95234375,0.124924599901,0,0.0156061556604
energy,13,44.26078125,0.135556135607,0,0.0183754659007
energy,13,44.56921875,0.144887166179,0,0.0209922909234
energy,13,44.87765625,0.152828171117,0,0.0233564498869
energy,13,45.18609375,0.159302965615,0,0.0253774348538
energy,13,45.49453125,0.164249431472,0,0.0269778757389
energy,13,45.80296875,0.167620113039,0,0.0280965022954
energy,13,46.11140625,0.169382672506,0,0.0286904897454
energy,13,46.41984375,0.169520200143,0,0.0287370982565
energy,13,46.72828125,0.16803137653,0,0.0282345434985
energy,13,47.03671875,0.164930485216,0,0.0272020649536
energy,13,47.34515625,0.160247275686,0,0.0256791893648
energy,13,47.65359375,0.154026677946,0,0.023724217519
energy,13,47.96203125,0.146328371473,0,0.0214119922978
energy,13,48.27046875,0.137226212658,0,0.0188310334406
energy,13,48.57890625,0.126807526243,0,0.0160801487119
energy,13,48.88734375,0.115172267533,0,0.0132646512088
energy,13,49.19578125,0.102432063448,0,0.0104923276223
energy,13,49.50421875,0.0887091415851,0,0.00786931180076
energy,13,49.81265625,0.074135157588,0,0.00549602159059
energy,13,50.12109375,0.0588499320627,0,0.00346331450379
energy,13,50.42953125,0.0430001091593,0,0.00184900938771
energy,13,50.73796875,0.0267377496896,0,0.000714907258466
energy,13,51.04640625,0.0102188722794,0,0.000104425350663
energy,13,51.35484375,-0.00639804345121,0,4.09349600035e-05
energy,13,51.66328125,-0.0229535773173,0,0.000526866711662
energy,13,51.97171875,-0.0392888980222,0,0.0015436175078
energy,13,52.28015625,-0.0552472869612,0,0.00305226271658
energy,13,52.58859375,-0.0706756417561,0,0.00499504633764
energy,13,52.89703125,-0.0854259450964,0,0.00729759209561
energy,13,53.20546875,-0.099356684795,0,0.00987175081344
energy,13,53.51390625,-0.112334211435,0,0.0126189750587
energy,13,53.82234375,-0.124234020581,0,0.0154340918698
energy,13,54.13078125,-0.134941947259,0,0.0182093291302
energy,13,54.43921875,-0.144355261234,0,0.020838441446
energy,13,54.74765625,-0.15238365259,0,0.0232207775767
energy,13,55.05609375,-0.158950098151,0,0.0252651337021
energy,13,55.36453125,-0.163991600427,0,0.0268932450106
energy,13,55.67296875,-0.167459792006,0,0.0280427819386
energy,13,55.98140625,-0.16932139958,0,0.0286697363557
energy,13,56.28984375,-0.169558563167,0,0.0287501063433
energy,13,56.59828125,-0.168169007455,0,0.0282808150686
energy,13,56.90671875,-0.165166063633,0,0.027279828576
energy,13,57.21515625,-0.16057854149,0,0.0257854679872
energy,13,57.52359375,-0.154450453023,0,0.0238549424391
energy,13,57.83203125,-0.146840590189,0,0.021562158927
energy,13,58.14046875,-0.137821960865,0,0.0189948928965
energy,13,58.44890625,-0.12748108842,0,0.0162514279048
energy,13,58.75734375,-0.115917181628,0,0.0134367929966
energy,13,59.06578125,-0.103241182867,0,0.0106587418397
energy,13,59.37421875,-0.0874584392684,0,0.00764897859927
energy,13,59.68265625,-0.0724415925674,0,0.0052477843337
energy,13,59.99109375,-0.0598120324746,0,0.00357747922874
energy,13,60.29953125,-0.0491535563831,0,0.00241607210511
energy,13,60.60796875,-0.0401149180497,0,0.00160920665014
energy,13,60.91640625,-0.0323982524016,0,0.00104964675868
energy,13,61.22484375,-0.0257492594999,0,0.000663024364792
energy,13,61.53328125,-0.0199488241767,0,0.000397955586033
energy,13,61.84171875,-0.0148057951738,0,0.00021921157073
energy,13,62.15015625,-0.0101506858217,0,0.00010303642265
energy,13,62.45859375,-0.00583008866711,0,3.39899338663e-05
energy,13,62.76703125,-0.00218974377599,0,4.79497780447e-06
energy,13,63.07546875,0.000983485396953,0,9.67243526021e-07
energy,13,63.38390625,0.00414727915923,0,1.71999244246e-05
energy,13,63.69234375,0.00727128455034,0,5.2871579012e-05
energy,13,64.00078125,0.0103255303334,0,0.000106616576666
energy,13,64.30921875,0.0132807145348,0,0.000176377378554
energy,13,64.61765625,0.0161084855625,0,0.000259483307119
energy,13,64.92609375,0.0187817142078,0,0.000352752788582
energy,13,65.23453125,0.0212747539177,0,0.000452615154257
energy,13,65.54296875,0.0235636868451,0,0.000555247337733
energy,13,65.85140625,0.0256265533125,0,0.000656720234676
energy,13,66.15984375,0.0274435624898,0,0.000753149122134
energy,13,66.46828125,0.0289972822651,0,0.00084084237876
energy,13,66.77671875,0.0302728064848,0,0.000916442812463
energy,13,67.08515625,0.0312578979618,0,0.000977056184991
energy,13,67.39359375,0.0319431058771,0,0.00102036201307
energy,13,67.70203125,0.0323218564491,0,0.00104470240432
energy,13,68.01046875,0.0323905160019,0,0.00104914552687
energy,13,68.31890625,0.0321484258262,0,0.00103352128311
energy,13,68.62734375,0.0315979084986,0,0.000998427821488
energy,13,68.93578125,0.0307442455994,0,0.000945208637477
energy,13,69.24421875,0.0295956270417,0,0.000875901139993
energy,13,69.55265625,0.0281630724989,0,0.000793158652579
energy,13,69.86109375,0.0264603256834,0,0.000700148835269
energy,13,70.16953125,0.0245037224913,0,0.000600432415933
energy,13,70.47796875,0.0219726497237,0,0.000482797335882
energy,13,70.78640625,0.0198262931636,0,0.000393081900609
energy,13,71.09484375,0.0183333049583,0,0.000336110070695
energy,13,71.40328125,0.017444484219,0,0.000304310029668
energy,13,71.71171875,0.0171305401782,0,0.000293455406795
energy,13,72.02015625,0.0173811269228,0,0.000302103573108
energy,13,72.32859375,0.018204502449,0,0.000331403909417
energy,13,72.63703125,0.0194595190869,0,0.000378672883094
energy,13,72.94546875,0.0203595623177,0,0.000414511777768
energy,13,73.25390625,0.0210642789762,0,0.000443703848788
energy,13,73.56234375,0.0215669081171,0,0.000465131525731
energy,13,73.87078125,0.0218626275921,0,0.000477974485231
energy,13,74.17921875,0.0219486003132,0,0.000481741055708
energy,13,74.48765625,0.021824001471,0,0.000476287040206
energy,13,74.79609375,0.0214900264481,0,0.000461821236738
energy,13,75.10453125,0.0209498793504,0,0.000438897444796
energy,13,75.41296875,0.0202087422678,0,0.000408393264048
energy,13,75.72140625,0.0192737255579,0,0.000371476496881
energy,13,76.02984375,0.0181537996299,0,0.000329560441003
energy,13,76.33828125,0.0168597088844,0,0.000284249783668
energy,13,76.64671875,0.0154038686331,0,0.000237279168865
energy,13,76.95515625,0.0138002459878,0,0.000190446789323
energy,13,77.26359375,0.0120642258624,0,0.00014554554566
energy,13,77.57203125,0.0102124633725,0,0.000104294408135
energy,13,77.88046875,0.00826272404825,0,6.82726086976e-05
energy,13,78.18890625,0.00623371339484,0,3.88591826891e-05
energy,13,78.49734375,0.00414489743468,0,1.71801747441e-05
energy,13,78.80578125,0.00201631595326,0,4.06553002339e-06
energy,13,79.11421875,-0.000131609759508,0,1.73211287978e-08
energy,13,79.42265625,-0.00227827282808,0,5.19052707919e-06
energy,13,79.73109375,-0.00440307849053,0,1.93871001938e-05
energy,13,80.03953125,-0.00648564168159,0,4.20635480219e-05
energy,13,80.34796875,-0.00850598260388,0,7.23517400574e-05
energy,13,80.65640625,-0.0104447184111,0,0.000109092142687
energy,13,80.96484375,-0.0122832491641,0,0.000150878210028
energy,13,81.27328125,-0.0140039362761,0,0.000196110231224
energy,13,81.58171875,-0.015590271734,0,0.000243056572741
energy,13,81.89015625,-0.0170270364748,0,0.000289919971114
energy,13,82.19859375,-0.018300446394,0,0.000334906338219
energy,13,82.50703125,-0.0193982845887,0,0.000376293444986
energy,13,82.81546875,-0.0203100185649,0,0.000412496854107
energy,13,83.12390625,-0.0210269012841,0,0.000442130577612
energy,13,83.43234375,-0.0215420550816,0,0.00046406013714
energy,13,83.74078125,-0.0218505376496,0,0.000477445995575
energy,13,84.04921875,-0.0219493894526,0,0.000481775697343
energy,13,84.35765625,-0.0218376621215,0,0.000476883486935
energy,13,84.66609375,-0.0215164275515,0,0.000462956654579
energy,13,84.97453125,-0.0209887676185,0,0.000440528366144
energy,13,85.28296875,-0.0202597446125,0,0.000410457251762
energy,13,85.59140625,-0.0193363526702,0,0.000373894534586
energy,13,85.89984375,-0.0182274506748,0,0.000332239958103
energy,13,86.20828125,-0.016943677265,0,0.000287088199259
energy,13,86.51671875,-0.0154973487692,0,0.000240167818874
energy,13,86.82515625,-0.0139023410451,0,0.000193275086535
energy,13,87.13359375,-0.0121739563565,0,0.000148205213369
energy,13,87.44203125,-0.0103287765654,0,0.000106683625338
energy,13,87.75046875,-0.00838450404877,0,7.02999081438e-05
energy,13,88.05890625,-0.006359791864,0,4.04469525535e-05
energy,13,88.36734375,-0.00427406479466,0,1.82676298689e-05
energy,13,88.67578125,-0.00214733299187,0,4.61103897795e-06
energy,14,-59.06578125,-0.00148632661575,-1.82022513246e-19,2.20916680868e-06
energy,14,-58.75734375,-0.00302132025216,-3.70005017601e-19,9.12837606614e-06
energy,14,-58.44890625,-0.00465524144165,-5.70102653078e-19,2.16712728801e-05
energy,14,-58.14046875,-0.00644158991668,-7.88867247288e-19,4.14940806546e-05
energy,14,-57.83203125,-0.00843885635973,-1.03346184294e-18,7.12142966602e-05
energy,14,-57.52359375,-0.0107124375727,-1.31189523845e-18,0.000114756318749
energy,14,-57.21515625,-0.0133367777745,-1.63328422125e-18,0.000177869641407
energy,14,-56.90671875,-0.0163978061394,-2.00815208017e-18,0.000268888046186
energy,14,-56.59828125,-0.0199957503893,-2.44877317108e-18,0.000399830033632
energy,14,-56.28984375,-0.0242484185655,-2.96957481806e-18,0.000587985802926
energy,14,-55.98140625,-0.0292950564351,-3.5876097094e-18,0.000858200331534
energy,14,-55.67296875,-0.0345908134135,-4.23615289267e-18,0.0011965243726
energy,14,-55.36453125,-0.0388390323026,-4.75640965913e-18,0.0015084704302
energy,14,-55.05609375,-0.0427083637653,-5.2302660982e-18,0.00182400433551
energy,14,-54.74765625,-0.0461610612114,-5.65309958577e-18,0.00213084357216
energy,14,-54.43921875,-0.0491634424511,-6.02078524329e-18,0.00241704407365
energy,14,-54.13078125,-0.0516862182765,-6.32973617724e-18,0.00267146515973
energy,14,-53.82234375,-0.0537047781866,-6.57693847052e-18,0.00288420320007
energy,14,-53.51390625,-0.0551994304712,-6.75998058413e-18,0.00304697712434
energy,14,-53.20546875,-0.0561555943097,-6.87707688256e-18,0.00315345077228
energy,14,-52.89703125,-0.0565639420122,-6.92708505324e-18,0.00319947953596
energy,14,-52.58859375,-0.0564204900135,-6.90951725014e-18,0.00318327169337
energy,14,-52.28015625,-0.0557266377349,-6.82454485292e-18,0.00310545815323
energy,14,-51.97171875,-0.0544891539314,-6.67299679503e-18,0.00296906789616
energy,14,-51.66328125,-0.0527201106612,-6.45635147719e-18,0.00277941006813
energy,14,-51.35484375,-0.0504367655183,-6.17672234513e-18,0.00254386731595
energy,14,-51.04640625,-0.0476613932792,-5.83683727223e-18,0.00227160840932
energy,14,-50.73796875,-0.0444210686053,-5.44001194821e-18,0.00197323133603
energy,14,-50.42953125,-0.0407474019204,-4.99011753353e-18,0.00166035076326
energy,14,-50.12109375,-0.0366762310411,-4.49154289493e-18,0.00134514592338
energy,14,-49.81265625,-0.0322472715671,-3.94915179059e-18,0.00103988652352
energy,14,-49.50421875,-0.0275037294424,-3.36823542263e-18,0.000756455133242
energy,14,-49.19578125,-0.0224918794674,-2.75446081966e-18,0.000505884641978
energy,14,-48.88734375,-0.0172606138732,-2.11381555311e-18,0.000297928791278
energy,14,-48.57890625,-0.0118609653615,-1.45254932647e-18,0.000140682499306
energy,14,-48.27046875,-0.00634560926457,-7.77113007449e-19,4.02667569386e-05
energy,14,-47.96203125,9.52931289913e-05,1.167004254e-20,9.08078043295e-09
energy,14,-47.65359375,0.00740295852894,9.06600946668e-19,5.48037949812e-05
energy,14,-47.34515625,0.014953020137,1.83121682484e-18,0.000223592811219
energy,14,-47.03671875,0.0229926907802,2.81579251677e-18,0.000528663829313
energy,14,-46.72828125,0.0317852146291,3.89256613557e-18,0.00101029986901
energy,14,-46.41984375,0.0416184866425,5.09679464521e-18,0.00173209843041
energy,14,-46.11140625,0.0528144791564,6.46790828476e-18,0.00278936920857
energy,14,-45.80296875,0.0642115786826,7.86365043018e-18,0.00412312683691
energy,14,-45.49453125,0.0734540677271,8.99552889264e-18,0.00539550006566
energy,14,-45.18609375,0.081979988386,1.00396530371e-17,0.00672071849576
energy,14,-44.87765625,0.0897061675226,1.0985837092e-17,0.0080471964916
energy,14,-44.56921875,0.0965572337399,1.18248507234e-17,0.0093232993875
energy,14,-44.26078125,0.102466352653,1.25485090796e-17,0.0104993534259
energy,14,-43.95234375,0.107375878879,1.31497526374e-17,0.011529579365
energy,14,-43.64390625,0.111237918389,1.36227160698e-17,0.0123738744874
energy,14,-43.33546875,0.114014795727,1.39627854643e-17,0.0129993736448
energy,14,-43.02703125,0.115679421551,1.4166643333e-17,0.0133817285704
energy,14,-42.71859375,0.116215556892,1.42323009759e-17,0.0135060556638
energy,14,-42.41015625,0.115617971575,1.41591178813e-17,0.0133675153511
energy,14,-42.10171875,0.11389249524,1.39478079742e-17,0.012971500472
energy,14,-41.79328125,0.111055960471,1.36004326516e-17,0.012333426356
energy,14,-41.48484375,0.107136038589,1.31203806731e-17,0.0114781307646
energy,14,-41.17640625,0.102170969712,1.25123351023e-17,0.0104389070518
energy,14,-40.86796875,0.0962091897046,1.1782227622e-17,0.00925620818363
energy,14,-40.55953125,0.089308857676,1.09371806688e-17,0.0079760720594
energy,14,-40.25109375,0.0815372886152,9.98543795137e-18,0.00664832943471
energy,14,-39.94265625,0.0729702967128,8.93628403021e-18,0.00532466420235
energy,14,-39.63421875,0.0636914557687,7.79995374402e-18,0.00405660153793
energy,14,-39.32578125,0.0537912839024,6.58753236531e-18,0.00289350222387
energy,14,-39.01734375,0.0433663605191,5.31084746004e-18,0.00188064122467
energy,14,-38.70890625,0.0325183841462,3.98235350581e-18,0.00105744530748
energy,14,-38.40046875,0.021353180331,2.61501039439e-18,0.000455958310247
energy,14,-38.09203125,0.00997966927789,1.22215700377e-18,9.9593798896e-05
energy,14,-37.78359375,-0.0014911967036,-1.82618926996e-19,2.22366760882e-06
energy,14,-37.47515625,-0.0129475155749,-1.58561335057e-18,0.000167638159563
energy,14,-37.16671875,-0.0242775272093,-2.97313959881e-18,0.000589398327401
energy,14,-36.85828125,-0.0353707036484,-4.33166190066e-18,0.00125108667658
energy,14,-36.54984375,-0.0461188273382,-5.64792742801e-18,0.00212694623505
energy,14,-36.24140625,-0.0564170468269,-6.90909558139e-18,0.00318288317267
energy,14,-35.93296875,-0.066164899625,-8.10286325417e-18,0.00437779394239
energy,14,-35.62453125,-0.0752672922494,-9.21758485337e-18,0.00566516528256
energy,14,-35.31609375,-0.0836354278916,-1.02423859063e-17,0.00699488479861
energy,14,-35.00765625,-0.0911876726593,-1.11672691444e-17,0.00831519164502
energy,14,-34.69921875,-0.0978503519419,-1.19832120301e-17,0.00957469137516
energy,14,-34.39078125,-0.10355846913,-1.26822547745e-17,0.0107243565286
energy,14,-34.08234375,-0.108256339679,-1.32575779876e-17,0.0117194350808
energy,14,-33.77390625,-0.11189813433,-1.37035692038e-17,0.0125211924666
energy,14,-33.46546875,-0.114448326188,-1.40158776334e-17,0.0130984193672
energy,14,-33.15703125,-0.1158820373,-1.41914566058e-17,0.0134286465688
energy,14,-32.84859375,-0.116185281346,-1.42285932909e-17,0.0134990196015
energy,14,-32.54015625,-0.115355100082,-1.41269254081e-17,0.013306799115
energy,14,-32.23171875,-0.113399592197,-1.38874447609e-17,0.0128594675105
energy,14,-31.92328125,-0.110337834308,-1.3512487561e-17,0.0121744376798
energy,14,-31.61484375,-0.106199694862,-1.30057116383e-17,0.0112783751888
energy,14,-31.30640625,-0.101025542758,-1.23720607571e-17,0.0102061602896
energy,14,-30.99796875,-0.094865853538,-1.16177163884e-17,0.0089995301675
energy,14,-30.68953125,-0.0877807169788,-1.07500374075e-17,0.00770545427332
energy,14,-30.38109375,-0.0798392508983,-9.77748830589e-18,0.006374305984
energy,14,-30.07265625,-0.0711189268879,-8.7095566172e-18,0.00505790176168
energy,14,-29.76421875,-0.0617048145522,-7.55666036333e-18,0.00380748413892
energy,14,-29.45578125,-0.0501377568087,-6.14010433921e-18,0.0025137946578
energy,14,-29.14734375,-0.0386613725185,-4.73465261054e-18,0.00149470172502
energy,14,-28.83890625,-0.0284508834869,-3.48422833951e-18,0.000809452771184
energy,14,-28.53046875,-0.0191719661031,-2.34788869216e-18,0.000367564284259
energy,14,-28.22203125,-0.0105207993502,-1.28842632486e-18,0.000110687218966
energy,14,-27.91359375,-0.00221411674625,-2.71151098623e-19,4.90231296601e-06
energy,14,-27.60515625,0.00602006869297,7.3724578555e-19,3.62412270681e-05
energy,14,-27.29671875,0.014451370166,1.76978242171e-18,0.000208842099676
energy,14,-26.98828125,0.0233558550721,2.86026731554e-18,0.000545495966149
energy,14,-26.67984375,0.0330250843281,4.0444063814e-18,0.00109065619488
energy,14,-26.37140625,0.0437756589927,5.36097206659e-18,0.00191630832024
energy,14,-26.06296875,0.0545190369163,6.67665640521e-18,0.00297232538628
energy,14,-25.75453125,0.0632900139879,7.75079130483e-18,0.00400562587059
energy,14,-25.44609375,0.0714435763329,8.74931470757e-18,0.00510418459923
energy,14,-25.13765625,0.0789001832913,9.66248569199e-18,0.00622523892341
energy,14,-24.82921875,0.0855870932307,1.04813959773e-17,0.00732515052768
energy,14,-24.52078125,0.0914390731637,1.11980568267e-17,0.00836110410104
energy,14,-24.21234375,0.0963990351178,1.18054769798e-17,0.00929277397163
energy,14,-23.90390625,0.100418593046,1.22977308549e-17,0.0100838938294
energy,14,-23.59546875,0.103458534851,1.2670016355e-17,0.0107036684335
energy,14,-23.28703125,0.105489204908,1.29187017135e-17,0.0111279723521
energy,14,-22.97859375,0.106490793369,1.30413609238e-17,0.0113402890723
energy,14,-22.67015625,0.106453529411,1.30367974052e-17,0.0113323539242
energy,14,-22.36171875,0.105377776558,1.29050556763e-17,0.0111044757922
energy,14,-22.05328125,0.103274029128,1.26474209206e-17,0.0106655250922
energy,14,-21.74484375,0.100162809863,1.22664064493e-17,0.0100325884797
energy,14,-21.43640625,0.0960744697236,1.17657291827e-17,0.00923030373267
energy,14,-21.12796875,0.0910488917997,1.11502733908e-17,0.00828990069795
energy,14,-20.81953125,0.0851351022432,1.04260430457e-17,0.00724798563396
energy,14,-20.51109375,0.0783907919999,9.60010325053e-18,0.00614511627037
energy,14,-20.20265625,0.0708817540157,8.68051131732e-18,0.00502422305234
energy,14,-19.89421875,0.0626812414049,7.67623816531e-18,0.00392893802406
energy,14,-19.58578125,0.0538692528424,6.59708080659e-18,0.0029018964018
energy,14,-19.27734375,0.0445317521506,5.45356677316e-18,0.0019830769496
energy,14,-18.96890625,0.0347598296937,4.25685141733e-18,0.00120824576033
energy,14,-18.66046875,0.0246488137622,3.01860908766e-18,0.000607564019882
energy,14,-18.35203125,0.0126944072719,1.55461652326e-18,0.000161147975985
energy,14,-18.04359375,-0.000447277633295,-5.47757121944e-20,2.00057281246e-07
energy,14,-17.73515625,-0.0136036078187,-1.66596147721e-18,0.000185058145686
energy,14,-17.42671875,-0.0272053630244,-3.33169607475e-18,0.000740131777289
energy,14,-17.11828125,-0.0416979076101,-5.10652090859e-18,0.00173871549906
energy,14,-16.80984375,-0.0575557731892,-7.04854934087e-18,0.00331266702741
energy,14,-16.50140625,-0.0752981962901,-9.22136950682e-18,0.00566981836454
energy,14,-16.19296875,-0.0931168638841,-1.14035269302e-17,0.00867075033961
energy,14,-15.88453125,-0.10763789019,-1.31818397688e-17,0.0115859154046
energy,14,-15.57609375,-0.121108873774,-1.48315594616e-17,0.0146673593069
energy,14,-15.26765625,-0.133398400799,-1.63365924549e-17,0.0177951333356
energy,14,-14.95921875,-0.144386582919,-1.76822566611e-17,0.020847485327
energy,14,-14.65078125,-0.153966226835,-1.8855424687e-17,0.0237055990058
energy,14,-14.34234375,-0.162043879997,-1.98446518959e-17,0.0262582190444
energy,14,-14.03390625,-0.168540742263,-2.06402880538e-17,0.0284059818025
energy,14,-13.72546875,-0.173393434623,-2.12345714705e-17,0.0300652831705
energy,14,-13.41703125,-0.176554617482,-2.16217047174e-17,0.0311715329541
energy,14,-13.10859375,-0.177993452468,-2.17979111834e-17,0.0316816691215
energy,14,-12.80015625,-0.177695903278,-2.17614719171e-17,0.0315758340418
energy,14,-12.49171875,-0.175664872601,-2.15127423953e-17,0.0308581474659
energy,14,-12.18328125,-0.171920173803,-2.10541490557e-17,0.0295565461606
energy,14,-11.87484375,-0.166498337643,-2.03901656258e-17,0.027721696438
energy,14,-11.56640625,-0.159452255901,-1.95272694806e-17,0.0254250219119
energy,14,-11.25796875,-0.150850665401,-1.84738784533e-17,0.0227559232519
energy,14,-10.94953125,-0.140777477465,-1.72402687169e-17,0.0198182981613
energy,14,-10.64109375,-0.129330959325,-1.58384745368e-17,0.0167264970399
energy,14,-10.33265625,-0.116622775499,-1.42821708723e-17,0.0136008717651
energy,14,-10.02421875,-0.102776898465,-1.25865399732e-17,0.0105630908581
energy,14,-9.71578125,-0.0879283992688,-1.07681232719e-17,0.00773140339797
energy,14,-9.40734375,-0.0722221298622,-8.84466001633e-18,0.00521603604183
energy,14,-9.09890625,-0.0558113100255,-6.8349142179e-18,0.00311490232677
energy,14,-8.79046875,-0.0388560326583,-4.75849160225e-18,0.00150979127394
energy,14,-8.48203125,-0.0215217020206,-2.63564834918e-18,0.000463183657865
energy,14,-8.17359375,-0.00397742016106,-4.87093486911e-19,1.58198711376e-05
energy,14,-7.86515625,0.0136056627293,1.66621313117e-18,0.000185114058303
energy,14,-7.55671875,0.0310560179426,3.80326529677e-18,0.000964476250453
energy,14,-7.24828125,0.0482034115729,5.90321536907e-18,0.00232356888726
energy,14,-6.93984375,0.064880565203,7.94557765028e-18,0.00420948774106
energy,14,-6.63140625,0.0809247877606,9.91042823027e-18,0.0065488212741
energy,14,-6.32296875,0.0961795626223,1.17785993509e-17,0.00925050826621
energy,14,-6.01453125,0.110496074484,1.35318663935e-17,0.0122093824764
energy,14,-5.70609375,0.123734661104,1.51531256665e-17,0.0153102663586
energy,14,-5.39765625,0.135766175753,1.66265612568e-17,0.0184324544785
energy,14,-5.08921875,0.14647324708,1.79377993198e-17,0.0214544121103
energy,14,-4.78078125,0.155751424115,1.90740483005e-17,0.0242585061137
energy,14,-4.47234375,0.163510195212,2.00242237195e-17,0.0267355839384
energy,14,-4.16390625,0.169673871032,2.07790563058e-17,0.0287892225109
energy,14,-3.85546875,0.174182322905,2.13311824213e-17,0.0303394816125
energy,14,-3.54703125,0.176991569413,2.16752158958e-17,0.0313260156433
energy,14,-3.23859375,0.178074205441,2.18078005704e-17,0.0317104226434
energy,14,-2.93015625,0.177419669521,2.17276430384e-17,0.0314777391329
energy,14,-2.62171875,0.175034346864,2.14355252628e-17,0.0306370225821
energy,14,-2.31328125,0.170941507071,2.09342969476e-17,0.0292209988396
energy,14,-2.00484375,0.165181077128,2.02288477385e-17,0.0272847882413
energy,14,-1.69640625,0.157809251909,1.93260595227e-17,0.0249037599882
energy,14,-1.38796875,0.148897945973,1.82347392935e-17,0.022170598315
energy,14,-1.07953125,0.138534092015,1.69655332358e-17,0.0191916946503
energy,14,-0.77109375,0.12681879281,1.55308228686e-17,0.0160830062097
energy,14,-0.46265625,0.113866334922,1.39446042593e-17,0.0129655422286
energy,14,-0.15421875,0.0998030738034,1.22223514878e-17,0.00996065354061
energy,14,0.15421875,0.0824377302,1.00957102418e-17,0.00679597936052
energy,14,0.46265625,0.0654431869067,8.01447893713e-18,0.0042828107125
energy,14,0.77109375,0.0505914599339,6.19566694723e-18,0.00255949581825
energy,14,1.07953125,0.0373962569043,4.57972063179e-18,0.00139848003045
energy,14,1.38796875,0.0254255252583,3.11372881242e-18,0.000646457334658
energy,14,1.69640625,0.014287305491,1.74969029379e-18,0.000204127098192
energy,14,2.00484375,0.00361689716179,4.42942153204e-19,1.3081945079e-05
energy,14,2.31328125,-0.00693508254808,-8.49302664433e-19,4.80953699487e-05
energy,14,2.62171875,-0.017714138731,-2.16935632966e-18,0.000313790710981
energy,14,2.93015625,-0.0290732116792,-3.56044156238e-18,0.000845251637342
energy,14,3.23859375,-0.0413842332628,-5.06810688005e-18,0.00171265476275
energy,14,3.54703125,-0.0534345160259,-6.54384090151e-18,0.00285524750293
energy,14,3.85546875,-0.0633477385325,-7.7578605227e-18,0.00401293597718
energy,14,4.16390625,-0.0726429831906,-8.89619968448e-18,0.00527700300682
energy,14,4.47234375,-0.0812295718571,-9.94775351709e-18,0.00659824334409
energy,14,4.78078125,-0.0890237395594,-1.090226377e-17,0.00792522620515
energy,14,5.08921875,-0.0959494516497,-1.17504188843e-17,0.00920629727188
energy,14,5.39765625,-0.101939145548,-1.24839448303e-17,0.010391589395
energy,14,5.70609375,-0.106934389837,-1.30956858232e-17,0.0114349637298
energy,14,6.01453125,-0.110886454279,-1.35796741302e-17,0.0122958057426
energy,14,6.32296875,-0.113756785197,-1.39311882873e-17,0.0129406061784
energy,14,6.63140625,-0.115517381577,-1.41467991594e-17,0.0133442654464
energy,14,6.93984375,-0.116151068227,-1.42244033922e-17,0.0134910706503
energy,14,7.24828125,-0.115651663327,-1.4163243931e-17,0.0133753072303
energy,14,7.55671875,-0.114024038735,-1.39639174062e-17,0.0130014814094
energy,14,7.86515625,-0.111284072459,-1.36283683133e-17,0.012384144783
energy,14,8.17359375,-0.107458493764,-1.31598700429e-17,0.0115473278819
energy,14,8.48203125,-0.102584622417,-1.25629929485e-17,0.0105236047565
energy,14,8.79046875,-0.0967100046241,-1.18435597608e-17,0.0093528249944
energy,14,9.09890625,-0.0898919491966,-1.10085887853e-17,0.00808056253036
energy,14,9.40734375,-0.0821969684889,-1.0066225436e-17,0.00675634162877
energy,14,9.71578125,-0.0737001295473,-9.02566277469e-18,0.0054317090953
energy,14,10.02421875,-0.0644843218068,-7.89705182959e-18,0.00415822775888
energy,14,10.33265625,-0.0546394484773,-6.69140256849e-18,0.0029854693299
energy,14,10.64109375,-0.0442615495087,-5.42047649311e-18,0.00195908476491
energy,14,10.94953125,-0.03345186469,-4.09667190181e-18,0.00111902725124
energy,14,11.25796875,-0.0205914252206,-2.52172229863e-18,0.000424006792617
energy,14,11.56640625,-0.00668079314876,-8.18161194539e-19,4.46329970965e-05
energy,14,11.87484375,0.00701108868693,8.58610731899e-19,4.91553645761e-05
energy,14,12.18328125,0.0209325356764,2.56349628141e-18,0.000438171049842
energy,14,12.49171875,0.0355393798965,4.3523187834e-18,0.00126304752343
energy,14,12.80015625,0.0513098954913,6.2836499278e-18,0.00263270537532
energy,14,13.10859375,0.0687604588749,8.42072758691e-18,0.00472800070469
energy,14,13.41703125,0.0861330180561,1.05482524863e-17,0.00741889679945
energy,14,13.72546875,0.100335883088,1.22876018063e-17,0.010067289435
energy,14,14.03390625,0.113559938858,1.39070815634e-17,0.0128958597134
energy,14,14.34234375,0.12567618039,1.53908932044e-17,0.0157945023175
energy,14,14.65078125,0.136566409797,1.67245616629e-17,0.0186503842849
energy,14,14.95921875,0.146124389339,1.78950765682e-17,0.0213523371597
energy,14,15.26765625,0.154256877809,1.88910191655e-17,0.0237951843513
energy,14,15.57609375,0.160884540129,1.97026737101e-17,0.0258838352524
energy,14,15.88453125,0.165942721291,2.03221222471e-17,0.0275369867496
energy,14,16.19296875,0.169382077091,2.07433218542e-17,0.0286902880395
energy,14,16.50140625,0.171169055488,2.09621635917e-17,0.0292988455568
energy,14,16.80984375,0.171286223928,2.09765125871e-17,0.0293389705075
energy,14,17.11828125,0.169732439393,2.07862288614e-17,0.0288091009823
energy,14,17.42671875,0.166522859558,2.03931686942e-17,0.0277298627554
energy,14,17.73515625,0.161688794921,1.98011665158e-17,0.0261432664031
energy,14,18.04359375,0.15527740336,1.90159975004e-17,0.0241110719941
energy,14,18.35203125,0.147351230089,1.80453212279e-17,0.0217123850088
energy,14,18.66046875,0.137987597514,1.68986069618e-17,0.0190405770678
energy,14,18.96890625,0.127277850925,1.55870412738e-17,0.0161996513361
energy,14,19.27734375,0.115326467392,1.41234189149e-17,0.0133001940811
energy,14,19.58578125,0.102250036559,1.25220179985e-17,0.0104550699763
energy,14,19.89421875,0.0881761232732,1.07984607128e-17,0.00777502871549
energy,14,20.20265625,0.0732420231487,8.96956092122e-18,0.00536439395492
energy,14,20.51109375,0.0575934232026,7.0531601377e-18,0.0033170023962
energy,14,20.81953125,0.0413829806307,5.06795347685e-18,0.00171255108588
energy,14,21.12796875,0.0247688335867,3.03330727706e-18,0.000613495117248
energy,14,21.43640625,0.00791305849353,9.69070175557e-19,6.2616494722e-05
energy,14,21.74484375,-0.00901991106592,-1.10462052155e-18,8.13587956371e-05
energy,14,22.05328125,-0.0258648884513,-3.16753528522e-18,0.000668992454599
energy,14,22.36171875,-0.0424575454148,-5.19954970919e-18,0.00180264316265
energy,14,22.67015625,-0.0586360151764,-7.18084083005e-18,0.00343818227576
energy,14,22.97859375,-0.0742424714874,-9.09208050678e-18,0.00551194457255
energy,14,23.28703125,-0.0891246682769,-1.0914623973e-17,0.00794320649547
energy,14,23.59546875,-0.103137424862,-1.26306917229e-17,0.0106373284071
energy,14,23.90390625,-0.116144042232,-1.42235429559e-17,0.013489438546
energy,14,24.21234375,-0.128017636593,-1.56776388888e-17,0.0163885152788
energy,14,24.52078125,-0.138642377159,-1.69787943414e-17,0.0192217087444
energy,14,24.82921875,-0.147914616122,-1.81143161181e-17,0.0218787336627
energy,14,25.13765625,-0.155743899767,-1.90731268336e-17,0.0242561623146
energy,14,25.44609375,-0.162053850878,-1.98458729767e-17,0.0262614505843
energy,14,25.75453125,-0.166782913824,-2.04250161567e-17,0.0278165403435
energy,14,26.06296875,-0.169884955054,-2.0804906643e-17,0.0288608979537
energy,14,26.37140625,-0.171329713144,-2.09818384801e-17,0.0293538706061
energy,14,26.67984375,-0.171103094008,-2.09540856401e-17,0.0292762687792
energy,14,26.98828125,-0.16920730839,-2.07219188612e-17,0.0286311132125
energy,14,27.29671875,-0.165660850296,-2.02876030059e-17,0.0274435173207
energy,14,27.60515625,-0.160498316582,-1.9655374967e-17,0.0257597096255
energy,14,27.91359375,-0.153770069447,-1.88314023353e-17,0.0236452342577
energy,14,28.22203125,-0.145541745137,-1.78237232324e-17,0.0211823995775
energy,14,28.53046875,-0.135893613639,-1.66421678967e-17,0.0184670742278
energy,14,28.83890625,-0.124919795622,-1.52982627858e-17,0.0156049553382
energy,14,29.14734375,-0.112727344259,-1.38051181323e-17,0.0127074541437
energy,14,29.45578125,-0.0994352008905,-1.21773000493e-17,0.00988735917613
energy,14,29.76421875,-0.0829645276325,-1.01602243208e-17,0.00688311284528
energy,14,30.07265625,-0.067001867569,-8.20536226553e-18,0.00448925025773
energy,14,30.38109375,-0.0532330599463,-6.51916964721e-18,0.00283375867125
energy,14,30.68953125,-0.0412072705817,-5.04643520195e-18,0.0016980391488
energy,14,30.99796875,-0.030530737207,-3.73893695961e-18,0.000932125914401
energy,14,31.30640625,-0.0208538764499,-2.55386330441e-18,0.000434884162986
energy,14,31.61484375,-0.0118598373724,-1.45241118765e-18,0.000140655742499
energy,14,31.92328125,-0.00325412677158,-3.98515593483e-19,1.05893410455e-05
energy,14,32.23171875,0.00524503345654,6.42331343397e-19,2.75103759602e-05
energy,14,32.54015625,0.0139159326207,1.70421023411e-18,0.000193653180704
energy,14,32.84859375,0.0230424833041,2.82189034228e-18,0.00053095603682
energy,14,33.15703125,0.0317552471258,3.88889617487e-18,0.00100839572002
energy,14,33.46546875,0.038989957724,4.77489269256e-18,0.00152021680332
energy,14,33.77390625,0.0458443085692,5.61430857484e-18,0.00210170062819
energy,14,34.08234375,0.0522514332334,6.39895504601e-18,0.00273021227494
energy,14,34.39078125,0.0581488281261,7.12117762387e-18,0.00338128621243
energy,14,34.69921875,0.0634789622367,7.77393079164e-18,0.00402957864665
energy,14,35.00765625,0.0681898383689,8.35084672928e-18,0.00464985405677
energy,14,35.31609375,0.0722355003895,8.84629743368e-18,0.00521796751653
energy,14,35.62453125,0.0755764815463,9.25544962165e-18,0.00571180456291
energy,14,35.93296875,0.0781801894784,9.57431188014e-18,0.00611214202687
energy,14,36.24140625,0.0800212241658,9.79977360385e-18,0.00640339631699
energy,14,36.54984375,0.0810816257148,9.92963534013e-18,0.00657423002855
energy,14,36.85828125,0.0813510495624,9.96263024539e-18,0.00661799326491
energy,14,37.16671875,0.0808268673912,9.89843644357e-18,0.00653298249227
energy,14,37.47515625,0.0795141927691,9.73768016615e-18,0.00632250685173
energy,14,37.78359375,0.0774258312653,9.48192964303e-18,0.00599475934712
energy,14,38.09203125,0.0745821555271,9.13367980398e-18,0.00556249792307
energy,14,38.40046875,0.0710109065389,8.69632793974e-18,0.00504254884747
energy,14,38.70890625,0.0667469229992,8.17414056038e-18,0.00445515172986
energy,14,39.01734375,0.0618318014579,7.57221177409e-18,0.00382317167153
energy,14,39.32578125,0.0563134905287,6.89641359248e-18,0.00317120921553
energy,14,39.63421875,0.0502458231343,6.1533386472e-18,0.00252464274245
energy,14,39.94265625,0.043687991349,5.35023587668e-18,0.00190864058811
energy,14,40.25109375,0.0367039689605,4.49493981034e-18,0.00134718133745
energy,14,40.55953125,0.0293618873847,3.59579414026e-18,0.000862120430792
energy,14,40.86796875,0.0205520895703,2.5169050708e-18,0.000422388385704
energy,14,41.17640625,0.0112339505296,1.37576215578e-18,0.000126201644501
energy,14,41.48484375,0.00228364645654,2.79666032339e-19,5.21504113847e-06
energy,14,41.79328125,-0.00659188382981,-8.07272943253e-19,4.34529324258e-05
energy,14,42.10171875,-0.0156832531809,-1.92064458082e-18,0.000245964430335
energy,14,42.41015625,-0.0252881416997,-3.09690417889e-18,0.000639490110623
energy,14,42.71859375,-0.0357210437262,-4.37456618616e-18,0.00127599296489
energy,14,43.02703125,-0.045951757259,-5.62746724424e-18,0.00211156399519
energy,14,43.33546875,-0.0543623882987,-6.65747248241e-18,0.00295526926154
energy,14,43.64390625,-0.0622426965119,-7.62253190535e-18,0.00387415326907
energy,14,43.95234375,-0.0695158069218,-8.51323104369e-18,0.00483244741199
energy,14,44.26078125,-0.0761107679645,-9.32088083684e-18,0.00579284900015
energy,14,44.56921875,-0.0819632436444,-1.00376023977e-17,0.0067179733087
energy,14,44.87765625,-0.0870161411524,-1.06564038736e-17,0.00757180882106
energy,14,45.18609375,-0.0912201678256,-1.11712486545e-17,0.00832111901814
energy,14,45.49453125,-0.0945343120128,-1.15771142616e-17,0.00893673614773
energy,14,45.80296875,-0.0969262431565,-1.18700413435e-17,0.00939469661244
energy,14,46.11140625,-0.0983726271885,-1.2047172301e-17,0.00967717377996
energy,14,46.41984375,-0.0988593541607,-1.21067791639e-17,0.00977317190507
energy,14,46.72828125,-0.0983816758928,-1.20482804477e-17,0.00967895415148
energy,14,47.03671875,-0.0969442522922,-1.18722468265e-17,0.0093981880525
energy,14,47.34515625,-0.0945611058948,-1.15803955658e-17,0.00894180274805
energy,14,47.65359375,-0.0912554850709,-1.11755737697e-17,0.00832756355553
energy,14,47.96203125,-0.0870596372297,-1.06617306068e-17,0.00757938043457
energy,14,48.27046875,-0.0820144942352,-1.00438787849e-17,0.00672637726466
energy,14,48.57890625,-0.0761692731028,-9.32804564987e-18,0.00580175816501
energy,14,48.88734375,-0.0695809958707,-8.52121438745e-18,0.00484151498636
energy,14,49.19578125,-0.062313933332,-7.63125589973e-18,0.00388302628731
energy,14,49.50421875,-0.0544389780517,-6.66685202199e-18,0.00296360233131
energy,14,49.81265625,-0.0460329527867,-5.63741082856e-18,0.00211903274226
energy,14,50.12109375,-0.037177861055,-4.55297485401e-18,0.00138219335262
energy,14,50.42953125,-0.0279600871641,-3.42412312494e-18,0.000781766474222
energy,14,50.73796875,-0.0184695535045,-2.2618679581e-18,0.000341124406655
energy,14,51.04640625,-0.00879884332715,-1.07754753168e-18,7.74196438957e-05
energy,14,51.35484375,0.00095770243635,1.17284722321e-19,9.17193956591e-07
energy,14,51.66328125,0.0107049055003,1.31097282561e-18,0.000114595001769
energy,14,51.97171875,0.0203476787199,2.49187196144e-18,0.000414028029288
energy,14,52.28015625,0.0297919536978,3.64846207364e-18,0.000887560505132
energy,14,52.58859375,0.0389455984516,4.76946024846e-18,0.00151675963875
energy,14,52.89703125,0.0477193161914,5.84393078313e-18,0.00227713313777
energy,14,53.20546875,0.0560275164395,6.86139186718e-18,0.00313908259837
energy,14,53.51390625,0.0637891499928,7.81191783591e-18,0.00406905565681
energy,14,53.82234375,0.070928499585,8.68623599851e-18,0.00503085205338
energy,14,54.13078125,0.0773759185323,9.47581709617e-18,0.00598703276872
energy,14,54.43921875,0.0830685101604,1.01729585078e-17,0.00690037738026
energy,14,54.74765625,0.0879507413813,1.07708593915e-17,0.00773533290952
energy,14,55.05609375,0.0919749844374,1.12636870293e-17,0.00845939776226
energy,14,55.36453125,0.0951019815252,1.16466337267e-17,0.00904438689002
energy,14,55.67296875,0.0973012277684,1.1915963714e-17,0.00946752892523
energy,14,55.98140625,0.0985512688026,1.20690495891e-17,0.00971235258259
energy,14,56.28984375,0.0988399100698,1.21043979495e-17,0.00976932782261
energy,14,56.59828125,0.0981643357805,1.20216639604e-17,0.00963623681922
energy,14,56.90671875,0.096531136382,1.18216547188e-17,0.0093182602912
energy,14,57.21515625,0.0939562442672,1.15063213802e-17,0.0088277758368
energy,14,57.52359375,0.0904647783483,1.1078740124e-17,0.00818387612162
energy,14,57.83203125,0.0860907990141,1.05430821449e-17,0.00741162567489
energy,14,58.14046875,0.0808769758594,9.90457296109e-18,0.00654108522416
energy,14,58.44890625,0.0748741714294,9.16944143798e-18,0.00560614154724
energy,14,58.75734375,0.068140945039,8.34485902329e-18,0.0046431883908
energy,14,59.06578125,0.0607429815074,7.43886978737e-18,0.00368970980241
energy,14,59.37421875,0.0515151106737,6.30878153943e-18,0.00265380662772
energy,14,59.68265625,0.0427366673132,5.23373228314e-18,0.00182642273304
energy,14,59.99109375,0.0353575572147,4.33005192686e-18,0.00125015685219
energy,14,60.29953125,0.0291361650427,3.56815112589e-18,0.000848916113394
energy,14,60.60796875,0.0238687827978,2.92308284528e-18,0.000569718792248
energy,14,60.91640625,0.0193829397741,2.37372551524e-18,0.000375698354287
energy,14,61.22484375,0.0155317553246,1.90209144434e-18,0.000241235423463
energy,14,61.53328125,0.0121891295252,1.49273784574e-18,0.000148574878582
energy,14,61.84171875,0.00924561426603,1.1322611917e-18,8.54813831562e-05
energy,14,62.15015625,0.00660482957484,8.08858339774e-19,4.36237737126e-05
energy,14,62.45859375,0.00418030783287,5.11940060697e-19,1.74749735776e-05
energy,14,62.76703125,0.00216313913109,2.649081413e-19,4.67917090047e-06
energy,14,63.07546875,0.000395344880399,4.8415784234e-20,1.56297574458e-07
energy,14,63.38390625,-0.00137630608854,-1.68548884597e-19,1.89421844934e-06
energy,14,63.69234375,-0.00313453074273,-3.83869304092e-19,9.82528297713e-06
energy,14,64.00078125,-0.00486217702729,-5.95444953336e-19,2.36407654447e-05
energy,14,64.30921875,-0.00654239118929,-8.01211842873e-19,4.28028824737e-05
energy,14,64.61765625,-0.00815878219161,-9.9916264959e-19,6.65657268502e-05
energy,14,64.92609375,-0.0096955816129,-1.18736629881e-18,9.40043028124e-05
energy,14,65.23453125,-0.0111377974736,-1.36398680256e-18,0.000124050532563
energy,14,65.54296875,-0.0124713604877,-1.52730117022e-18,0.000155534832414
energy,14,65.85140625,-0.013683261313,-1.67571621689e-18,0.00018723164016
energy,14,66.15984375,-0.0147616774618,-1.80778410536e-18,0.000217907121486
energy,14,66.46828125,-0.0156960886329,-1.92221647034e-18,0.00024636719837
energy,14,66.77671875,-0.0164773793405,-2.01789698676e-18,0.000271504029929
energy,14,67.08515625,-0.0170979278389,-2.09389226e-18,0.000292339136386
energy,14,67.39359375,-0.0175516804753,-2.14946093138e-18,0.000308061487509
energy,14,67.70203125,-0.0178342107447,-2.18406091038e-18,0.000318059072887
energy,14,68.01046875,-0.0179427624722,-2.19735466294e-18,0.000321942725132
energy,14,68.31890625,-0.0178762767001,-2.18921250415e-18,0.00031956126866
energy,14,68.62734375,-0.0176354020191,-2.15971386343e-18,0.000311007404374
energy,14,68.93578125,-0.01722248824,-2.10914650964e-18,0.000296614101176
energy,14,69.24421875,-0.0166415634715,-2.03800374382e-18,0.000276941634776
energy,14,69.55265625,-0.0158982948242,-1.94697958683e-18,0.000252755778316
energy,14,69.86109375,-0.014999933126,-1.83696200902e-18,0.000224997993785
energy,14,70.16953125,-0.0139552421884,-1.70902426774e-18,0.000194748784538
energy,14,70.47796875,-0.0125915610795,-1.54202149723e-18,0.000158547410418
energy,14,70.78640625,-0.0114573151562,-1.40311643329e-18,0.000131270070589
energy,14,71.09484375,-0.0106982178629,-1.31015382624e-18,0.000114451865442
energy,14,71.40328125,-0.0102894139602,-1.26008978715e-18,0.000105872039645
energy,14,71.71171875,-0.0102175179193,-1.2512850615e-18,0.00010439767243
energy,14,72.02015625,-0.0104801756368,-1.28345135482e-18,0.000109834081379
energy,14,72.32859375,-0.011085987355,-1.35764189297e-18,0.000122899115635
energy,14,72.63703125,-0.0119402443053,-1.46225819695e-18,0.00014256943407
energy,14,72.94546875,-0.0125634753238,-1.53858198415e-18,0.000157840912213
energy,14,73.25390625,-0.0130641455434,-1.59989640233e-18,0.000170671898778
energy,14,73.56234375,-0.0134373707626,-1.64560330934e-18,0.000180562933012
energy,14,73.87078125,-0.0136795100479,-1.6752568194e-18,0.00018712899515
energy,14,74.17921875,-0.0137882012514,-1.68856765285e-18,0.000190114493749
energy,14,74.48765625,-0.0137623840551,-1.68540595817e-18,0.000189403214879
energy,14,74.79609375,-0.0136023103141,-1.66580257871e-18,0.000185022845881
energy,14,75.10453125,-0.0133095416,-1.62994875185e-18,0.000177143897601
energy,14,75.41296875,-0.012886933967,-1.57819424335e-18,0.00016607306707
energy,14,75.72140625,-0.0123386100905,-1.51104393532e-18,0.000152241298965
energy,14,76.02984375,-0.0116699190486,-1.42915290092e-18,0.000136187010601
energy,14,76.33828125,-0.0108873841406,-1.33332001389e-18,0.000118535133425
energy,14,76.64671875,-0.00999863924971,-1.2244801553e-18,9.99727868458e-05
energy,14,76.95515625,-0.00901235437214,-1.10369509346e-18,8.12225313291e-05
energy,14,77.26359375,-0.00793815103855,-9.72143126051e-19,6.30142419108e-05
energy,14,77.57203125,-0.00678650845277,-8.31107585407e-19,4.60566969795e-05
energy,14,77.88046875,-0.0055686612638,-6.81964319225e-19,3.10099882709e-05
energy,14,78.18890625,-0.00429648996814,-5.26168268705e-19,1.84598260463e-05
energy,14,78.49734375,-0.00298240501166,-3.65239275129e-19,8.89473965355e-06
energy,14,78.80578125,-0.00163922572166,-2.00747253311e-19,2.68706096654e-06
energy,14,79.11421875,-0.000280055250155,-3.42968765687e-20,7.84309431396e-08
energy,14,79.42265625,0.00108184725164,1.32488077389e-19,1.17039347589e-06
energy,14,79.73109375,0.00243319598069,2.97980566945e-19,5.92044268044e-06
energy,14,80.03953125,0.00376080808942,4.60566158892e-19,1.41436774855e-05
energy,14,80.34796875,0.00505173228876,6.18658777758e-19,2.55199991173e-05
energy,14,80.65640625,0.00629337519214,7.70716178489e-19,3.96065713091e-05
energy,14,80.96484375,0.00747362416811,9.15254991551e-19,5.58550582062e-05
energy,14,81.27328125,0.00858096550301,1.05086519369e-18,7.36329689638e-05
energy,14,81.58171875,0.00960459672098,1.17622386314e-18,9.22482781726e-05
energy,14,81.89015625,0.0105345319657,1.29010808523e-18,0.000110976363736
energy,14,82.19859375,0.0113616994155,1.3914068822e-18,0.000129088213608
energy,14,82.50703125,0.0120780297822,1.47913205128e-18,0.00014587880342
energy,14,82.81546875,0.0126765350295,1.55242780481e-18,0.000160694540353
energy,14,83.12390625,0.0131513765434,1.61057911883e-18,0.000172958704987
energy,14,83.43234375,0.0134979220903,1.6530187083e-18,0.000182193900755
energy,14,83.74078125,0.0137127910051,1.67933256118e-18,0.00018804063715
energy,14,84.04921875,0.0137938871717,1.68926397726e-18,0.000190271323305
energy,14,84.35765625,0.0137404194704,1.68271607234e-18,0.000188799127223
energy,14,84.66609375,0.0135529094961,1.65975272336e-18,0.00018368135581
energy,14,84.97453125,0.0132331864698,1.62059794528e-18,0.000175117224145
energy,14,85.28296875,0.0127843693938,1.56563370573e-18,0.000163440100798
energy,14,85.59140625,0.0122108366252,1.49539619879e-18,0.000149104531087
energy,14,85.89984375,0.011518183163,1.41057061426e-18,0.000132668543376
energy,14,86.20828125,0.0107131660677,1.31198445336e-18,0.000114771927195
energy,14,86.51671875,0.00980363854368,1.20059945625e-18,9.61113286951e-05
energy,14,86.82515625,0.00879847332845,1.07750221991e-18,7.74131329114e-05
energy,14,87.13359375,0.00770747613652,9.43893598009e-19,5.9405188395e-05
energy,14,87.44203125,0.0065412900013,8.01076986238e-19,4.2788474881e-05
energy,14,87.75046875,0.00531129144885,6.50445607218e-19,2.82098168546e-05
energy,14,88.05890625,0.00402947951619,4.93468919174e-19,1.62367051714e-05
energy,14,88.36734375,0.00270835869675,3.31678280892e-19,7.33520683029e-06
energy,14,88.67578125,0.00136081695497,1.66652012813e-19,1.85182278494e-06
energy,15,-59.06578125,2.6004744949e-07,0,6.76246759862e-14
energy,15,-58.75734375,5.28113562877e-07,0,2.78903935294e-13
energy,15,-58.44890625,8.12464262667e-07,0,6.60098178111e-13
energy,15,-58.14046875,1.1218676129e-06,0,1.25858694087e-12
energy,15,-57.83203125,1.4658641858e-06,0,2.14875781121e-12
energy,15,-57.52359375,1.85506124903e-06,0,3.44125223764e-12
energy,15,-57.21515625,2.30145984487e-06,0,5.29671741755e-12
energy,15,-56.90671875,2.81882484705e-06,0,7.94577351836e-12
energy,15,-56.59828125,3.42310940594e-06,0,1.17176780051e-11
energy,15,-56.28984375,4.13294687013e-06,0,1.70812498313e-11
energy,15,-55.98140625,4.97022535295e-06,0,2.47031400591e-11
energy,15,-55.67296875,5.84364785102e-06,0,3.41482202067e-11
energy,15,-55.36453125,6.53443674664e-06,0,4.26988635958e-11
energy,15,-55.05609375,7.15196174674e-06,0,5.11505568268e-11
energy,15,-54.74765625,7.68929918082e-06,0,5.91253218921e-11
energy,15,-54.43921875,8.14042443876e-06,0,6.62665100431e-11
energy,15,-54.13078125,8.50027951863e-06,0,7.22547518948e-11
energy,15,-53.82234375,8.76482973679e-06,0,7.6822240315e-11
energy,15,-53.51390625,8.93110896468e-06,0,7.9764707339e-11
energy,15,-53.20546875,8.99725288492e-06,0,8.09505594752e-11
energy,15,-52.89703125,8.96251989399e-06,0,8.03267628501e-11
energy,15,-52.58859375,8.82729941707e-06,0,7.79212149985e-11
energy,15,-52.28015625,8.59310754182e-06,0,7.38414972252e-11
energy,15,-51.97171875,8.26257002004e-06,0,6.82700633361e-11
energy,15,-51.66328125,7.83939282784e-06,0,6.14560799093e-11
energy,15,-51.35484375,7.32832061435e-06,0,5.37042830268e-11
energy,15,-51.04640625,6.73508350486e-06,0,4.53613498174e-11
energy,15,-50.73796875,6.06633285483e-06,0,3.68003943056e-11
energy,15,-50.42953125,5.32956667513e-06,0,2.84042809446e-11
energy,15,-50.12109375,4.53304556457e-06,0,2.05485020905e-11
energy,15,-49.81265625,3.68570009234e-06,0,1.35843851706e-11
energy,15,-49.50421875,2.79703066872e-06,0,7.82338056174e-12
energy,15,-49.19578125,1.87700102683e-06,0,3.52313285471e-12
energy,15,-48.88734375,9.35926509542e-07,0,8.75958431264e-13
energy,15,-48.57890625,-1.56415857894e-08,0,2.44659206009e-16
energy,15,-48.27046875,-9.67034308162e-07,0,9.35155353163e-13
energy,15,-47.96203125,-2.05322959872e-06,0,4.21575178506e-12
energy,15,-47.65359375,-3.34838194564e-06,0,1.12116616539e-11
energy,15,-47.34515625,-4.74678294766e-06,0,2.25319483522e-11
energy,15,-47.03671875,-6.29155284167e-06,0,3.95836371595e-11
energy,15,-46.72828125,-8.0303252061e-06,0,6.44861229157e-11
energy,15,-46.41984375,-1.00167157607e-05,0,1.00334594631e-10
energy,15,-46.11140625,-1.23119756282e-05,0,1.5158474387e-10
energy,15,-45.80296875,-1.46706164097e-05,0,2.15226985839e-10
energy,15,-45.49453125,-1.65485070832e-05,0,2.73853086683e-10
energy,15,-45.18609375,-1.82408564254e-05,0,3.3272884313e-10
energy,15,-44.87765625,-1.97286898695e-05,0,3.89221203968e-10
energy,15,-44.56921875,-2.09953258748e-05,0,4.40803708587e-10
energy,15,-44.26078125,-2.20265629588e-05,0,4.85169475776e-10
energy,15,-43.95234375,-2.28108389244e-05,0,5.20334372434e-10
energy,15,-43.64390625,-2.33393604946e-05,0,5.44725748296e-10
energy,15,-43.33546875,-2.36062019025e-05,0,5.5725276826e-10
energy,15,-43.02703125,-2.36083713307e-05,0,5.5735519689e-10
energy,15,-42.71859375,-2.33458444558e-05,0,5.45028453354e-10
energy,15,-42.41015625,-2.28215647206e-05,0,5.20823816295e-10
energy,15,-42.10171875,-2.20414103326e-05,0,4.85823769452e-10
energy,15,-41.79328125,-2.10141283581e-05,0,4.41593590649e-10
energy,15,-41.48484375,-1.97512366494e-05,0,3.9011134918e-10
energy,15,-41.17640625,-1.8266894708e-05,0,3.33679442275e-10
energy,15,-40.86796875,-1.65777449283e-05,0,2.74821626908e-10
energy,15,-40.55953125,-1.47027260034e-05,0,2.16170151931e-10
energy,15,-40.25109375,-1.26628605855e-05,0,1.60348038207e-10
energy,15,-39.94265625,-1.04810195802e-05,0,1.09851771441e-10
energy,15,-39.63421875,-8.18166571915e-06,0,6.69396539399e-11
energy,15,-39.32578125,-5.79057928409e-06,0,3.35308084454e-11
energy,15,-39.01734375,-3.33456905957e-06,0,1.11193508131e-11
energy,15,-38.70890625,-8.41171753561e-07,0,7.07569918989e-13
energy,15,-38.40046875,1.66165674321e-06,0,2.76110313225e-12
energy,15,-38.09203125,4.1458547978e-06,0,1.71881120044e-11
energy,15,-37.78359375,6.58356966118e-06,0,4.33433894836e-11
energy,15,-37.47515625,8.94746975239e-06,0,8.005721497e-11
energy,15,-37.16671875,1.12110510993e-05,0,1.25687666752e-10
energy,15,-36.85828125,1.33489345004e-05,0,1.78194052296e-10
energy,15,-36.54984375,1.53371500754e-05,0,2.35228172436e-10
energy,15,-36.24140625,1.71534060151e-05,0,2.94239337918e-10
energy,15,-35.93296875,1.87773385159e-05,0,3.52588441739e-10
energy,15,-35.62453125,2.01907400986e-05,0,4.07665985731e-10
energy,15,-35.31609375,2.13777637501e-05,0,4.57008782957e-10
energy,15,-35.00765625,2.23251005992e-05,0,4.98410116764e-10
energy,15,-34.69921875,2.30221291354e-05,0,5.30018429926e-10
energy,15,-34.39078125,2.34610342971e-05,0,5.50420130289e-10
energy,15,-34.08234375,2.36368950937e-05,0,5.58702809671e-10
energy,15,-33.77390625,2.35477397796e-05,0,5.54496048728e-10
energy,15,-33.46546875,2.31945679613e-05,0,5.37987982912e-10
energy,15,-33.15703125,2.258133939e-05,0,5.09916888645e-10
energy,15,-32.84859375,2.17149295646e-05,0,4.71538165997e-10
energy,15,-32.54015625,2.06050526445e-05,0,4.24568194484e-10
energy,15,-32.23171875,1.92641525342e-05,0,3.7110757286e-10
energy,15,-31.92328125,1.77072633626e-05,0,3.13547175793e-10
energy,15,-31.61484375,1.59518409214e-05,0,2.54461228781e-10
energy,15,-31.30640625,1.40175669507e-05,0,1.96492183216e-10
energy,15,-30.99796875,1.19261284683e-05,0,1.42232540241e-10
energy,15,-30.68953125,9.70097461547e-06,0,9.410890849e-11
energy,15,-30.38109375,7.36705374601e-06,0,5.42734808966e-11
energy,15,-30.07265625,4.95053370591e-06,0,2.45077839733e-11
energy,15,-29.76421875,2.47850844046e-06,0,6.14300408944e-12
energy,15,-29.45578125,-4.08403880152e-07,0,1.66793729323e-13
energy,15,-29.14734375,-3.69500759062e-06,0,1.36530810948e-11
energy,15,-28.83890625,-7.0955482923e-06,0,5.03468055683e-11
energy,15,-28.53046875,-1.07148829757e-05,0,1.14808717184e-10
energy,15,-28.22203125,-1.46646152287e-05,0,2.15050939806e-10
energy,15,-27.91359375,-1.90665365761e-05,0,3.63532817009e-10
energy,15,-27.60515625,-2.40563819689e-05,0,5.78709513433e-10
energy,15,-27.29671875,-2.97880152237e-05,0,8.87325850965e-10
energy,15,-26.98828125,-3.64381734734e-05,0,1.32774048608e-09
energy,15,-26.67984375,-4.42119169253e-05,0,1.95469359821e-09
energy,15,-26.37140625,-5.33489519717e-05,0,2.84611067648e-09
energy,15,-26.06296875,-6.28562194037e-05,0,3.95090431773e-09
energy,15,-25.75453125,-7.03839416911e-05,0,4.95389924798e-09
energy,15,-25.44609375,-7.71225214786e-05,0,5.94788331922e-09
energy,15,-25.13765625,-8.29964060255e-05,0,6.88840341315e-09
energy,15,-24.82921875,-8.79397375264e-05,0,7.73339743621e-09
energy,15,-24.52078125,-9.18970915068e-05,0,8.4450754274e-09
energy,15,-24.21234375,-9.48240982406e-05,0,8.99160960714e-09
energy,15,-23.90390625,-9.66879402221e-05,0,9.34855778439e-09
energy,15,-23.59546875,-9.74677201147e-05,0,9.49995646435e-09
energy,15,-23.28703125,-9.71546950512e-05,0,9.43903477048e-09
energy,15,-22.97859375,-9.57523746586e-05,0,9.16851725275e-09
energy,15,-22.67015625,-9.32764817082e-05,0,8.70050203986e-09
energy,15,-22.36171875,-8.97547758325e-05,0,8.05591978474e-09
energy,15,-22.05328125,-8.5226742285e-05,0,7.26359760051e-09
energy,15,-21.74484375,-7.97431492327e-05,0,6.35896984955e-09
energy,15,-21.43640625,-7.33654785454e-05,0,5.38249344219e-09
energy,15,-21.12796875,-6.61652364625e-05,0,4.37783851613e-09
energy,15,-20.81953125,-5.82231518676e-05,0,3.38993541339e-09
energy,15,-20.51109375,-4.96282711588e-05,0,2.46296529821e-09
energy,15,-20.20265625,-4.04769598633e-05,0,1.63838427978e-09
energy,15,-19.89421875,-3.08718221903e-05,0,9.53069405352e-10
energy,15,-19.58578125,-2.09205506358e-05,0,4.37669438903e-10
energy,15,-19.27734375,-1.07347185375e-05,0,1.1523418208e-10
energy,15,-18.96890625,-4.28529118883e-07,0,1.83637205731e-13
energy,15,-18.66046875,9.88246495452e-06,0,9.76631135773e-11
energy,15,-18.35203125,2.16621645205e-05,0,4.69249371714e-10
energy,15,-18.04359375,3.56893326987e-05,0,1.27372846848e-09
energy,15,-17.73515625,5.08169952835e-05,0,2.58236700965e-09
energy,15,-17.42671875,6.75116196141e-05,0,4.55781878292e-09
energy,15,-17.11828125,8.62879909023e-05,0,7.44561737395e-09
energy,15,-16.80984375,0.000107725085834,0,1.1604694118e-08
energy,15,-16.50140625,0.000132483925541,0,1.75519905268e-08
energy,15,-16.19296875,0.000157917624068,0,2.49379759912e-08
energy,15,-15.88453125,0.000178170420877,0,3.17446988753e-08
energy,15,-15.57609375,0.000196425576633,0,3.85830071557e-08
energy,15,-15.26765625,0.000212478415116,0,4.51470768903e-08
energy,15,-14.95921875,0.000226148952415,0,5.11433486782e-08
energy,15,-14.65078125,0.000237283914902,0,5.63036562711e-08
energy,15,-14.34234375,0.000245758457735,0,6.03972195484e-08
energy,15,-14.03390625,0.000251477564612,0,6.32409655032e-08
energy,15,-13.72546875,0.000254377113089,0,6.47077156635e-08
energy,15,-13.41703125,0.000254424593522,0,6.47318737887e-08
energy,15,-13.10859375,0.000251619473561,0,6.3312359475e-08
energy,15,-12.80015625,0.000245993204122,0,6.0512656474e-08
energy,15,-12.49171875,0.000237608866757,0,5.64579735615e-08
energy,15,-12.18328125,0.000226560466389,0,5.13296449302e-08
energy,15,-11.87484375,0.000212971877328,0,4.53570205325e-08
energy,15,-11.56640625,0.0001969954544,0,3.88072090541e-08
energy,15,-11.25796875,0.000178810324746,0,3.19731322359e-08
energy,15,-10.94953125,0.000158620379459,0,2.51604247798e-08
energy,15,-10.64109375,0.000136651987558,0,1.86737657037e-08
energy,15,-10.33265625,0.00011315145795,0,1.28032524362e-08
energy,15,-10.02421875,8.83822778188e-05,0,7.81142703243e-09
energy,15,-9.71578125,6.26221584197e-05,0,3.92153472514e-09
energy,15,-9.40734375,3.61599213862e-05,0,1.30753991466e-09
energy,15,-9.09890625,9.29226047231e-06,0,8.63461046853e-11
energy,15,-8.79046875,-1.76795849684e-05,0,3.12567724654e-10
energy,15,-8.48203125,-4.44532074687e-05,0,1.97608765425e-09
energy,15,-8.17359375,-7.07284220306e-05,0,5.00250968294e-09
energy,15,-7.86515625,-9.62106317902e-05,0,9.25648566947e-09
energy,15,-7.55671875,-0.000120614131028,0,1.45477686036e-08
energy,15,-7.24828125,-0.000143665308491,0,2.06397208639e-08
energy,15,-6.93984375,-0.000165105715118,0,2.72598971645e-08
energy,15,-6.63140625,-0.000184694961754,0,3.41122288974e-08
energy,15,-6.32296875,-0.000202213414395,0,4.08902649615e-08
energy,15,-6.01453125,-0.000217464656711,0,4.72908769185e-08
energy,15,-5.70609375,-0.000230277692261,0,5.30278155531e-08
energy,15,-5.39765625,-0.000240508861701,0,5.78445125568e-08
energy,15,-5.08921875,-0.000248043453487,0,6.15255548179e-08
energy,15,-4.78078125,-0.000252796990017,0,6.39063181618e-08
energy,15,-4.47234375,-0.000254716174792,0,6.48803297009e-08
energy,15,-4.16390625,-0.000253779489974,0,6.44040295315e-08
energy,15,-3.85546875,-0.000249997437643,0,6.24987188279e-08
energy,15,-3.54703125,-0.000243412422048,0,5.92496072071e-08
energy,15,-3.23859375,-0.000234098274173,0,5.48020019708e-08
energy,15,-2.93015625,-0.000222159423946,0,4.93548096482e-08
energy,15,-2.62171875,-0.000207729729374,0,4.31516404658e-08
energy,15,-2.31328125,-0.000190970975729,0,3.64699135711e-08
energy,15,-2.00484375,-0.000172071061622,0,2.96084502476e-08
energy,15,-1.69640625,-0.000151241892282,0,2.28741099812e-08
energy,15,-1.38796875,-0.000128717003691,0,1.65680670392e-08
energy,15,-1.07953125,-0.000104748944177,0,1.09723413062e-08
energy,15,-0.77109375,-7.96064428559e-05,0,6.33718574417e-09
energy,15,-0.46265625,-5.35713966472e-05,0,2.86989453874e-09
energy,15,-0.15421875,-2.69357096553e-05,0,7.25532454632e-10
energy,15,0.15421875,4.17330094243e-06,0,1.74164407561e-11
energy,15,0.46265625,3.9582318184e-05,0,1.56675991282e-09
energy,15,0.77109375,7.62118715484e-05,0,5.80824936492e-09
energy,15,1.07953125,0.000115191447511,0,1.32690695797e-08
energy,15,1.38796875,0.000157722996405,0,2.48765435949e-08
energy,15,1.69640625,0.000205117995025,0,4.2073391883e-08
energy,15,2.00484375,0.000258837886523,0,6.69970514996e-08
energy,15,2.31328125,0.000320539144575,0,1.02745343205e-07
energy,15,2.62171875,0.000392124351388,0,1.53761506952e-07
energy,15,2.93015625,0.00047580086456,0,2.26386462716e-07
energy,15,3.23859375,0.000574148881806,0,3.29646938479e-07
energy,15,3.54703125,0.000676479740241,0,4.57624838956e-07
energy,15,3.85546875,0.000757504667379,0,5.73813321101e-07
energy,15,4.16390625,0.000830036476449,0,6.88960552236e-07
energy,15,4.47234375,0.00089326194313,0,7.97916899045e-07
energy,15,4.78078125,0.000946472185516,0,8.95809597956e-07
energy,15,5.08921875,0.000989070612073,0,9.78260675667e-07
energy,15,5.39765625,0.00102057961061,0,1.04158274159e-06
energy,15,5.70609375,0.00104064590324,0,1.08294389592e-06
energy,15,6.01453125,0.00104904450733,0,1.10049437835e-06
energy,15,6.32296875,0.001045681258,0,1.09344929334e-06
energy,15,6.63140625,0.00103059386391,0,1.06212371233e-06
energy,15,6.93984375,0.00100395148442,0,1.00791858307e-06
energy,15,7.24828125,0.000966052833044,0,9.33258076233e-07
energy,15,7.55671875,0.000917322828247,0,8.41481171223e-07
energy,15,7.86515625,0.00085830782928,0,7.36692329804e-07
energy,15,8.17359375,0.000789669510423,0,6.23577935692e-07
energy,15,8.48203125,0.000712177442307,0,5.07196709332e-07
energy,15,8.79046875,0.000626700463519,0,3.92753470976e-07
energy,15,9.09890625,0.000534196939207,0,2.85366369859e-07
energy,15,9.40734375,0.000435704015923,0,1.89837989491e-07
energy,15,9.71578125,0.000332325993167,0,1.10440565735e-07
energy,15,10.02421875,0.00022522194202,0,5.07249231675e-08
energy,15,10.33265625,0.000115592709674,0,1.33616745297e-08
energy,15,10.64109375,4.66745556801e-06,0,2.17851414794e-11
energy,15,10.94953125,-0.0001063101299,0,1.13018437193e-08
energy,15,11.25796875,-0.000233096157833,0,5.43338187964e-08
energy,15,11.56640625,-0.000384070184375,0,1.47509906526e-07
energy,15,11.87484375,-0.000546887163914,0,2.99085570054e-07
energy,15,12.18328125,-0.000726567621121,0,5.27900508062e-07
energy,15,12.49171875,-0.000928652072536,0,8.62394671825e-07
energy,15,12.80015625,-0.00115937187054,0,1.34414313421e-06
energy,15,13.10859375,-0.00142584134954,0,2.03302355406e-06
energy,15,13.41703125,-0.00169957324546,0,2.88854921669e-06
energy,15,13.72546875,-0.00191754562685,0,3.67698123107e-06
energy,15,14.03390625,-0.0021140185481,0,4.4690744217e-06
energy,15,14.34234375,-0.00228678916109,0,5.22940466728e-06
energy,15,14.65078125,-0.00243392036725,0,5.92396835413e-06
energy,15,14.95921875,-0.00255376253622,0,6.52170309138e-06
energy,15,15.26765625,-0.00264497200142,0,6.99587688829e-06
energy,15,15.57609375,-0.00270652612526,0,7.3252836667e-06
energy,15,15.88453125,-0.00273773476487,0,7.49519164277e-06
energy,15,16.19296875,-0.00273824800999,0,7.49800216419e-06
energy,15,16.50140625,-0.00270806010612,0,7.33358953835e-06
energy,15,16.80984375,-0.00264750951908,0,7.00930665361e-06
energy,15,17.11828125,-0.00255727514011,0,6.53965614222e-06
energy,15,17.42671875,-0.00243836867418,0,5.94564179121e-06
energy,15,17.73515625,-0.00229212329677,0,5.2538292076e-06
energy,15,18.04359375,-0.00212017870638,0,4.49515774697e-06
energy,15,18.35203125,-0.00192446274023,0,3.70355683854e-06
energy,15,18.66046875,-0.00170716975949,0,2.9144285877e-06
energy,15,18.96890625,-0.00147073604608,0,2.16306451722e-06
energy,15,19.27734375,-0.00121781248722,0,1.48306725404e-06
energy,15,19.58578125,-0.00095123485377,0,9.04847747027e-07
energy,15,19.89421875,-0.000673992005604,0,4.54265223618e-07
energy,15,20.20265625,-0.000389192380659,0,1.51470709163e-07
energy,15,20.51109375,-0.000100029143207,0,1.00058294908e-08
energy,15,20.81953125,0.000190255617794,0,3.61972001022e-08
energy,15,21.12796875,0.000478407238902,0,2.28873486234e-07
energy,15,21.43640625,0.000761194973371,0,5.79417787486e-07
energy,15,21.74484375,0.00103544821418,0,1.07215300425e-06
energy,15,22.05328125,0.00129809204278,0,1.68504295152e-06
energy,15,22.36171875,0.00154618170496,0,2.39067786477e-06
energy,15,22.67015625,0.0017769356274,0,3.15750022393e-06
energy,15,22.97859375,0.0019877666045,0,3.95121607395e-06
energy,15,23.28703125,0.00217631080609,0,4.73632872471e-06
energy,15,23.59546875,0.00234045428063,0,5.47772623973e-06
energy,15,23.90390625,0.00247835665674,0,6.14225171803e-06
energy,15,24.21234375,0.0025884717774,0,6.7001861424e-06
energy,15,24.52078125,0.00266956503539,0,7.1265774782e-06
energy,15,24.82921875,0.00272072721572,0,7.40235658235e-06
energy,15,25.13765625,0.00274138468964,0,7.5151900166e-06
energy,15,25.44609375,0.00273130584623,0,7.46003162565e-06
energy,15,25.75453125,0.00269060368915,0,7.23934821208e-06
energy,15,26.06296875,0.00261973456969,0,6.86300921564e-06
energy,15,26.37140625,0.00251949307014,0,6.3478453305e-06
energy,15,26.67984375,0.00239100309499,0,5.71689580026e-06
energy,15,26.98828125,0.00223570526972,0,4.99837805305e-06
energy,15,27.29671875,0.00205534078857,0,4.22442575717e-06
energy,15,27.60515625,0.00185193189234,0,3.42965173385e-06
energy,15,27.91359375,0.00162775919504,0,2.64959999703e-06
energy,15,28.22203125,0.00138533611378,0,1.91915614815e-06
energy,15,28.53046875,0.00112738068839,0,1.27098721656e-06
energy,15,28.83890625,0.00085678510683,0,7.34080719286e-07
energy,15,29.14734375,0.000576583278094,0,3.32448276577e-07
energy,15,29.45578125,0.000289916816111,0,8.4051760264e-08
energy,15,29.76421875,-4.48940477399e-05,0,2.01547552248e-09
energy,15,30.07265625,-0.000425983100766,0,1.81461602138e-07
energy,15,30.38109375,-0.00082020750781,0,6.72740355868e-07
energy,15,30.68953125,-0.00123972333126,0,1.53691393808e-06
energy,15,30.99796875,-0.00169746650414,0,2.88139253268e-06
energy,15,31.30640625,-0.00220755171459,0,4.8732845726e-06
energy,15,31.61484375,-0.00278570763779,0,7.76016704325e-06
energy,15,31.92328125,-0.00344976193572,0,1.19008574131e-05
energy,15,32.23171875,-0.00422019098002,0,1.78100119079e-05
energy,15,32.54015625,-0.0051207512489,0,2.62220933531e-05
energy,15,32.84859375,-0.0061792118673,0,3.81826593009e-05
energy,15,33.15703125,-0.00728053720634,0,5.30062220129e-05
energy,15,33.46546875,-0.00815255972314,0,6.64642300394e-05
energy,15,33.77390625,-0.00893317600145,0,7.98016334729e-05
energy,15,34.08234375,-0.00961363379656,0,9.24219547743e-05
energy,15,34.39078125,-0.0101863038375,0,0.000103760785869
energy,15,34.69921875,-0.010644765366,0,0.000113311029697
energy,15,35.00765625,-0.0109838781262,0,0.000120645578691
energy,15,35.31609375,-0.0111998399966,0,0.00012543641595
energy,15,35.62453125,-0.0112902296198,0,0.000127469284867
energy,15,35.93296875,-0.01125403355,0,0.000126653271145
energy,15,36.24140625,-0.0110916576166,0,0.000123024868683
energy,15,36.54984375,-0.0108049223732,0,0.000116746347491
energy,15,36.85828125,-0.0103970426862,0,0.00010809849662
energy,15,37.16671875,-0.0098725916897,0,9.74680666715e-05
energy,15,37.47515625,-0.00923744951135,0,8.53304734747e-05
energy,15,37.78359375,-0.00849873734494,0,7.22285364584e-05
energy,15,38.09203125,-0.00766473760764,0,5.8748202594e-05
energy,15,38.40046875,-0.00674480107778,0,4.54923415788e-05
energy,15,38.70890625,-0.00574924205426,0,3.30537841985e-05
energy,15,39.01734375,-0.00468922271298,0,2.19888096519e-05
energy,15,39.32578125,-0.00357662795683,0,1.27922675416e-05
energy,15,39.63421875,-0.00242393216259,0,5.87544712882e-06
energy,15,39.94265625,-0.00124405931857,0,1.54768358813e-06
energy,15,40.25109375,-5.0238121328e-05,0,2.52386883456e-09
energy,15,40.55953125,0.00114414634412,0,1.30907085677e-06
energy,15,40.86796875,0.00250866755738,0,6.29341291346e-06
energy,15,41.17640625,0.00413350938707,0,1.7085899853e-05
energy,15,41.48484375,0.00588580958083,0,3.46427544217e-05
energy,15,41.79328125,0.00781960099429,0,6.11461597098e-05
energy,15,42.10171875,0.00999451283521,0,9.98902868131e-05
energy,15,42.41015625,0.0124776093532,0,0.00015569073517
energy,15,42.71859375,0.0153454577918,0,0.000235483074839
energy,15,43.02703125,0.0182914671171,0,0.000334577769295
energy,15,43.33546875,0.0206373708469,0,0.000425901075473
energy,15,43.64390625,0.0227518890358,0,0.000517648454699
energy,15,43.95234375,0.0246113137736,0,0.000605716765663
energy,15,44.26078125,0.0261947972496,0,0.000686167402949
energy,15,44.56921875,0.0274845854979,0,0.000755402439992
energy,15,44.87765625,0.0284662174539,0,0.000810325536132
energy,15,45.18609375,0.0291286870915,0,0.000848480411677
energy,15,45.49453125,0.0294645668225,0,0.000868160698037
energy,15,45.80296875,0.029470090774,0,0.000868486250226
energy,15,46.11140625,0.0291451970116,0,0.000849442508845
energy,15,46.41984375,0.0284935282338,0,0.000811881151213
energy,15,46.72828125,0.0275223909302,0,0.000757482002512
energy,15,47.03671875,0.0262426734609,0,0.000688677910375
energy,15,47.34515625,0.0246687239773,0,0.000608545942669
energy,15,47.65359375,0.0228181895506,0,0.000520669774369
energy,15,47.96203125,0.0207118183136,0,0.000428979417854
energy,15,48.27046875,0.018373226833,0,0.000337575464255
energy,15,48.57890625,0.0158286353216,0,0.000250545696144
energy,15,48.88734375,0.013106573658,0,0.000171782273051
energy,15,49.19578125,0.0102375615103,0,0.000104807665677
energy,15,49.50421875,0.00725376615085,0,5.26171233713e-05
energy,15,49.81265625,0.00418864179768,0,1.75447201092e-05
energy,15,50.12109375,0.00107655452682,0,1.15896964922e-06
energy,15,50.42953125,-0.0020476030389,0,4.19267820492e-06
energy,15,50.73796875,-0.00514880294494,0,2.65101717658e-05
energy,15,51.04640625,-0.00819227463727,0,6.71133637325e-05
energy,15,51.35484375,-0.0111438948088,0,0.000124186391509
energy,15,51.66328125,-0.0139705699886,0,0.000195176825806
energy,15,51.97171875,-0.0166406075852,0,0.000276909820804
energy,15,52.28015625,-0.0191240712225,0,0.000365730100124
energy,15,52.58859375,-0.0213931163858,0,0.000457665428698
energy,15,52.89703125,-0.0234223026134,0,0.000548604259716
energy,15,53.20546875,-0.0251888787344,0,0.000634479611894
energy,15,53.51390625,-0.0266730379537,0,0.000711450953679
energy,15,53.82234375,-0.0278581399258,0,0.000776075960125
energy,15,54.13078125,-0.0287308973253,0,0.00082546446112
energy,15,54.43921875,-0.0292815248243,0,0.000857407696037
energy,15,54.74765625,-0.0295038488048,0,0.000870477094298
energy,15,55.05609375,-0.0293953765775,0,0.000864088164135
energy,15,55.36453125,-0.0289573243296,0,0.000838526632328
energy,15,55.67296875,-0.0281946034887,0,0.000794935665885
energy,15,55.98140625,-0.0271157656566,0,0.000735264747143
energy,15,56.28984375,-0.0257329067284,0,0.000662182488694
energy,15,56.59828125,-0.0240615312742,0,0.000578957287261
energy,15,56.90671875,-0.0221203787021,0,0.000489311153924
energy,15,57.21515625,-0.0199312131524,0,0.000397253257728
energy,15,57.52359375,-0.0175185794793,0,0.000306900626972
energy,15,57.83203125,-0.0149095280541,0,0.000222294026797
energy,15,58.14046875,-0.012133311478,0,0.000147217247422
energy,15,58.44890625,-0.00922105660218,0,8.50278848606e-05
energy,15,58.75734375,-0.00620541553508,0,3.85071819631e-05
energy,15,59.06578125,-0.00312019954777,0,9.73564521788e-06
energy,15,59.37421875,0.000483165248046,0,2.33448656919e-07
energy,15,59.68265625,0.00458459386265,0,2.10185008855e-05
energy,15,59.99109375,0.00882739020596,0,7.79228178483e-05
energy,15,60.29953125,0.0133423825477,0,0.000178019172049
energy,15,60.60796875,0.0182687924266,0,0.000333748776728
energy,15,60.91640625,0.0237585276009,0,0.000564467633762
energy,15,61.22484375,0.0299808661823,0,0.000898852337039
energy,15,61.53328125,0.0371276763927,0,0.00137846435432
energy,15,61.84171875,0.045419332895,0,0.00206291580063
energy,15,62.15015625,0.0551115121312,0,0.00303727876939
energy,15,62.45859375,0.0665030762047,0,0.00442265914469
energy,15,62.76703125,0.078355967023,0,0.0061396575681
energy,15,63.07546875,0.0877410118627,0,0.00769848516268
energy,15,63.38390625,0.0961423072877,0,0.0092433432506
energy,15,63.69234375,0.103465658243,0,0.0107051424356
energy,15,64.00078125,0.109628955552,0,0.0120185078953
energy,15,64.30921875,0.114563096522,0,0.0131247030847
energy,15,64.61765625,0.118212759724,0,0.0139742565615
energy,15,64.92609375,0.12053702525,0,0.0145291744561
energy,15,65.23453125,0.121509833509,0,0.0147646396395
energy,15,65.54296875,0.121120277408,0,0.0146701215993
energy,15,65.85140625,0.119372724635,0,0.0142498473868
energy,15,66.15984375,0.116286768697,0,0.013522612574
energy,15,66.46828125,0.111897009233,0,0.0125209406753
energy,15,66.77671875,0.106252664086,0,0.0112896286253
energy,15,67.08515625,0.0994170174719,0,0.009883743363
energy,15,67.39359375,0.0914667104424,0,0.00836615911914
energy,15,67.70203125,0.082490881585,0,0.00680474554467
energy,15,68.01046875,0.0725901676054,0,0.00526933243298
energy,15,68.31890625,0.0618755749916,0,0.00382858678055
energy,15,68.62734375,0.0504672354129,0,0.00254694185022
energy,15,68.93578125,0.0384930588072,0,0.00148171557634
energy,15,69.24421875,0.0260872992591,0,0.000680547182632
energy,15,69.55265625,0.0133890497472,0,0.000179266653132
energy,15,69.86109375,0.000540682638361,0,2.92337715426e-07
energy,15,70.16953125,-0.0123137465869,0,0.000151628355006
energy,15,70.47796875,-0.0269992535378,0,0.000728959691599
energy,15,70.78640625,-0.0444864319943,0,0.00197904263158
energy,15,71.09484375,-0.0633453668238,0,0.00401263549805
energy,15,71.40328125,-0.0841575805914,0,0.007082498371
energy,15,71.71171875,-0.107564825975,0,0.0115701917871
energy,15,72.02015625,-0.134288874459,0,0.0180335018035
energy,15,72.32859375,-0.165153772436,0,0.0272757685498
energy,15,72.63703125,-0.196859868205,0,0.0387538077097
energy,15,72.94546875,-0.222107394644,0,0.0493316947556
energy,15,73.25390625,-0.244864660088,0,0.0599587017602
energy,15,73.56234375,-0.264876510807,0,0.0701595659771
energy,15,73.87078125,-0.28191857457,0,0.0794780826873
energy,15,74.17921875,-0.295799776304,0,0.0874975076616
energy,15,74.48765625,-0.306364480421,0,0.0938591948637
energy,15,74.79609375,-0.313494235796,0,0.0982786358775
energy,15,75.10453125,-0.317109103841,0,0.100558183739
energy,15,75.41296875,-0.31716855477,0,0.100595892135
energy,15,75.72140625,-0.313671922021,0,0.0983900746647
energy,15,76.02984375,-0.30665840973,0,0.0940393802583
energy,15,76.33828125,-0.296206653171,0,0.0877383813829
energy,15,76.64671875,-0.282433837104,0,0.0797688723413
energy,15,76.95515625,-0.265494381902,0,0.0704872668213
energy,15,77.26359375,-0.245578212193,0,0.0603086583038
energy,15,77.57203125,-0.222908627435,0,0.0496882561848
energy,15,77.88046875,-0.197739798285,0,0.039101027826
energy,15,78.18890625,-0.170353916851,0,0.0290204569866
energy,15,78.49734375,-0.141058032758,0,0.0198973686055
energy,15,78.80578125,-0.110180610519,0,0.0121397669343
energy,15,79.11421875,-0.0780678468041,0,0.00609458870463
energy,15,79.42265625,-0.0450797888913,0,0.00203218736648
energy,15,79.73109375,-0.0115862978293,0,0.000134242297389
energy,15,80.03953125,0.0220370984328,0,0.000485633707339
energy,15,80.34796875,0.0554134154532,0,0.00307064661219
energy,15,80.65640625,0.0881684390343,0,0.00777367364175
energy,15,80.96484375,0.119934920901,0,0.0143843852515
energy,15,81.27328125,0.150356696276,0,0.022607136115
energy,15,81.58171875,0.179092677188,0,0.0320741870224
energy,15,81.89015625,0.20582067674,0,0.0423621509737
energy,15,82.19859375,0.230241021457,0,0.0530109279613
energy,15,82.50703125,0.252079911215,0,0.0635442816381
energy,15,82.81546875,0.271092489083,0,0.0734911376371
energy,15,83.12390625,0.287065586646,0,0.0824066510364
energy,15,83.43234375,0.299820114046,0,0.0898921007867
energy,15,83.74078125,0.309213067931,0,0.0956127213793
energy,15,84.04921875,0.315139134802,0,0.0993126742837
energy,15,84.35765625,0.317531871787,0,0.100826489601
energy,15,84.66609375,0.316364451596,0,0.100086466234
energy,15,84.97453125,0.311649963307,0,0.0971256996295
energy,15,85.28296875,0.303441265612,0,0.092076601676
energy,15,85.59140625,0.291830394165,0,0.0851649789584
energy,15,85.89984375,0.276947529686,0,0.0766999341991
energy,15,86.20828125,0.258959538375,0,0.0670600425152
energy,15,86.51671875,0.238068101013,0,0.0566764207201
energy,15,86.82515625,0.214507451729,0,0.0460134468472
energy,15,87.13359375,0.188541751766,0,0.035547992159
energy,15,87.44203125,0.160462127721,0,0.0257480944328
energy,15,87.75046875,0.13058340744,0,0.0170520262987
energy,15,88.05890625,0.0992405901771,0,0.0098486947387
energy,15,88.36734375,0.0667850905957,0,0.00446024832588
energy,15,88.67578125,0.0335807987177,0,0.00112767004252
pzp_tails,11,-59.06578125,0.000134932801272,0,1.8206860859e-08
pzp_tails,11,-58.75734375,0.00026982050534,0,7.28031051021e-08
pzp_tails,11,-58.44890625,0.000404614105463,0,1.63712574339e-07
pzp_tails,11,-58.14046875,0.000539256744628,0,2.90797836627e-07
pzp_tails,11,-57.83203125,0.000673679711777,0,4.5384435406e-07
pzp_tails,11,-57.52359375,0.000807798341703,0,6.52538160858e-07
pzp_tails,11,-57.21515625,0.000941507783193,0,8.86436905813e-07
pzp_tails,11,-56.90671875,0.00107467859689,0,1.15493408661e-06
pzp_tails,11,-56.59828125,0.0012071521402,0,1.45721628959e-06
pzp_tails,11,-56.28984375,0.00133873569126,0,1.79221325105e-06
pzp_tails,11,-55.98140625,0.00146919725695,0,2.15854057983e-06
pzp_tails,11,-55.67296875,0.00158300044603,0,2.50589041214e-06
pzp_tails,11,-55.36453125,0.00162523696254,0,2.64139518442e-06
pzp_tails,11,-55.05609375,0.00160951910829,0,2.59055175996e-06
pzp_tails,11,-54.74765625,0.00153622980881,0,2.36000202547e-06
pzp_tails,11,-54.43921875,0.00140777338129,0,1.98182589306e-06
pzp_tails,11,-54.13078125,0.00122849669423,0,1.50920412774e-06
pzp_tails,11,-53.82234375,0.00100454283059,0,1.00910629849e-06
pzp_tails,11,-53.51390625,0.000743642127847,0,5.53003614308e-07
pzp_tails,11,-53.20546875,0.000454847624745,0,2.06886361736e-07
pzp_tails,11,-52.89703125,0.000148223866698,0,2.1970314659e-08
pzp_tails,11,-52.58859375,-0.000165500355226,0,2.73903675799e-08
pzp_tails,11,-52.28015625,-0.00047530348938,0,2.25913407017e-07
pzp_tails,11,-51.97171875,-0.000770254221994,0,5.93291566499e-07
pzp_tails,11,-51.66328125,-0.00103989283994,0,1.08137711855e-06
pzp_tails,11,-51.35484375,-0.00127459781637,0,1.62459959351e-06
pzp_tails,11,-51.04640625,-0.00146592493296,0,2.14893590907e-06
pzp_tails,11,-50.73796875,-0.00160690714082,0,2.58215055923e-06
pzp_tails,11,-50.42953125,-0.00169230465652,0,2.86389505048e-06
pzp_tails,11,-50.12109375,-0.00171879644581,0,2.95426122215e-06
pzp_tails,11,-49.81265625,-0.00168510621357,0,2.83958295101e-06
pzp_tails,11,-49.50421875,-0.00159205822659,0,2.53464939686e-06
pzp_tails,11,-49.19578125,-0.00144256067451,0,2.08098129965e-06
pzp_tails,11,-48.88734375,-0.00124151674209,0,1.54136382088e-06
pzp_tails,11,-48.57890625,-0.000995666041551,0,9.91350866298e-07
pzp_tails,11,-48.27046875,-0.0007133614521,0,5.08884561342e-07
pzp_tails,11,-47.96203125,-0.000356428500244,0,1.27041275786e-07
pzp_tails,11,-47.65359375,5.10297118162e-05,0,2.60403148804e-09
pzp_tails,11,-47.34515625,0.000461224812135,0,2.12728327329e-07
pzp_tails,11,-47.03671875,0.000874200137229,0,7.64225879932e-07
pzp_tails,11,-46.72828125,0.00128995826497,0,1.66399232537e-06
pzp_tails,11,-46.41984375,0.00170844726103,0,2.91879204371e-06
pzp_tails,11,-46.11140625,0.0021295454132,0,4.53496366688e-06
pzp_tails,11,-45.80296875,0.00250297253626,0,6.26487151728e-06
pzp_tails,11,-45.49453125,0.00274095693362,0,7.51284491197e-06
pzp_tails,11,-45.18609375,0.00288498787484,0,8.32315503799e-06
pzp_tails,11,-44.87765625,0.00292962312705,0,8.58269166656e-06
pzp_tails,11,-44.56921875,0.00287275925406,0,8.2527457318e-06
pzp_tails,11,-44.26078125,0.00271572003058,0,7.37513528451e-06
pzp_tails,11,-43.95234375,0.00246323130481,0,6.06750846101e-06
pzp_tails,11,-43.64390625,0.00212328253459,0,4.50832872168e-06
pzp_tails,11,-43.33546875,0.00170687893684,0,2.91343570505e-06
pzp_tails,11,-43.02703125,0.00122769179626,0,1.50722714661e-06
pzp_tails,11,-42.71859375,0.000701617859056,0,4.92267620147e-07
pzp_tails,11,-42.41015625,0.000146261781882,0,2.13925088393e-08
pzp_tails,11,-42.10171875,-0.000419641787156,0,1.76099229527e-07
pzp_tails,11,-41.79328125,-0.00097684783472,0,9.54231692197e-07
pzp_tails,11,-41.48484375,-0.00150624216554,0,2.26876546124e-06
pzp_tails,11,-41.17640625,-0.001989483149,0,3.95804320016e-06
pzp_tails,11,-40.86796875,-0.00240962286905,0,5.80628237104e-06
pzp_tails,11,-40.55953125,-0.00275168703806,0,7.57178155545e-06
pzp_tails,11,-40.25109375,-0.00300319423145,0,9.0191755918e-06
pzp_tails,11,-39.94265625,-0.00315459683608,0,9.95148119824e-06
pzp_tails,11,-39.63421875,-0.00319962852899,0,1.02376227235e-05
pzp_tails,11,-39.32578125,-0.0031355460374,0,9.83164895263e-06
pzp_tails,11,-39.01734375,-0.00296325628776,0,8.78088782692e-06
pzp_tails,11,-38.70890625,-0.00268732372349,0,7.22170879483e-06
pzp_tails,11,-38.40046875,-0.00231585644323,0,5.36319106565e-06
pzp_tails,11,-38.09203125,-0.00186027375998,0,3.46061846207e-06
pzp_tails,11,-37.78359375,-0.00133496167979,0,1.78212268652e-06
pzp_tails,11,-37.47515625,-0.000756826520104,0,5.72786381533e-07
pzp_tails,11,-37.16671875,-0.000144760311305,0,2.09555477292e-08
pzp_tails,11,-36.85828125,0.00048096536271,0,2.31327680127e-07
pzp_tails,11,-36.54984375,0.0010993579291,0,1.20858785627e-06
pzp_tails,11,-36.24140625,0.0016893937369,0,2.85405119829e-06
pzp_tails,11,-35.93296875,0.0022307170166,0,4.97609840813e-06
pzp_tails,11,-35.62453125,0.00270432506213,0,7.31337404168e-06
pzp_tails,11,-35.31609375,0.00309321701512,0,9.56799150264e-06
pzp_tails,11,-35.00765625,0.00338298457071,0,1.14445846057e-05
pzp_tails,11,-34.69921875,0.00356232457694,0,1.26901563915e-05
pzp_tails,11,-34.39078125,0.00362345581663,0,1.31294320551e-05
pzp_tails,11,-34.08234375,0.00356242517665,0,1.26908731393e-05
pzp_tails,11,-33.77390625,0.003379291835,0,1.14196133061e-05
pzp_tails,11,-33.46546875,0.00307818192791,0,9.47520398133e-06
pzp_tails,11,-33.15703125,0.00266721027744,0,7.11401066408e-06
pzp_tails,11,-32.84859375,0.00215827003614,0,4.65812954889e-06
pzp_tails,11,-32.54015625,0.00156669540353,0,2.45453448743e-06
pzp_tails,11,-32.23171875,0.000910806751698,0,8.29568938938e-07
pzp_tails,11,-31.92328125,0.000211351428698,0,4.46694264126e-08
pzp_tails,11,-31.61484375,-0.00050914294038,0,2.59226533738e-07
pzp_tails,11,-31.30640625,-0.00122708278192,0,1.50573215368e-06
pzp_tails,11,-30.99796875,-0.00191856820867,0,3.68090397134e-06
pzp_tails,11,-30.68953125,-0.00256017387518,0,6.55449027116e-06
pzp_tails,11,-30.38109375,-0.00312972595785,0,9.79518457126e-06
pzp_tails,11,-30.07265625,-0.00360704994846,0,1.30108093307e-05
pzp_tails,11,-29.76421875,-0.00397466454508,0,1.57979582459e-05
pzp_tails,11,-29.45578125,-0.00425614067984,0,1.81147334866e-05
pzp_tails,11,-29.14734375,-0.00459120633683,0,2.10791756273e-05
pzp_tails,11,-28.83890625,-0.00493889390362,0,2.43926729912e-05
pzp_tails,11,-28.53046875,-0.00529591324115,0,2.80466970578e-05
pzp_tails,11,-28.22203125,-0.00565885869867,0,3.20226817716e-05
pzp_tails,11,-27.91359375,-0.00602415839756,0,3.62904843989e-05
pzp_tails,11,-27.60515625,-0.00638802316021,0,4.08068398953e-05
pzp_tails,11,-27.29671875,-0.00674639486595,0,4.55138436873e-05
pzp_tails,11,-26.98828125,-0.0070948940611,0,5.03375217382e-05
pzp_tails,11,-26.67984375,-0.00742876669232,0,5.51865745689e-05
pzp_tails,11,-26.37140625,-0.00774282987225,0,5.99514144306e-05
pzp_tails,11,-26.06296875,-0.00799729596632,0,6.39567427729e-05
pzp_tails,11,-25.75453125,-0.0079160577608,0,6.26639704723e-05
pzp_tails,11,-25.44609375,-0.00753291741918,0,5.67448448441e-05
pzp_tails,11,-25.13765625,-0.00685862128519,0,4.70406859337e-05
pzp_tails,11,-24.82921875,-0.00591469437087,0,3.49836095008e-05
pzp_tails,11,-24.52078125,-0.00473276877736,0,2.23991003e-05
pzp_tails,11,-24.21234375,-0.00335354706919,0,1.12462779453e-05
pzp_tails,11,-23.90390625,-0.00182543371597,0,3.33220825139e-06
pzp_tails,11,-23.59546875,-0.000202879429988,0,4.11600631122e-08
pzp_tails,11,-23.28703125,0.00145550649344,0,2.11849915244e-06
pzp_tails,11,-22.97859375,0.00308901223835,0,9.54199660867e-06
pzp_tails,11,-22.67015625,0.00463697793995,0,2.15015644156e-05
pzp_tails,11,-22.36171875,0.00604097449425,0,3.64933728402e-05
pzp_tails,11,-22.05328125,0.00724693103107,0,5.25180093691e-05
pzp_tails,11,-21.74484375,0.00820713632434,0,6.73570866463e-05
pzp_tails,11,-21.43640625,0.00888204290365,0,7.88906861423e-05
pzp_tails,11,-21.12796875,0.00924180857003,0,8.54110256451e-05
pzp_tails,11,-20.81953125,0.00926751823196,0,8.58868941798e-05
pzp_tails,11,-20.51109375,0.00895203921321,0,8.01390060748e-05
pzp_tails,11,-20.20265625,0.00830047512123,0,6.88978872382e-05
pzp_tails,11,-19.89421875,0.0073301966244,0,5.37317825523e-05
pzp_tails,11,-19.58578125,0.00607044164009,0,3.68502617057e-05
pzp_tails,11,-19.27734375,0.00456149202357,0,2.08072094811e-05
pzp_tails,11,-18.96890625,0.00285344838869,0,8.14216770692e-06
pzp_tails,11,-18.66046875,0.00100463870239,0,1.00929892235e-06
pzp_tails,11,-18.35203125,-0.00121836744992,0,1.48441924302e-06
pzp_tails,11,-18.04359375,-0.00379054599714,0,1.43682389564e-05
pzp_tails,11,-17.73515625,-0.00641023592881,0,4.1091124663e-05
pzp_tails,11,-17.42671875,-0.00907326094077,0,8.23240640993e-05
pzp_tails,11,-17.11828125,-0.0117745627091,0,0.000138640326991
pzp_tails,11,-16.80984375,-0.014507878107,0,0.000210478527167
pzp_tails,11,-16.50140625,-0.0172653804101,0,0.000298093360707
pzp_tails,11,-16.19296875,-0.0197095490681,0,0.000388466324469
pzp_tails,11,-15.88453125,-0.021143749503,0,0.000447058143045
pzp_tails,11,-15.57609375,-0.0218370087429,0,0.000476854950838
pzp_tails,11,-15.26765625,-0.0217547485961,0,0.00047326908648
pzp_tails,11,-14.95921875,-0.0208879405775,0,0.000436306061569
pzp_tails,11,-14.65078125,-0.0192537353108,0,0.000370706323418
pzp_tails,11,-14.34234375,-0.0168952699036,0,0.000285450145115
pzp_tails,11,-14.03390625,-0.0138806496704,0,0.000192672435273
pzp_tails,11,-13.72546875,-0.0103011256269,0,0.000106113189182
pzp_tails,11,-13.41703125,-0.00626851383056,0,3.9294265644e-05
pzp_tails,11,-13.10859375,-0.00191192617191,0,3.65546168683e-06
pzp_tails,11,-12.80015625,0.00262609608824,0,6.89638066469e-06
pzp_tails,11,-12.49171875,0.00719393554063,0,5.17527085627e-05
pzp_tails,11,-12.18328125,0.011635611999,0,0.00013538746659
pzp_tails,11,-11.87484375,0.0157957168908,0,0.000249504672095
pzp_tails,11,-11.56640625,0.0195244210154,0,0.000381203015985
pzp_tails,11,-11.25796875,0.0226824037861,0,0.000514491441518
pzp_tails,11,-10.94953125,0.0251455523096,0,0.000632298800953
pzp_tails,11,-10.64109375,0.0268092833886,0,0.000718737675809
pzp_tails,11,-10.33265625,0.0275923506927,0,0.000761337816747
pzp_tails,11,-10.02421875,0.0274400126843,0,0.000752954296113
pzp_tails,11,-9.71578125,0.0263264540903,0,0.00069308218497
pzp_tails,11,-9.40734375,0.0242563742994,0,0.000588371694153
pzp_tails,11,-9.09890625,0.0212656794826,0,0.000452229123855
pzp_tails,11,-8.79046875,0.017421240832,0,0.000303499632125
pzp_tails,11,-8.48203125,0.0128197083598,0,0.000164344922429
pzp_tails,11,-8.17359375,0.00758539743181,0,5.75382541985e-05
pzp_tails,11,-7.86515625,0.001867292825,0,3.4867824943e-06
pzp_tails,11,-7.55671875,-0.00416475821167,0,1.73452109617e-05
pzp_tails,11,-7.24828125,-0.0103245674302,0,0.000106596692622
pzp_tails,11,-6.93984375,-0.0164147226039,0,0.000269443118163
pzp_tails,11,-6.63140625,-0.0222321617212,0,0.000494269014799
pzp_tails,11,-6.32296875,-0.0275740503371,0,0.000760328251992
pzp_tails,11,-6.01453125,-0.0322437966568,0,0.00103966242285
pzp_tails,11,-5.70609375,-0.0360570321482,0,0.00130010956733
pzp_tails,11,-5.39765625,-0.0388473835682,0,0.00150911921009
pzp_tails,11,-5.08921875,-0.0404718653793,0,0.00163797188728
pzp_tails,11,-4.78078125,-0.0408157295816,0,0.00166592378128
pzp_tails,11,-4.47234375,-0.0397966228419,0,0.00158377118962
pzp_tails,11,-4.16390625,-0.0373679181416,0,0.00139636130624
pzp_tails,11,-3.85546875,-0.0335211095632,0,0.00112366478635
pzp_tails,11,-3.54703125,-0.0282871837168,0,0.000800164762625
pzp_tails,11,-3.23859375,-0.0217369090207,0,0.000472493213776
pzp_tails,11,-2.93015625,-0.0139800138253,0,0.000195440786555
pzp_tails,11,-2.62171875,-0.00516325539496,0,2.66592062736e-05
pzp_tails,11,-2.31328125,0.00453258682977,0,2.05443433694e-05
pzp_tails,11,-2.00484375,0.0148967293743,0,0.00022191254605
pzp_tails,11,-1.69640625,0.0256933204495,0,0.00066014671572
pzp_tails,11,-1.38796875,0.0366671721601,0,0.00134448151422
pzp_tails,11,-1.07953125,0.0475501438891,0,0.00226101618388
pzp_tails,11,-0.77109375,0.0580680110884,0,0.00337189391176
pzp_tails,11,-0.46265625,0.0679476376306,0,0.00461688145958
pzp_tails,11,-0.15421875,0.0769242586988,0,0.00591734157636
pzp_tails,11,0.15421875,0.0859602920174,0,0.00738917180372
pzp_tails,11,0.46265625,0.0982688603987,0,0.00965676892407
pzp_tails,11,0.77109375,0.112776694932,0,0.0127185829197
pzp_tails,11,1.07953125,0.129685228782,0,0.0168182585642
pzp_tails,11,1.38796875,0.14926337146,0,0.0222795540596
pzp_tails,11,1.69640625,0.171854118615,0,0.0295338380851
pzp_tails,11,2.00484375,0.197883586372,0,0.0391579137553
pzp_tails,11,2.31328125,0.227872761312,0,0.0519259953478
pzp_tails,11,2.62171875,0.262452352551,0,0.0688812373596
pzp_tails,11,2.93015625,0.302381241145,0,0.0914344149964
pzp_tails,11,3.23859375,0.34856914826,0,0.121500451119
pzp_tails,11,3.54703125,0.395774637953,0,0.156637564047
pzp_tails,11,3.85546875,0.429380306226,0,0.184367447374
pzp_tails,11,4.16390625,0.455225020338,0,0.207229819142
pzp_tails,11,4.47234375,0.473000134265,0,0.223729127015
pzp_tails,11,4.78078125,0.482584711926,0,0.232888004185
pzp_tails,11,5.08921875,0.484046226351,0,0.234300749245
pzp_tails,11,5.39765625,0.47763638875,0,0.228136519858
pzp_tails,11,5.70609375,0.463782238866,0,0.215093965088
pzp_tails,11,6.01453125,0.443072755355,0,0.196313466538
pzp_tails,11,6.32296875,0.416241365069,0,0.173256873995
pzp_tails,11,6.63140625,0.384144839785,0,0.147567257933
pzp_tails,11,6.93984375,0.347739165024,0,0.120922526891
pzp_tails,11,7.24828125,0.308053045662,0,0.0948966789417
pzp_tails,11,7.55671875,0.266159774765,0,0.070841025703
pzp_tails,11,7.86515625,0.22314823385,0,0.0497951342702
pzp_tails,11,8.17359375,0.180093813516,0,0.0324337816669
pzp_tails,11,8.48203125,0.138030042479,0,0.0190522926266
pzp_tails,11,8.79046875,0.0979216905828,0,0.0095886574866
pzp_tails,11,9.09890625,0.0606400680654,0,0.00367721785497
pzp_tails,11,9.40734375,0.0269411802769,0,0.000725827194714
pzp_tails,11,9.71578125,-0.0025526838161,0,6.51619466496e-06
pzp_tails,11,10.02421875,-0.0273674476178,0,0.000748977189113
pzp_tails,11,10.33265625,-0.0471874551745,0,0.00222665592585
pzp_tails,11,10.64109375,-0.0618611389923,0,0.00382680051742
pzp_tails,11,10.94953125,-0.0714020207371,0,0.00509824856534
pzp_tails,11,11.25796875,-0.0766947324589,0,0.00588208198695
pzp_tails,11,11.56640625,-0.0801913097608,0,0.00643064616115
pzp_tails,11,11.87484375,-0.0818693006809,0,0.00670258239398
pzp_tails,11,12.18328125,-0.0822965150327,0,0.00677271638652
pzp_tails,11,12.49171875,-0.0819457697503,0,0.00671510917996
pzp_tails,11,12.80015625,-0.0812151579063,0,0.00659590187374
pzp_tails,11,13.10859375,-0.0804448958376,0,0.00647138126632
pzp_tails,11,13.41703125,-0.0799920682634,0,0.00639873098506
pzp_tails,11,13.72546875,-0.0771936614841,0,0.00595886137332
pzp_tails,11,14.03390625,-0.072213508538,0,0.00521479081536
pzp_tails,11,14.34234375,-0.0653248864319,0,0.00426734078734
pzp_tails,11,14.65078125,-0.0568405581377,0,0.00323084904941
pzp_tails,11,14.95921875,-0.047102741482,0,0.00221866825512
pzp_tails,11,15.26765625,-0.0364725806871,0,0.00133024914197
pzp_tails,11,15.57609375,-0.0253194222304,0,0.000641073142083
pzp_tails,11,15.88453125,-0.0140101957384,0,0.000196285584627
pzp_tails,11,16.19296875,-0.00289919135807,0,8.4053105307e-06
pzp_tails,11,16.50140625,0.00768149214325,0,5.90053215468e-05
pzp_tails,11,16.80984375,0.0174305788385,0,0.000303825078645
pzp_tails,11,17.11828125,0.0260851080152,0,0.000680432860167
pzp_tails,11,17.42671875,0.033426605459,0,0.00111733795251
pzp_tails,11,17.73515625,0.0392857927356,0,0.00154337351086
pzp_tails,11,18.04359375,0.043545737893,0,0.00189623128865
pzp_tails,11,18.35203125,0.0461433972694,0,0.00212921311156
pzp_tails,11,18.66046875,0.0470695449575,0,0.00221554206251
pzp_tails,11,18.96890625,0.0463671326085,0,0.00214991098634
pzp_tails,11,19.27734375,0.0441281663475,0,0.0019472950652
pzp_tails,11,19.58578125,0.0404892284136,0,0.00163937761753
pzp_tails,11,19.89421875,0.0356258075962,0,0.00126919816688
pzp_tails,11,20.20265625,0.0297456336511,0,0.000884802721307
pzp_tails,11,20.51109375,0.0230812358261,0,0.000532743447259
pzp_tails,11,20.81953125,0.0158819637834,0,0.000252236773618
pzp_tails,11,21.12796875,0.00840572015005,0,7.06561312409e-05
pzp_tails,11,21.43640625,0.000910657444254,0,8.29296980776e-07
pzp_tails,11,21.74484375,-0.0063529117752,0,4.03594880235e-05
pzp_tails,11,22.05328125,-0.0131501537987,0,0.000172926544929
pzp_tails,11,22.36171875,-0.0192686818433,0,0.00037128209998
pzp_tails,11,22.67015625,-0.0245246575233,0,0.000601458826636
pzp_tails,11,22.97859375,-0.0287678593557,0,0.000827589731907
pzp_tails,11,23.28703125,-0.0318855858331,0,0.00101669058392
pzp_tails,11,23.59546875,-0.0338052978844,0,0.00114279816505
pzp_tails,11,23.90390625,-0.0344959450928,0,0.00118997022785
pzp_tails,11,24.21234375,-0.033967960668,0,0.00115382235194
pzp_tails,11,24.52078125,-0.0322719506466,0,0.00104147879854
pzp_tails,11,24.82921875,-0.0294961419545,0,0.000870022390203
pzp_tails,11,25.13765625,-0.0257626906384,0,0.000663716228929
pzp_tails,11,25.44609375,-0.0212229847287,0,0.000450415080797
pzp_tails,11,25.75453125,-0.016052104872,0,0.000257670070822
pzp_tails,11,26.06296875,-0.0104426292697,0,0.000109048506064
pzp_tails,11,26.37140625,-0.0045979869508,0,2.11414839997e-05
pzp_tails,11,26.67984375,0.00127442548594,0,1.6241603192e-06
pzp_tails,11,26.98828125,0.00697014405301,0,4.85829081198e-05
pzp_tails,11,27.29671875,0.0122943371108,0,0.000151150724994
pzp_tails,11,27.60515625,0.0170680961112,0,0.00029131990486
pzp_tails,11,27.91359375,0.0211341238724,0,0.000446651191852
pzp_tails,11,28.22203125,0.0243616477285,0,0.000593489880045
pzp_tails,11,28.53046875,0.0266504107878,0,0.000710244395161
pzp_tails,11,28.83890625,0.0279336246777,0,0.000780287387633
pzp_tails,11,29.14734375,0.0281798006032,0,0.000794101162037
pzp_tails,11,29.45578125,0.0273934112798,0,0.000750398981542
pzp_tails,11,29.76421875,0.0253388878305,0,0.000642059236487
pzp_tails,11,30.07265625,0.0229736803246,0,0.000527789987659
pzp_tails,11,30.38109375,0.0205903657454,0,0.000423963161529
pzp_tails,11,30.68953125,0.018203226808,0,0.000331357466225
pzp_tails,11,30.99796875,0.0158241417217,0,0.00025040346123
pzp_tails,11,31.30640625,0.0134629562074,0,0.000181251189843
pzp_tails,11,31.61484375,0.0111278253092,0,0.000123828496111
pzp_tails,11,31.92328125,0.00882552722955,0,7.78899308795e-05
pzp_tails,11,32.23171875,0.00656175141736,0,4.30565816633e-05
pzp_tails,11,32.54015625,0.00434136307389,0,1.88474333394e-05
pzp_tails,11,32.84859375,0.0021686461272,0,4.703026025e-06
pzp_tails,11,33.15703125,0.000298314201229,0,8.89913626546e-08
pzp_tails,11,33.46546875,-0.00128966147438,0,1.6632267185e-06
pzp_tails,11,33.77390625,-0.00279012679894,0,7.78480755417e-06
pzp_tails,11,34.08234375,-0.00415158020079,0,1.72356181636e-05
pzp_tails,11,34.39078125,-0.00532866024439,0,2.83946200002e-05
pzp_tails,11,34.69921875,-0.00628359780344,0,3.94836013554e-05
pzp_tails,11,35.00765625,-0.00698737556666,0,4.88234173096e-05
pzp_tails,11,35.31609375,-0.0074205606967,0,5.50647210534e-05
pzp_tails,11,35.62453125,-0.0075737881291,0,5.73622666244e-05
pzp_tails,11,35.93296875,-0.00744788423677,0,5.54709796044e-05
pzp_tails,11,36.24140625,-0.0070536329798,0,4.97537382137e-05
pzp_tails,11,36.54984375,-0.00641119879699,0,4.11034700146e-05
pzp_tails,11,36.85828125,-0.00554923197329,0,3.07939754934e-05
pzp_tails,11,37.16671875,-0.00450369266158,0,2.028324759e-05
pzp_tails,11,37.47515625,-0.00331643881375,0,1.09987664054e-05
pzp_tails,11,37.78359375,-0.00203363069729,0,4.13565381295e-06
pzp_tails,11,38.09203125,-0.000704010212159,0,4.95630378824e-07
pzp_tails,11,38.40046875,0.000622883284551,0,3.87983586173e-07
pzp_tails,11,38.70890625,0.0018984975861,0,3.60429308442e-06
pzp_tails,11,39.01734375,0.00307699042336,0,9.46787006546e-06
pzp_tails,11,39.32578125,0.00411683109814,0,1.69482982907e-05
pzp_tails,11,39.63421875,0.00498222653671,0,2.48225812631e-05
pzp_tails,11,39.94265625,0.00564432404997,0,3.18583939811e-05
pzp_tails,11,40.25109375,0.00608215135864,0,3.69925651494e-05
pzp_tails,11,40.55953125,0.00628326397881,0,3.94794062274e-05
pzp_tails,11,40.86796875,0.00623801294672,0,3.89128055235e-05
pzp_tails,11,41.17640625,0.00616394191388,0,3.79941799177e-05
pzp_tails,11,41.48484375,0.00607349959702,0,3.6887397355e-05
pzp_tails,11,41.79328125,0.00597274137043,0,3.56736394781e-05
pzp_tails,11,42.10171875,0.00586744076073,0,3.44268610807e-05
pzp_tails,11,42.41015625,0.00576313458893,0,3.32137202901e-05
pzp_tails,11,42.71859375,0.00566516915867,0,3.20941415964e-05
pzp_tails,11,43.02703125,0.00558896535121,0,3.1236533697e-05
pzp_tails,11,43.33546875,0.0053409832681,0,2.85261022701e-05
pzp_tails,11,43.64390625,0.00492214524445,0,2.42275138075e-05
pzp_tails,11,43.95234375,0.00434900943085,0,1.89138830296e-05
pzp_tails,11,44.26078125,0.00364293106481,0,1.32709467429e-05
pzp_tails,11,44.56921875,0.00282929471799,0,8.00490860122e-06
pzp_tails,11,44.87765625,0.00193662638765,0,3.75052176532e-06
pzp_tails,11,45.18609375,0.000995615776079,0,9.91250773578e-07
pzp_tails,11,45.49453125,3.8081603489e-05,0,1.45020852429e-09
pzp_tails,11,45.80296875,-0.000904085781448,0,8.17371100217e-07
pzp_tails,11,46.11140625,-0.00179996992588,0,3.23989173406e-06
pzp_tails,11,46.41984375,-0.00262062817374,0,6.867692025e-06
pzp_tails,11,46.72828125,-0.00334001406845,0,1.11556939775e-05
pzp_tails,11,47.03671875,-0.00393579326722,0,1.54904686423e-05
pzp_tails,11,47.34515625,-0.00439002776048,0,1.92723437378e-05
pzp_tails,11,47.65359375,-0.00468970774138,0,2.19933586996e-05
pzp_tails,11,47.96203125,-0.00482711563536,0,2.33010453571e-05
pzp_tails,11,48.27046875,-0.00480001240781,0,2.30401191151e-05
pzp_tails,11,48.57890625,-0.00461164213325,0,2.12672431651e-05
pzp_tails,11,48.88734375,-0.00427055674275,0,1.82376548931e-05
pzp_tails,11,49.19578125,-0.00379026867645,0,1.43661366396e-05
pzp_tails,11,49.50421875,-0.00318874466905,0,1.01680925644e-05
pzp_tails,11,49.81265625,-0.00248775891621,0,6.18894442519e-06
pzp_tails,11,50.12109375,-0.00171212825005,0,2.93138314461e-06
pzp_tails,11,50.42953125,-0.000888855560085,0,7.90064206695e-07
pzp_tails,11,50.73796875,-4.62104211039e-05,0,2.1354030186e-09
pzp_tails,11,51.04640625,0.000787222346996,0,6.1971902361e-07
pzp_tails,11,51.35484375,0.00158349470873,0,2.50745549258e-06
pzp_tails,11,51.66328125,0.00231621682569,0,5.3648603836e-06
pzp_tails,11,51.97171875,0.00296141792643,0,8.76999613499e-06
pzp_tails,11,52.28015625,0.00349831894699,0,1.22382354549e-05
pzp_tails,11,52.58859375,0.00390999237316,0,1.52880403582e-05
pzp_tails,11,52.89703125,0.00418388860511,0,1.750492386e-05
pzp_tails,11,53.20546875,0.00431221269393,0,1.85951783177e-05
pzp_tails,11,53.51390625,0.00429214031804,0,1.84224685098e-05
pzp_tails,11,53.82234375,0.00412586720878,0,1.70227802245e-05
pzp_tails,11,54.13078125,0.00382049172501,0,1.45961570209e-05
pzp_tails,11,54.43921875,0.00338773573675,0,1.1476753422e-05
pzp_tails,11,54.74765625,0.00284351423251,0,8.08557319049e-06
pzp_tails,11,55.05609375,0.00220736894495,0,4.87247765914e-06
pzp_tails,11,55.36453125,0.00150178563939,0,2.25536010666e-06
pzp_tails,11,55.67296875,0.000751418392488,0,5.6462960057e-07
pzp_tails,11,55.98140625,-1.77529112943e-05,0,3.15165859425e-10
pzp_tails,11,56.28984375,-0.000779303609822,0,6.07314116281e-07
pzp_tails,11,56.59828125,-0.00150725446817,0,2.27181603182e-06
pzp_tails,11,56.90671875,-0.00217694157401,0,4.73907461664e-06
pzp_tails,11,57.21515625,-0.00276583726849,0,7.64985579578e-06
pzp_tails,11,57.52359375,-0.0032542952178,0,1.05904373646e-05
pzp_tails,11,57.83203125,-0.00362619535917,0,1.31492927828e-05
pzp_tails,11,58.14046875,-0.00386946786401,0,1.49727815506e-05
pzp_tails,11,58.44890625,-0.00397647933445,0,1.58123878973e-05
pzp_tails,11,58.75734375,-0.00394426905449,0,1.55572583742e-05
pzp_tails,11,59.06578125,-0.00377462810035,0,1.42478172959e-05
pzp_tails,11,59.37421875,-0.00342746981871,0,1.17475493581e-05
pzp_tails,11,59.68265625,-0.00303473511701,0,9.20961723043e-06
pzp_tails,11,59.99109375,-0.00264358280173,0,6.98853002958e-06
pzp_tails,11,60.29953125,-0.00225448069244,0,5.0826831926e-06
pzp_tails,11,60.60796875,-0.00186777549304,0,3.48858529241e-06
pzp_tails,11,60.91640625,-0.00148371130424,0,2.20139923433e-06
pzp_tails,11,61.22484375,-0.00110244645569,0,1.21538818767e-06
pzp_tails,11,61.53328125,-0.000724068813426,0,5.24275646576e-07
pzp_tails,11,61.84171875,-0.000348609692816,0,1.21528717925e-07
pzp_tails,11,62.15015625,2.39435177331e-05,0,5.73292041435e-10
pzp_tails,11,62.45859375,0.000393635941983,0,1.54949254821e-07
pzp_tails,11,62.76703125,0.000717155157101,0,5.14311519356e-07
pzp_tails,11,63.07546875,0.000970290605591,0,9.41463859298e-07
pzp_tails,11,63.38390625,0.00118774686073,0,1.41074260518e-06
pzp_tails,11,63.69234375,0.00136215709311,0,1.85547194632e-06
pzp_tails,11,64.00078125,0.00148770960126,0,2.21327985767e-06
pzp_tails,11,64.30921875,0.00156033904203,0,2.43465792607e-06
pzp_tails,11,64.61765625,0.00157785595326,0,2.48962940925e-06
pzp_tails,11,64.92609375,0.0015400105164,0,2.37163239062e-06
pzp_tails,11,65.23453125,0.00144848878419,0,2.09811975792e-06
pzp_tails,11,65.54296875,0.00130684192291,0,1.70783581149e-06
pzp_tails,11,65.85140625,0.00112035131006,0,1.25518705795e-06
pzp_tails,11,66.15984375,0.000895834510033,0,8.02519469366e-07
pzp_tails,11,66.46828125,0.000641399148896,0,4.11392868205e-07
pzp_tails,11,66.77671875,0.000366153456811,0,1.34068353935e-07
pzp_tails,11,67.08515625,7.98836867929e-05,0,6.38140341562e-09
pzp_tails,11,67.39359375,-0.000207290297754,0,4.29692675428e-08
pzp_tails,11,67.70203125,-0.000485269280852,0,2.35486274939e-07
pzp_tails,11,68.01046875,-0.000744326530447,0,5.54021983928e-07
pzp_tails,11,68.31890625,-0.000975445086169,0,9.51493116132e-07
pzp_tails,11,68.62734375,-0.00117062892385,0,1.37037207735e-06
pzp_tails,11,68.93578125,-0.00132317736823,0,1.75079834779e-06
pzp_tails,11,69.24421875,-0.00142791343058,0,2.03893676524e-06
pzp_tails,11,69.55265625,-0.00148135836692,0,2.19442261125e-06
pzp_tails,11,69.86109375,-0.0014818466286,0,2.1958694307e-06
pzp_tails,11,70.16953125,-0.00142957744622,0,2.04369167475e-06
pzp_tails,11,70.47796875,-0.00131065557255,0,1.71781802984e-06
pzp_tails,11,70.78640625,-0.00117482225797,0,1.38020733782e-06
pzp_tails,11,71.09484375,-0.00103840808314,0,1.07829134713e-06
pzp_tails,11,71.40328125,-0.000901766512313,0,8.13182842729e-07
pzp_tails,11,71.71171875,-0.000765224655281,0,5.8556877305e-07
pzp_tails,11,72.02015625,-0.000629087871936,0,3.95751550616e-07
pzp_tails,11,72.32859375,-0.00049364415753,0,2.43684554264e-07
pzp_tails,11,72.63703125,-0.000375067897553,0,1.40675927775e-07
pzp_tails,11,72.94546875,-0.000260273296685,0,6.77421889672e-08
pzp_tails,11,73.25390625,-0.000137470194965,0,1.88980545037e-08
pzp_tails,11,73.56234375,-1.10086940471e-05,0,1.21191344622e-10
pzp_tails,11,73.87078125,0.000114672684502,0,1.31498245709e-08
pzp_tails,11,74.17921875,0.000235201067177,0,5.53195420014e-08
pzp_tails,11,74.48765625,0.000346419790963,0,1.20006671571e-07
pzp_tails,11,74.79609375,0.000444530325034,0,1.97607209875e-07
pzp_tails,11,75.10453125,0.000526220749883,0,2.76908277608e-07
pzp_tails,11,75.41296875,0.000588776486382,0,3.46657750917e-07
pzp_tails,11,75.72140625,0.000630169604804,0,3.97113730819e-07
pzp_tails,11,76.02984375,0.000649123801966,0,4.21361710279e-07
pzp_tails,11,76.33828125,0.000645152986823,0,4.16222376406e-07
pzp_tails,11,76.64671875,0.000618572331605,0,3.82631729428e-07
pzp_tails,11,76.95515625,0.000570481595377,0,3.25449250664e-07
pzp_tails,11,77.26359375,0.000502721477232,0,2.5272888367e-07
pzp_tails,11,77.57203125,0.000417804675046,0,1.7456074649e-07
pzp_tails,11,77.88046875,0.000318824181656,0,1.01648858808e-07
pzp_tails,11,78.18890625,0.000209342114863,0,4.38241210551e-08
pzp_tails,11,78.49734375,9.32630253149e-05,0,8.6979918909e-09
pzp_tails,11,78.80578125,-2.53038643116e-05,0,6.40285549098e-10
pzp_tails,11,79.11421875,-0.000142188680888,0,2.02176209727e-08
pzp_tails,11,79.42265625,-0.000253306186775,0,6.41640242585e-08
pzp_tails,11,79.73109375,-0.000354797316967,0,1.25881136127e-07
pzp_tails,11,80.03953125,-0.000443162108889,0,1.96392654755e-07
pzp_tails,11,80.34796875,-0.000515379486166,0,2.65616014761e-07
pzp_tails,11,80.65640625,-0.000569009831252,0,3.23772188061e-07
pzp_tails,11,80.96484375,-0.000602276892109,0,3.62737454769e-07
pzp_tails,11,81.27328125,-0.000614126293938,0,3.77151104907e-07
pzp_tails,11,81.58171875,-0.000604258742916,0,3.65128628391e-07
pzp_tails,11,81.89015625,-0.000573136886948,0,3.2848589118e-07
pzp_tails,11,82.19859375,-0.000521965708331,0,2.72448200673e-07
pzp_tails,11,82.50703125,-0.000452647233886,0,2.04889518344e-07
pzp_tails,11,82.81546875,-0.000367711228422,0,1.35211547508e-07
pzp_tails,11,83.12390625,-0.000270224357542,0,7.30212034089e-08
pzp_tails,11,83.43234375,-0.000163681037877,0,2.67914821606e-08
pzp_tails,11,83.74078125,-5.18798123386e-05,0,2.69151492829e-09
pzp_tails,11,84.04921875,6.12104261069e-05,0,3.74671626418e-09
pzp_tails,11,84.35765625,0.00017158970224,0,2.94430259149e-08
pzp_tails,11,84.66609375,0.0002753668825,0,7.58269199779e-08
pzp_tails,11,84.97453125,0.00036889541016,0,1.36083823637e-07
pzp_tails,11,85.28296875,0.000448900163775,0,2.01511357038e-07
pzp_tails,11,85.59140625,0.000512591068163,0,2.6274960316e-07
pzp_tails,11,85.89984375,0.000557759553674,0,3.11095719715e-07
pzp_tails,11,86.20828125,0.000582854559002,0,3.39719436949e-07
pzp_tails,11,86.51671875,0.000587035484489,0,3.44610660049e-07
pzp_tails,11,86.82515625,0.000570200302389,0,3.25128384844e-07
pzp_tails,11,87.13359375,0.000532987890241,0,2.84076091144e-07
pzp_tails,11,87.44203125,0.000476754544051,0,2.27294895273e-07
pzp_tails,11,87.75046875,0.000403525518801,0,1.62832844324e-07
pzp_tails,11,88.05890625,0.000315923304514,0,9.98075343352e-08
pzp_tails,11,88.36734375,0.000217075147221,0,4.71216195411e-08
pzp_tails,11,88.67578125,0.000110503038466,0,1.22109215102e-08
pzp_tails,12,-59.06578125,-0.000140251008175,-1.71757948239e-20,1.96703452941e-08
pzp_tails,12,-58.75734375,-0.000280469750818,-3.43476382597e-20,7.86632811238e-08
pzp_tails,12,-58.44890625,-0.000420620128042,-5.15111093464e-20,1.76921292114e-07
pzp_tails,12,-58.14046875,-0.00056065834019,-6.86608441728e-20,3.14337774424e-07
pzp_tails,12,-57.83203125,-0.000700528959599,-8.57900548083e-20,4.90740823237e-07
pzp_tails,12,-57.52359375,-0.000840160906408,-1.0289003648e-19,7.05870348656e-07
pzp_tails,12,-57.21515625,-0.000979463293035,-1.1994965867e-19,9.59348342403e-07
pzp_tails,12,-56.90671875,-0.0011183210989,-1.36954835418e-19,1.25064208024e-06
pzp_tails,12,-56.59828125,-0.00125659063278,-1.53887969627e-19,1.57902001838e-06
pzp_tails,12,-56.28984375,-0.00139409473484,-1.70727365473e-19,1.94350012971e-06
pzp_tails,12,-55.98140625,-0.00153061766342,-1.87446602222e-19,2.34279043156e-06
pzp_tails,12,-55.67296875,-0.00164990472971,-2.02055054614e-19,2.72218561712e-06
pzp_tails,12,-55.36453125,-0.00169469703477,-2.07540529916e-19,2.87199803967e-06
pzp_tails,12,-55.05609375,-0.00167925971794,-2.05650003852e-19,2.8199132003e-06
pzp_tails,12,-54.74765625,-0.00160396803032,-1.96429431427e-19,2.5727134423e-06
pzp_tails,12,-54.43921875,-0.0014712936148,-1.80181501597e-19,2.16470490096e-06
pzp_tails,12,-54.13078125,-0.00128572338572,-1.57455702891e-19,1.65308462459e-06
pzp_tails,12,-53.82234375,-0.00105360851607,-1.29029829676e-19,1.11009090514e-06
pzp_tails,12,-53.51390625,-0.000782948563128,-9.58835451732e-20,6.13008452504e-07
pzp_tails,12,-53.20546875,-0.000483117993753,-5.9164890466e-20,2.33402995888e-07
pzp_tails,12,-52.89703125,-0.000164544359238,-2.01508722858e-20,2.7074846157e-08
pzp_tails,12,-52.58859375,0.000161650951372,1.97965320177e-20,2.61310300795e-08
pzp_tails,12,-52.28015625,0.00048403713864,5.92774532504e-20,2.34291951583e-07
pzp_tails,12,-51.97171875,0.00079127046063,9.69026836871e-20,6.26108941866e-07
pzp_tails,12,-51.66328125,0.00107248914606,1.31342039984e-19,1.15023296841e-06
pzp_tails,12,-51.35484375,0.00131769316331,1.6137087147e-19,1.73631527262e-06
pzp_tails,12,-51.04640625,0.0015180957241,1.85913106932e-19,2.30461462753e-06
pzp_tails,12,-50.73796875,0.00166643431681,2.04079345207e-19,2.77700333225e-06
pzp_tails,12,-50.42953125,0.00175723039938,2.15198658397e-19,3.08785867651e-06
pzp_tails,12,-50.12109375,0.00178698859171,2.18842985895e-19,3.1933282269e-06
pzp_tails,12,-49.81265625,0.00175432823636,2.14843245931e-19,3.07766756088e-06
pzp_tails,12,-49.50421875,0.00166004247641,2.03296570518e-19,2.75574102348e-06
pzp_tails,12,-49.19578125,0.00150708245519,1.8456437048e-19,2.27129752674e-06
pzp_tails,12,-48.88734375,0.00130046679114,1.59261249317e-19,1.69121387486e-06
pzp_tails,12,-48.57890625,0.00104711903739,1.28235097747e-19,1.09645827846e-06
pzp_tails,12,-48.27046875,0.000755638312599,9.25390040838e-20,5.70989259468e-07
pzp_tails,12,-47.96203125,0.000386516014211,4.73345599622e-20,1.49394629241e-07
pzp_tails,12,-47.65359375,-3.46812815343e-05,-4.24723204213e-21,1.20279128886e-09
pzp_tails,12,-47.34515625,-0.000458570811223,-5.61587276146e-20,2.10287188906e-07
pzp_tails,12,-47.03671875,-0.000885238001043,-1.08410388446e-19,7.8364631849e-07
pzp_tails,12,-46.72828125,-0.00131473013771,-1.61008005489e-19,1.728515335e-06
pzp_tails,12,-46.41984375,-0.00174704326538,-2.13951094292e-19,3.05216017112e-06
pzp_tails,12,-46.11140625,-0.00218210765222,-2.67231115169e-19,4.76159380588e-06
pzp_tails,12,-45.80296875,-0.00256802511953,-3.14492374276e-19,6.59475301452e-06
pzp_tails,12,-45.49453125,-0.00281475808696,-3.44708448157e-19,7.92286308809e-06
pzp_tails,12,-45.18609375,-0.00296520014227,-3.63132286306e-19,8.79241188373e-06
pzp_tails,12,-44.87765625,-0.00301371614299,-3.69073782805e-19,9.08248499052e-06
pzp_tails,12,-44.56921875,-0.00295809324889,-3.62261942884e-19,8.75031566915e-06
pzp_tails,12,-44.26078125,-0.00279963242048,-3.42856088253e-19,7.83794168979e-06
pzp_tails,12,-43.95234375,-0.00254312342298,-3.11442795979e-19,6.46747674452e-06
pzp_tails,12,-43.64390625,-0.00219670357399,-2.69018600056e-19,4.82550659197e-06
pzp_tails,12,-43.33546875,-0.00177160428871,-2.16958952152e-19,3.13858175576e-06
pzp_tails,12,-43.02703125,-0.00128179318029,-1.56974391542e-19,1.64299375705e-06
pzp_tails,12,-42.71859375,-0.000743522941965,-9.1055299097e-20,5.52826365229e-07
pzp_tails,12,-42.41015625,-0.000174801360028,-2.14069926044e-20,3.05555154675e-08
pzp_tails,12,-42.10171875,0.000405200521141,4.96227521228e-20,1.64187462333e-07
pzp_tails,12,-41.79328125,0.000976782928658,1.19621408704e-19,9.54104889719e-07
pzp_tails,12,-41.48484375,0.0015203739109,1.86192104349e-19,2.31153682895e-06
pzp_tails,12,-41.17640625,0.00201718637683,2.47034083967e-19,4.06904087889e-06
pzp_tails,12,-40.86796875,0.00244985393434,3.00020577907e-19,6.00178429962e-06
pzp_tails,12,-40.55953125,0.002803024383,3.43271483857e-19,7.85694569168e-06
pzp_tails,12,-40.25109375,0.00306389095536,3.75218425142e-19,9.38742778636e-06
pzp_tails,12,-39.94265625,0.00322264329699,3.94659979846e-19,1.03854298197e-05
pzp_tails,12,-39.63421875,0.0032728226714,4.0080518087e-19,1.07113682384e-05
pzp_tails,12,-39.32578125,0.00321156889613,3.93303756888e-19,1.03141747746e-05
pzp_tails,12,-39.01734375,0.00303974996551,3.72262006547e-19,9.2400798528e-06
pzp_tails,12,-38.70890625,0.00276196908589,3.38243660038e-19,7.62847323144e-06
pzp_tails,12,-38.40046875,0.00238644782108,2.92255568542e-19,5.69513320276e-06
pzp_tails,12,-38.09203125,0.00192478809149,2.35718557528e-19,3.70480919713e-06
pzp_tails,12,-37.78359375,0.00139161976072,1.7042426856e-19,1.93660555843e-06
pzp_tails,12,-37.47515625,0.000804144347633,9.84792801382e-20,6.46648131831e-07
pzp_tails,12,-37.16671875,0.000181588895895,2.22382260118e-20,3.29745271122e-08
pzp_tails,12,-36.85828125,-0.000455412898225,-5.57719948102e-20,2.0740090787e-07
pzp_tails,12,-36.54984375,-0.00108549265973,-1.32934511124e-19,1.17829431433e-06
pzp_tails,12,-36.24140625,-0.00168725084583,-2.06628634771e-19,2.84681541676e-06
pzp_tails,12,-35.93296875,-0.00223996898808,-2.74317085144e-19,5.01746106757e-06
pzp_tails,12,-35.62453125,-0.00272430734783,-3.33631427342e-19,7.42185052547e-06
pzp_tails,12,-35.31609375,-0.00312296490763,-3.82452897798e-19,9.75290981431e-06
pzp_tails,12,-35.00765625,-0.0034212796134,-4.18985912754e-19,1.17051541931e-05
pzp_tails,12,-34.69921875,-0.00360774850144,-4.41821765442e-19,1.30158492497e-05
pzp_tails,12,-34.39078125,-0.00367444974183,-4.49990311496e-19,1.35015809053e-05
pzp_tails,12,-34.08234375,-0.00361735163486,-4.42997810102e-19,1.30852328502e-05
pzp_tails,12,-33.77390625,-0.00343649711935,-4.20849519749e-19,1.18095124513e-05
pzp_tails,12,-33.46546875,-0.00313605628183,-3.84056128748e-19,9.83484900278e-06
pzp_tails,12,-33.15703125,-0.00272424357199,-3.33623617054e-19,7.42150303954e-06
pzp_tails,12,-32.84859375,-0.00221310079885,-2.71026680951e-19,4.89781514589e-06
pzp_tails,12,-32.54015625,-0.00161815136502,-1.98166388971e-19,2.61841384012e-06
pzp_tails,12,-32.23171875,-0.000957935452096,-1.1731325852e-19,9.17640330383e-07
pzp_tails,12,-31.92328125,-0.000253439860016,-3.10374313345e-20,6.42317626451e-08
pzp_tails,12,-31.61484375,0.000472560204161,5.78719341431e-20,2.23313146557e-07
pzp_tails,12,-31.30640625,0.00119622701714,1.4649555876e-19,1.43095907654e-06
pzp_tails,12,-30.99796875,0.0018934310857,2.31878431851e-19,3.58508127629e-06
pzp_tails,12,-30.68953125,0.00254054217901,3.11126684762e-19,6.4543545633e-06
pzp_tails,12,-30.38109375,0.00311521510503,3.81503820703e-19,9.7045651506e-06
pzp_tails,12,-30.07265625,0.00359714452931,4.4052315339e-19,1.29394487648e-05
pzp_tails,12,-29.76421875,0.00396876380265,4.86033388749e-19,1.57510861212e-05
pzp_tails,12,-29.45578125,0.00425412793715,5.2098041614e-19,1.80976045057e-05
pzp_tails,12,-29.14734375,0.00459269235735,5.6244259949e-19,2.10928230893e-05
pzp_tails,12,-28.83890625,0.00494318718274,6.05365836092e-19,2.44350995236e-05
pzp_tails,12,-28.53046875,0.0053025464871,6.49374658275e-19,2.81169992478e-05
pzp_tails,12,-28.22203125,0.00566759974699,6.94080788899e-19,3.2121686892e-05
pzp_tails,12,-27.91359375,0.00603502701389,7.39077651532e-19,3.64215510583e-05
pzp_tails,12,-27.60515625,0.00640131388917,7.83934856471e-19,4.09768195076e-05
pzp_tails,12,-27.29671875,0.00676270610848,8.28192638932e-19,4.57341939096e-05
pzp_tails,12,-26.98828125,0.00711516357699,8.71356229997e-19,5.06255527274e-05
pzp_tails,12,-26.67984375,0.00745431372746,9.12890144617e-19,5.55667931474e-05
pzp_tails,12,-26.37140625,0.00777540409874,9.5221237416e-19,6.04569088987e-05
pzp_tails,12,-26.06296875,0.0080380381752,9.84375772268e-19,6.4610057706e-05
pzp_tails,12,-25.75453125,0.00796453382398,9.75374085423e-19,6.34337990333e-05
pzp_tails,12,-25.44609375,0.00758980810703,9.29483420442e-19,5.76051871016e-05
pzp_tails,12,-25.13765625,0.00692456333472,8.48014432336e-19,4.79495773765e-05
pzp_tails,12,-24.82921875,0.00599020992219,7.33589140744e-19,3.5882614912e-05
pzp_tails,12,-24.52078125,0.00481819052378,5.90058160263e-19,2.32149599235e-05
pzp_tails,12,-24.21234375,0.00344894211942,4.22373592699e-19,1.18952017431e-05
pzp_tails,12,-23.90390625,0.00193052953229,2.36421681238e-19,3.72694427505e-06
pzp_tails,12,-23.59546875,0.000316995481636,3.8820750193e-20,1.00486135378e-07
pzp_tails,12,-23.28703125,-0.0013335175577,-1.63308800864e-19,1.77826907669e-06
pzp_tails,12,-22.97859375,-0.00296081006047,-3.62594656344e-19,8.7663962142e-06
pzp_tails,12,-22.67015625,-0.00450476284151,-5.51674339477e-19,2.02928882582e-05
pzp_tails,12,-22.36171875,-0.00590749533353,-7.23459525119e-19,3.48985011157e-05
pzp_tails,12,-22.05328125,-0.00711546951962,-8.71393697163e-19,5.06299064847e-05
pzp_tails,12,-21.74484375,-0.00808146540481,-9.89694074043e-19,6.53100830892e-05
pzp_tails,12,-21.43640625,-0.00876635756554,-1.07356917328e-18,7.68490249669e-05
pzp_tails,12,-21.12796875,-0.00914062840587,-1.11940413194e-18,8.35510876542e-05
pzp_tails,12,-20.81953125,-0.00918556209432,-1.12490692172e-18,8.43745509886e-05
pzp_tails,12,-20.51109375,-0.00889407349452,-1.08920986364e-18,7.91045433259e-05
pzp_tails,12,-20.20265625,-0.00827113841071,-1.012922318e-18,6.84117306091e-05
pzp_tails,12,-19.89421875,-0.00733380475759,-8.98132052195e-19,5.37846922225e-05
pzp_tails,12,-19.58578125,-0.00611077840203,-7.48354521034e-19,3.73416126787e-05
pzp_tails,12,-19.27734375,-0.00464159194573,-5.68431071929e-19,2.15443757907e-05
pzp_tails,12,-18.96890625,-0.00297537914126,-3.64378854159e-19,8.85288103423e-06
pzp_tails,12,-18.66046875,-0.00116929147366,-1.43196906049e-19,1.36724255037e-06
pzp_tails,12,-18.35203125,0.00100492898839,1.230683069e-19,1.0098822717e-06
pzp_tails,12,-18.04359375,0.00351501239908,4.3046486835e-19,1.23553121657e-05
pzp_tails,12,-17.73515625,0.00606599358282,7.42869962485e-19,3.67962781469e-05
pzp_tails,12,-17.42671875,0.00865394075731,1.05980208484e-18,7.4890690631e-05
pzp_tails,12,-17.11828125,0.0112741886257,1.38068990135e-18,0.000127107329169
pzp_tails,12,-16.80984375,0.0139210826721,1.7048409335e-18,0.000193796542763
pzp_tails,12,-16.50140625,0.0165876975772,2.03140707431e-18,0.000275151710913
pzp_tails,12,-16.19296875,0.0189489180761,2.32057318692e-18,0.000359061496255
pzp_tails,12,-15.88453125,0.0203364879338,2.49050148541e-18,0.000413572741483
pzp_tails,12,-15.57609375,0.0210113474055,2.57314793459e-18,0.000441476719795
pzp_tails,12,-15.26765625,0.020941355678,2.56457642009e-18,0.000438540377634
pzp_tails,12,-14.95921875,0.0201192174802,2.46389352885e-18,0.000404782912018
pzp_tails,12,-14.65078125,0.0185630108416,2.27331318097e-18,0.000344585371506
pzp_tails,12,-14.34234375,0.0163159006554,1.99812155128e-18,0.000266208614196
pzp_tails,12,-14.03390625,0.0134450382644,1.64654230749e-18,0.000180769053931
pzp_tails,12,-13.72546875,0.0100396726185,1.22950529367e-18,0.000100795026286
pzp_tails,12,-13.41703125,0.00620852335034,7.60324824843e-19,3.85457621917e-05
pzp_tails,12,-13.10859375,0.00207648963161,2.54296638082e-19,4.31180919019e-06
pzp_tails,12,-12.80015625,-0.00221920982782,-2.71774821228e-19,4.92489225991e-06
pzp_tails,12,-12.49171875,-0.00653335144777,-8.00104793821e-19,4.26846811401e-05
pzp_tails,12,-12.18328125,-0.0107173463767,-1.31249639356e-18,0.000114861513358
pzp_tails,12,-11.87484375,-0.0146240635162,-1.79093125757e-18,0.000213863233727
pzp_tails,12,-11.56640625,-0.0181126868738,-2.2181644004e-18,0.000328069425788
pzp_tails,12,-11.25796875,-0.0210534550054,-2.57830462834e-18,0.000443247967666
pzp_tails,12,-10.94953125,-0.0233321317685,-2.85736204876e-18,0.000544388372863
pzp_tails,12,-10.64109375,-0.0248540636696,-3.04374495188e-18,0.000617724480892
pzp_tails,12,-10.33265625,-0.0255476896391,-3.12868963421e-18,0.000652684445894
pzp_tails,12,-10.02421875,-0.0253673838306,-3.10660854109e-18,0.000643504162408
pzp_tails,12,-9.71578125,-0.0242955306392,-2.97534438309e-18,0.00059027280904
pzp_tails,12,-9.40734375,-0.0223437530486,-2.73632056519e-18,0.000499243300295
pzp_tails,12,-9.09890625,-0.0195532400437,-2.39458128324e-18,0.000382329196206
pzp_tails,12,-8.79046875,-0.0159941454583,-1.95871790407e-18,0.000255812688943
pzp_tails,12,-8.48203125,-0.0117640585,-1.4406816587e-18,0.000138393072391
pzp_tails,12,-8.17359375,-0.00698557449276,-8.55486144276e-19,4.87982509938e-05
pzp_tails,12,-7.86515625,-0.00180302226684,-2.20806544787e-19,3.25088929471e-06
pzp_tails,12,-7.55671875,0.00362156873935,4.43514256454e-19,1.31157601339e-05
pzp_tails,12,-7.24828125,0.0091131540131,1.11603948923e-18,8.30495760665e-05
pzp_tails,12,-6.93984375,0.0144888827195,1.77437638457e-18,0.00020992772246
pzp_tails,12,-6.63140625,0.0195636819871,2.3958600525e-18,0.000382737652892
pzp_tails,12,-6.32296875,0.0241560548688,2.95826352752e-18,0.000583514986826
pzp_tails,12,-6.01453125,0.0280939205225,3.44051298434e-18,0.000789268370326
pzp_tails,12,-5.70609375,0.0312203204785,3.82338655423e-18,0.00097470841078
pzp_tails,12,-5.39765625,0.0333988153291,4.09017522882e-18,0.00111548086539
pzp_tails,12,-5.08921875,0.0345184018418,4.22728503272e-18,0.00119152006571
pzp_tails,12,-4.78078125,0.0344977912831,4.22476096725e-18,0.00119009760341
pzp_tails,12,-4.47234375,0.0332889054127,4.07671514607e-18,0.00110815122357
pzp_tails,12,-4.16390625,0.0308794667712,3.78164401408e-18,0.000953541468076
pzp_tails,12,-3.85546875,0.0272945840432,3.34262249826e-18,0.000744994318094
pzp_tails,12,-3.54703125,0.0225972607679,2.76736630689e-18,0.000510636194213
pzp_tails,12,-3.23859375,0.0168877857653,2.06815727822e-18,0.000285197308056
pzp_tails,12,-2.93015625,0.0103019955008,1.26163058149e-18,0.000106131111299
pzp_tails,12,-2.62171875,0.00300843133683,3.68426580711e-19,9.05065910845e-06
pzp_tails,12,-2.31328125,-0.00479555271326,-5.87285828043e-19,2.29973258256e-05
pzp_tails,12,-2.00484375,-0.0128886444589,-1.57840371819e-18,0.000166117155988
pzp_tails,12,-1.69640625,-0.0210312732385,-2.57558814536e-18,0.000442314454034
pzp_tails,12,-1.38796875,-0.0289720109621,-3.54804804896e-18,0.00083937741919
pzp_tails,12,-1.07953125,-0.0364545073283,-4.46438957142e-18,0.00132893110455
pzp_tails,12,-0.77109375,-0.043224773155,-5.29350800882e-18,0.0018683810143
pzp_tails,12,-0.46265625,-0.0490386118332,-6.00549790162e-18,0.00240478545053
pzp_tails,12,-0.15421875,-0.0536689904393,-6.5725557355e-18,0.00288036053478
pzp_tails,12,0.15421875,-0.0574154982219,-7.03137061189e-18,0.00329653943606
pzp_tails,12,0.46265625,-0.0622023756371,-7.61759402234e-18,0.0038691355349
pzp_tails,12,0.77109375,-0.0674205901964,-8.25664099807e-18,0.00454553598244
pzp_tails,12,1.07953125,-0.0729528930265,-8.93415269334e-18,0.00532212460093
pzp_tails,12,1.38796875,-0.0786652985151,-9.63372060305e-18,0.00618822919048
pzp_tails,12,1.69640625,-0.0843998733361,-1.0336003473e-17,0.00712333861916
pzp_tails,12,2.00484375,-0.0899662075105,-1.10176828059e-17,0.00809391849382
pzp_tails,12,2.31328125,-0.0951312430085,-1.16502172249e-17,0.00904995339634
pzp_tails,12,2.62171875,-0.0996070677128,-1.21983476647e-17,0.00992156793833
pzp_tails,12,2.93015625,-0.103036200597,-1.26182953258e-17,0.0106164586335
pzp_tails,12,3.23859375,-0.104973794577,-1.28555821523e-17,0.0110194975479
pzp_tails,12,3.54703125,-0.104878800382,-1.28439487187e-17,0.0109995627696
pzp_tails,12,3.85546875,-0.0991259056155,-1.21394223025e-17,0.00982594516408
pzp_tails,12,4.16390625,-0.0874759514592,-1.07127143957e-17,0.00765204208369
pzp_tails,12,4.47234375,-0.0698836985247,-8.55828477108e-18,0.00488373131949
pzp_tails,12,4.78078125,-0.0464888472423,-5.69324179713e-18,0.00216121291791
pzp_tails,12,5.08921875,-0.0176145964379,-2.15716591459e-18,0.00031027400767
pzp_tails,12,5.39765625,0.0162389754945,1.98870093607e-18,0.00026370432511
pzp_tails,12,5.70609375,0.0544065418585,6.66287973397e-18,0.00296007179701
pzp_tails,12,6.01453125,0.0960738677454,1.17656554616e-17,0.00923018806356
pzp_tails,12,6.32296875,0.140298424913,1.71816016995e-17,0.019683648033
pzp_tails,12,6.63140625,0.186033728826,2.27825610541e-17,0.0346085482611
pzp_tails,12,6.93984375,0.232156741748,2.84310010683e-17,0.0538967527393
pzp_tails,12,7.24828125,0.277497600224,3.39836547885e-17,0.0770049181301
pzp_tails,12,7.55671875,0.32087086012,3.92953471785e-17,0.102958108874
pzp_tails,12,7.86515625,0.361107409293,4.42229032939e-17,0.130398561046
pzp_tails,12,8.17359375,0.397086178208,4.86290317129e-17,0.157677432924
pzp_tails,12,8.48203125,0.427764782959,5.23860772239e-17,0.18298270954
pzp_tails,12,8.79046875,0.452208262997,5.53795401827e-17,0.204492313122
pzp_tails,12,9.09890625,0.469615126777,5.75112661838e-17,0.220538367297
pzp_tails,12,9.40734375,0.479339990997,5.87022185677e-17,0.229766826969
pzp_tails,12,9.71578125,0.480912191165,5.88947575581e-17,0.231276535611
pzp_tails,12,10.02421875,0.474049850405,5.80543631934e-17,0.224723260669
pzp_tails,12,10.33265625,0.458669016608,5.61707543057e-17,0.210377266796
pzp_tails,12,10.64109375,0.434887611924,5.32583721931e-17,0.189127235005
pzp_tails,12,10.94953125,0.403024079478,4.93562148912e-17,0.162428408639
pzp_tails,12,11.25796875,0.357484476634,4.37792220055e-17,0.127795151034
pzp_tails,12,11.56640625,0.313247461172,3.83617500665e-17,0.0981239719306
pzp_tails,12,11.87484375,0.275473217205,3.37357393701e-17,0.0758854933972
pzp_tails,12,12.18328125,0.243400695285,2.98079882391e-17,0.0592438984653
pzp_tails,12,12.49171875,0.216431635669,2.65052309856e-17,0.0468426529182
pzp_tails,12,12.80015625,0.19411376976,2.37720806807e-17,0.0376801556105
pzp_tails,12,13.10859375,0.176128914813,2.15695711763e-17,0.0310213946332
pzp_tails,12,13.41703125,0.163922321006,2.00746945729e-17,0.0268705273241
pzp_tails,12,13.72546875,0.150771665054,1.84642037011e-17,0.0227320949832
pzp_tails,12,14.03390625,0.135421925411,1.65844027489e-17,0.018339097882
pzp_tails,12,14.34234375,0.118298009315,1.44873278453e-17,0.0139944190078
pzp_tails,12,14.65078125,0.0998562663842,1.22288657002e-17,0.00997127393619
pzp_tails,12,14.95921875,0.0805721322951,9.86724039157e-18,0.00649186850258
pzp_tails,12,15.26765625,0.0609274958288,7.46146627467e-18,0.00371215974796
pzp_tails,12,15.57609375,0.0413981339825,5.06980922723e-18,0.00171380549723
pzp_tails,12,15.88453125,0.0224415532526,2.74829763587e-18,0.000503623312389
pzp_tails,12,16.19296875,0.00448555940624,5.49322596924e-19,2.01202431869e-05
pzp_tails,12,16.50140625,-0.0120821464425,-1.47963619677e-18,0.000145978262659
pzp_tails,12,16.80984375,-0.0269230800616,-3.29712638206e-18,0.000724852240001
pzp_tails,12,17.11828125,-0.0397555686134,-4.86865298507e-18,0.00158050523577
pzp_tails,12,17.42671875,-0.0503606465767,-6.16740046331e-18,0.00253619472362
pzp_tails,12,17.73515625,-0.0585861218003,-7.17473065371e-18,0.00343233366759
pzp_tails,12,18.04359375,-0.0643487330409,-7.88044699478e-18,0.00414075944397
pzp_tails,12,18.35203125,-0.0676343744838,-8.28282202239e-18,0.00457440861181
pzp_tails,12,18.66046875,-0.0684964168832,-8.38839176891e-18,0.00469175912583
pzp_tails,12,18.96890625,-0.0670522075775,-8.21152713856e-18,0.00449599854102
pzp_tails,12,19.27734375,-0.0634778812596,-7.77379841012e-18,0.0040294414092
pzp_tails,12,19.58578125,-0.0580016586673,-7.10315456321e-18,0.00336419240815
pzp_tails,12,19.89421875,-0.0508958500698,-6.23294398779e-18,0.00259038755433
pzp_tails,12,20.20265625,-0.0424678135,-5.20080718695e-18,0.00180351518347
pzp_tails,12,20.51109375,-0.0330501432691,-4.04747521659e-18,0.00109231197011
pzp_tails,12,20.81953125,-0.0229903817527,-2.81550974246e-18,0.000528557653133
pzp_tails,12,21.12796875,-0.0126405563431,-1.54802168651e-18,0.000159783664664
pzp_tails,12,21.43640625,-0.00234684368238,-2.87405460372e-19,5.50767526952e-06
pzp_tails,12,21.74484375,0.00756034511394,9.25875244424e-19,5.71588182419e-05
pzp_tails,12,22.05328125,0.0167755812002,2.05441618207e-18,0.000281420124605
pzp_tails,12,22.36171875,0.0250266840607,3.06488485283e-18,0.000626334915076
pzp_tails,12,22.67015625,0.032081815552,3.92888927266e-18,0.00102924288911
pzp_tails,12,22.97859375,0.0377552178745,4.62368067212e-18,0.00142545647675
pzp_tails,12,23.28703125,0.0419114535341,5.13267274182e-18,0.00175656993734
pzp_tails,12,23.59546875,0.044468051031,5.44576563594e-18,0.0019774075625
pzp_tails,12,23.90390625,0.0453965079193,5.55946881158e-18,0.00206084293127
pzp_tails,12,24.21234375,0.044721651592,5.47682274747e-18,0.00200002612111
pzp_tails,12,24.52078125,0.0425194062662,5.20712547856e-18,0.00180789990923
pzp_tails,12,24.82921875,0.0389130607768,4.76547553253e-18,0.00151422629902
pzp_tails,12,25.13765625,0.0340681746175,4.17214809981e-18,0.00116064052177
pzp_tails,12,25.44609375,0.028186297994,3.45182596182e-18,0.000794467394606
pzp_tails,12,25.75453125,0.0214977143888,2.63271071152e-18,0.000462151723943
pzp_tails,12,26.06296875,0.0142534403984,1.74554301607e-18,0.00020316056319
pzp_tails,12,26.37140625,0.00671673666807,8.22563006126e-19,4.51145514681e-05
pzp_tails,12,26.67984375,-0.000845604862201,-1.03556728784e-19,7.15047582978e-07
pzp_tails,12,26.98828125,-0.00817192875276,-1.00077263899e-18,6.67804195402e-05
pzp_tails,12,27.29671875,-0.0150140747942,-1.83869386388e-18,0.000225422441925
pzp_tails,12,27.60515625,-0.0211451758958,-2.58953719782e-18,0.000447118463663
pzp_tails,12,27.91359375,-0.0263666630437,-3.22898495007e-18,0.000695200920061
pzp_tails,12,28.22203125,-0.0305142716522,-3.73692051072e-18,0.000931120774466
pzp_tails,12,28.53046875,-0.0334628759412,-4.09802039117e-18,0.00111976406626
pzp_tails,12,28.83890625,-0.0351300151876,-4.30218606535e-18,0.00123411796708
pzp_tails,12,29.14734375,-0.0354780166831,-4.3448039571e-18,0.00125868966776
pzp_tails,12,29.45578125,-0.0345146637551,-4.22682724914e-18,0.00119126201413
pzp_tails,12,29.76421875,-0.0319482830691,-3.91253625989e-18,0.00102069279107
pzp_tails,12,30.07265625,-0.0289867875073,-3.54985765384e-18,0.000840233849995
pzp_tails,12,30.38109375,-0.0259994881333,-3.18401899219e-18,0.000675973383192
pzp_tails,12,30.68953125,-0.0230072093501,-2.81757052879e-18,0.00052933168208
pzp_tails,12,30.99796875,-0.0200270662193,-2.45260825418e-18,0.000401083381354
pzp_tails,12,31.30640625,-0.0170730639616,-2.09084731323e-18,0.000291489513038
pzp_tails,12,31.61484375,-0.0141566429363,-1.73368874586e-18,0.000200410539226
pzp_tails,12,31.92328125,-0.0112871736586,-1.38228010925e-18,0.0001274002892
pzp_tails,12,32.23171875,-0.00847240641576,-1.03757053981e-18,7.17816704739e-05
pzp_tails,12,32.54015625,-0.00571887991407,-7.00360798148e-19,3.27055874716e-05
pzp_tails,12,32.84859375,-0.00303229316011,-3.71348811261e-19,9.19480180888e-06
pzp_tails,12,33.15703125,-0.000726960188639,-8.90269468124e-20,5.28471115866e-07
pzp_tails,12,33.46546875,0.00123607222367,1.51375189223e-19,1.52787454212e-06
pzp_tails,12,33.77390625,0.00309677123957,3.79245098623e-19,9.58999211024e-06
pzp_tails,12,34.08234375,0.00479146016387,5.86784635293e-19,2.2958090502e-05
pzp_tails,12,34.39078125,0.00626401350037,7.67120408304e-19,3.92378651328e-05
pzp_tails,12,34.69921875,0.00746762907371,9.14520804233e-19,5.57654839825e-05
pzp_tails,12,35.00765625,0.00836623916531,1.02456880147e-18,6.99939577711e-05
pzp_tails,12,35.31609375,0.00893552001865,1.09428559896e-18,7.98435180037e-05
pzp_tails,12,35.62453125,0.00916347333352,1.1222018287e-18,8.39692435341e-05
pzp_tails,12,35.93296875,0.00905056827547,1.1083749469e-18,8.1912786109e-05
pzp_tails,12,36.24140625,0.00860944757469,1.05435324148e-18,7.41225875414e-05
pzp_tails,12,36.54984375,0.00786421597819,9.63088692549e-19,6.18458929516e-05
pzp_tails,12,36.85828125,0.00684934317071,8.38802619027e-19,4.69135018701e-05
pzp_tails,12,37.16671875,0.0056082258447,6.86809582961e-19,3.14521971252e-05
pzp_tails,12,37.47515625,0.00419146447909,5.13306355805e-19,1.75683744794e-05
pzp_tails,12,37.78359375,0.00265491924081,3.25133835026e-19,7.04859617524e-06
pzp_tails,12,38.09203125,0.00105761598327,1.29520602864e-19,1.11855156806e-06
pzp_tails,12,38.40046875,-0.000540422608406,-6.61826817572e-20,2.92056595677e-07
pzp_tails,12,38.70890625,-0.00208034418946,-2.54768685274e-19,4.32783194661e-06
pzp_tails,12,39.01734375,-0.00350655683371,-4.29429360243e-19,1.22959408281e-05
pzp_tails,12,39.32578125,-0.00476867027314,-5.8399367862e-19,2.2740216174e-05
pzp_tails,12,39.63421875,-0.00582322261296,-7.13139093369e-19,3.39099216001e-05
pzp_tails,12,39.94265625,-0.00663513505851,-8.12569691132e-19,4.40250172447e-05
pzp_tails,12,40.25109375,-0.00717884727761,-8.7915523401e-19,5.15358482353e-05
pzp_tails,12,40.55953125,-0.00743909761698,-9.11026708518e-19,5.53401733549e-05
pzp_tails,12,40.86796875,-0.00740702449236,-9.07098883577e-19,5.48640118304e-05
pzp_tails,12,41.17640625,-0.00733990001697,-8.98878506185e-19,5.38741322592e-05
pzp_tails,12,41.48484375,-0.00725042347299,-8.87920789866e-19,5.25686405377e-05
pzp_tails,12,41.79328125,-0.00714654958346,-8.75199907233e-19,5.10731709489e-05
pzp_tails,12,42.10171875,-0.00703584862851,-8.61642950219e-19,4.95031659233e-05
pzp_tails,12,42.41015625,-0.00692556777715,-8.48137441057e-19,4.7963489036e-05
pzp_tails,12,42.71859375,-0.00682269388267,-8.35539022497e-19,4.65491518166e-05
pzp_tails,12,43.02703125,-0.00674450206038,-8.25963286008e-19,4.54883080424e-05
pzp_tails,12,43.33546875,-0.00645770811654,-7.90841157474e-19,4.17019941184e-05
pzp_tails,12,43.64390625,-0.00596510288924,-7.3051441599e-19,3.55824524792e-05
pzp_tails,12,43.95234375,-0.00528645682234,-6.47404242631e-19,2.79466257345e-05
pzp_tails,12,44.26078125,-0.00444728901314,-5.44635825483e-19,1.97783795664e-05
pzp_tails,12,44.56921875,-0.00347794599363,-4.25925542871e-19,1.20961083346e-05
pzp_tails,12,44.87765625,-0.00241253792518,-2.9545068479e-19,5.82033924044e-06
pzp_tails,12,45.18609375,-0.00128776854059,-1.57706162127e-19,1.65834781412e-06
pzp_tails,12,45.49453125,-0.000141698082979,-1.73530103766e-20,2.007834672e-08
pzp_tails,12,45.80296875,0.00098751988332,1.2093630642e-19,9.75195519952e-07
pzp_tails,12,46.11140625,0.00206288661534,2.52630749048e-19,4.25550118775e-06
pzp_tails,12,46.41984375,0.00304975113272,3.73486796288e-19,9.30098197152e-06
pzp_tails,12,46.72828125,0.0039169100946,4.7968314099e-19,1.53421846892e-05
pzp_tails,12,47.03671875,0.00463758022443,5.67939777764e-19,2.15071503381e-05
pzp_tails,12,47.34515625,0.00519021342963,6.35617826349e-19,2.69383154452e-05
pzp_tails,12,47.65359375,0.00555913020096,6.80797100665e-19,3.09039285912e-05
pzp_tails,12,47.96203125,0.00573495303378,7.02329187608e-19,3.28896862997e-05
pzp_tails,12,48.27046875,0.00571482828601,6.99864616814e-19,3.26592623386e-05
pzp_tails,12,48.57890625,0.00550243185691,6.73853556109e-19,3.02767563399e-05
pzp_tails,12,48.88734375,0.00510776111117,6.25520329561e-19,2.60892235688e-05
pzp_tails,12,49.19578125,0.00454672235846,5.5681289829e-19,2.06726842049e-05
pzp_tails,12,49.50421875,0.0038405297107,4.70329241723e-19,1.47496684587e-05
pzp_tails,12,49.81265625,0.0030149370742,3.69223303755e-19,9.08984556138e-06
pzp_tails,12,50.12109375,0.00209933020579,2.57093801688e-19,4.40718731295e-06
pzp_tails,12,50.42953125,0.00112571001454,1.37859716608e-19,1.26722303684e-06
pzp_tails,12,50.73796875,0.000127601494949,1.56266762356e-20,1.62821415132e-08
pzp_tails,12,51.04640625,-0.000861075258677,-1.05451305936e-19,7.41450601106e-07
pzp_tails,12,51.35484375,-0.00180713463947,-2.21310165185e-19,3.26573560517e-06
pzp_tails,12,51.66328125,-0.0026792187456,-3.28109666101e-19,7.17821308677e-06
pzp_tails,12,51.97171875,-0.00344881879435,-4.22358489734e-19,1.18943510763e-05
pzp_tails,12,52.28015625,-0.00409119196803,-5.01026514835e-19,1.67378517193e-05
pzp_tails,12,52.58859375,-0.00458614463272,-5.61640734489e-19,2.10327225922e-05
pzp_tails,12,52.89703125,-0.0049186574853,-6.02361814548e-19,2.41931914577e-05
pzp_tails,12,53.20546875,-0.00507933355125,-6.22038957534e-19,2.57996293248e-05
pzp_tails,12,53.51390625,-0.00506465589697,-6.20241463301e-19,2.56507393547e-05
pzp_tails,12,53.82234375,-0.00487704824025,-5.97266151671e-19,2.37855995378e-05
pzp_tails,12,54.13078125,-0.00452473813359,-5.54120607228e-19,2.04732551776e-05
pzp_tails,12,54.43921875,-0.00402142884818,-4.92482996692e-19,1.6171889981e-05
pzp_tails,12,54.74765625,-0.00338579229256,-4.14639969366e-19,1.14635894484e-05
pzp_tails,12,55.05609375,-0.00264080106119,-3.23404856677e-19,6.97383024479e-06
pzp_tails,12,55.36453125,-0.00181292284143,-2.22019015485e-19,3.28668922897e-06
pzp_tails,12,55.67296875,-0.000931204751048,-1.14039691772e-19,8.67142288374e-07
pzp_tails,12,55.98140625,-2.62785969478e-05,-3.21819996382e-21,6.90564657546e-10
pzp_tails,12,56.28984375,0.000870679565588,1.06627494308e-19,7.58082905932e-07
pzp_tails,12,56.59828125,0.00172900090578,2.11741542498e-19,2.98944413218e-06
pzp_tails,12,56.90671875,0.00251955150369,3.08556068428e-19,6.34813977975e-06
pzp_tails,12,57.21515625,0.00321570241473,3.93809966921e-19,1.03407420201e-05
pzp_tails,12,57.52359375,0.00379421035755,4.64656756966e-19,1.43960322373e-05
pzp_tails,12,57.83203125,0.0042359803753,5.18757980787e-19,1.794352974e-05
pzp_tails,12,58.14046875,0.00452668584367,5.5435913292e-19,2.04908847273e-05
pzp_tails,12,58.44890625,0.0046572260062,5.7034569214e-19,2.16897540729e-05
pzp_tails,12,58.75734375,0.00462400664988,5.66277494301e-19,2.13814374981e-05
pzp_tails,12,59.06578125,0.00442903541171,5.42400404027e-19,1.96163546782e-05
pzp_tails,12,59.37421875,0.00402575451833,4.93012738503e-19,1.62066994419e-05
pzp_tails,12,59.68265625,0.00356893304627,4.37068243149e-19,1.27372830888e-05
pzp_tails,12,59.99109375,0.00311348861735,3.81292386942e-19,9.69381137037e-06
pzp_tails,12,60.29953125,0.00266008357888,3.25766284034e-19,7.07604464662e-06
pzp_tails,12,60.60796875,0.00220922568813,2.70552116756e-19,4.88067814107e-06
pzp_tails,12,60.91640625,0.00176129161899,2.15696014356e-19,3.10214816711e-06
pzp_tails,12,61.22484375,0.00131654834047,1.61230671108e-19,1.73329953279e-06
pzp_tails,12,61.53328125,0.000875172562437,1.07177727729e-19,7.65927014042e-07
pzp_tails,12,61.84171875,0.000437268412557,5.35499361806e-20,1.9120366462e-07
pzp_tails,12,62.15015625,2.88347767701e-06,3.53124170756e-22,8.31444351382e-12
pzp_tails,12,62.45859375,-0.000427976687627,-5.24120280612e-20,1.83164045152e-07
pzp_tails,12,62.76703125,-0.000804807333776,-9.85604725239e-20,6.477148445e-07
pzp_tails,12,63.07546875,-0.00110049215653,-1.34771419698e-19,1.21108298659e-06
pzp_tails,12,63.38390625,-0.00135540319408,-1.65989018318e-19,1.83711781852e-06
pzp_tails,12,63.69234375,-0.00156089001146,-1.91153895635e-19,2.43637762786e-06
pzp_tails,12,64.00078125,-0.00171009782216,-2.09426582414e-19,2.92443456137e-06
pzp_tails,12,64.30921875,-0.0017981930549,-2.20215136893e-19,3.23349826268e-06
pzp_tails,12,64.61765625,-0.00182251723264,-2.23193989535e-19,3.32156906328e-06
pzp_tails,12,64.92609375,-0.00178266435903,-2.18313420124e-19,3.17789221697e-06
pzp_tails,12,65.23453125,-0.00168047966207,-2.05799403918e-19,2.82401189462e-06
pzp_tails,12,65.54296875,-0.00151998025684,-1.86143895631e-19,2.3103399812e-06
pzp_tails,12,65.85140625,-0.0013072009644,-1.60085947689e-19,1.70877436132e-06
pzp_tails,12,66.15984375,-0.00104997107238,-1.28584371299e-19,1.10243925284e-06
pzp_tails,12,66.46828125,-0.000757630159546,-9.27829349826e-20,5.74003458654e-07
pzp_tails,12,66.77671875,-0.000440693151406,-5.39693457275e-20,1.94210453696e-07
pzp_tails,12,67.08515625,-0.000110476461463,-1.35294644912e-20,1.22050485374e-08
pzp_tails,12,67.39359375,0.000221301654917,2.7101636334e-20,4.89744224689e-08
pzp_tails,12,67.70203125,0.00054293258913,6.64900657431e-20,2.9477579634e-07
pzp_tails,12,68.01046875,0.000843126428791,1.0325320823e-19,7.10862174926e-07
pzp_tails,12,68.31890625,0.00111140443939,1.36107788925e-19,1.23521982789e-06
pzp_tails,12,68.62734375,0.00133846148508,1.63914257348e-19,1.79147914704e-06
pzp_tails,12,68.93578125,0.00151648598994,1.85715971354e-19,2.2997297577e-06
pzp_tails,12,69.24421875,0.00163942655483,2.00771848281e-19,2.68771942869e-06
pzp_tails,12,69.55265625,0.00170319622532,2.08581380566e-19,2.90087738195e-06
pzp_tails,12,69.86109375,0.00170580758747,2.08901180195e-19,2.90977952546e-06
pzp_tails,12,70.16953125,0.00164743427474,2.01752511137e-19,2.71403968959e-06
pzp_tails,12,70.47796875,0.00151227371268,1.85200116167e-19,2.28697178206e-06
pzp_tails,12,70.78640625,0.00135761939194,1.6626042428e-19,1.84313041338e-06
pzp_tails,12,71.09484375,0.0012020843383,1.4721287372e-19,1.44500675638e-06
pzp_tails,12,71.40328125,0.00104611999513,1.28112750356e-19,1.09436704421e-06
pzp_tails,12,71.71171875,0.000890145409214,1.09011372617e-19,7.92358849544e-07
pzp_tails,12,72.02015625,0.000734552812612,8.99567750769e-20,5.39567834515e-07
pzp_tails,12,72.32859375,0.000579712944657,7.09943602098e-20,3.36067098202e-07
pzp_tails,12,72.63703125,0.000444156528864,5.43934871394e-20,1.97275022133e-07
pzp_tails,12,72.94546875,0.000312415573168,3.82598731684e-20,9.76034903578e-08
pzp_tails,12,73.25390625,0.000171050611272,2.09476583586e-20,2.92583116164e-08
pzp_tails,12,73.56234375,2.50880127375e-05,3.0723954496e-21,6.29408383117e-10
pzp_tails,12,73.87078125,-0.000120332870536,-1.47365264734e-20,1.44799997314e-08
pzp_tails,12,74.17921875,-0.000260138541221,-3.18577831841e-20,6.76720606284e-08
pzp_tails,12,74.48765625,-0.000389496404458,-4.76995524999e-20,1.51707449086e-07
pzp_tails,12,74.79609375,-0.000503980047412,-6.17197551897e-20,2.53995888189e-07
pzp_tails,12,75.10453125,-0.000599719151782,-7.34444139617e-20,3.59663061014e-07
pzp_tails,12,75.41296875,-0.000673529009137,-8.24835145173e-20,4.53641326149e-07
pzp_tails,12,75.72140625,-0.000723015344687,-8.85438427605e-20,5.22751188653e-07
pzp_tails,12,76.02984375,-0.000746651032002,-9.14383796421e-20,5.57487763589e-07
pzp_tails,12,76.33828125,-0.000743822268439,-9.10919560178e-20,5.53271567026e-07
pzp_tails,12,76.64671875,-0.000714842844322,-8.75430001193e-20,5.11000292079e-07
pzp_tails,12,76.95515625,-0.000660936241712,-8.09413452853e-20,4.36836715609e-07
pzp_tails,12,77.26359375,-0.000584186403085,-7.15422008644e-20,3.4127375355e-07
pzp_tails,12,77.57203125,-0.000487459078907,-5.96965200698e-20,2.37616353609e-07
pzp_tails,12,77.88046875,-0.000374296659786,-4.58381206339e-20,1.40097989527e-07
pzp_tails,12,78.18890625,-0.000248790290223,-3.0468023258e-20,6.18966085092e-08
pzp_tails,12,78.49734375,-0.000115433817114,-1.41365654642e-20,1.33249661336e-08
pzp_tails,12,78.80578125,2.10352776539e-05,2.5760785448e-21,4.42482905975e-10
pzp_tails,12,79.11421875,0.000155802394582,1.90802903825e-20,2.42743861576e-08
pzp_tails,12,79.42265625,0.000284143993939,3.47976032674e-20,8.07378092914e-08
pzp_tails,12,79.73109375,0.000401591618471,4.91807890125e-20,1.61275828026e-07
pzp_tails,12,80.03953125,0.000504086121147,6.17327454757e-20,2.54102817533e-07
pzp_tails,12,80.34796875,0.000588116824108,7.20235386169e-20,3.45881398799e-07
pzp_tails,12,80.65640625,0.000650840880248,7.9705020075e-20,4.23593851402e-07
pzp_tails,12,80.96484375,0.000690178813312,8.45225274562e-20,4.76346794345e-07
pzp_tails,12,81.27328125,0.000704883051425,8.632327727e-20,4.96860116186e-07
pzp_tails,12,81.58171875,0.000694577213291,8.50611761017e-20,4.82437505223e-07
pzp_tails,12,81.89015625,0.000659764923275,8.07979001478e-20,4.35289753984e-07
pzp_tails,12,82.19859375,0.000601807986181,7.37002223978e-20,3.62172852231e-07
pzp_tails,12,82.50703125,0.000522874808657,6.40336960777e-20,2.73398065528e-07
pzp_tails,12,82.81546875,0.000425860975714,5.2152928079e-20,1.81357570636e-07
pzp_tails,12,83.12390625,0.000314284843062,3.84887927076e-20,9.87749625786e-08
pzp_tails,12,83.43234375,0.000192161856629,2.35330402639e-20,3.69261791431e-08
pzp_tails,12,83.74078125,6.38620309808e-05,7.82084318277e-21,4.078359001e-09
pzp_tails,12,84.04921875,-6.60444157942e-05,-8.0881082404e-21,4.3618648576e-09
pzp_tails,12,84.35765625,-0.000192947880643,-2.36293004431e-20,3.72288846445e-08
pzp_tails,12,84.66609375,-0.00031236105119,-3.82531961518e-20,9.75694263007e-08
pzp_tails,12,84.97453125,-0.00042007582864,-5.14444518943e-20,1.76463701807e-07
pzp_tails,12,85.28296875,-0.000512310067337,-6.27398884136e-20,2.62461605095e-07
pzp_tails,12,85.59140625,-0.000585839065809,-7.17445936759e-20,3.43207411028e-07
pzp_tails,12,85.89984375,-0.000638107282635,-7.81456041191e-20,4.07180904151e-07
pzp_tails,12,86.20828125,-0.000667316443506,-8.17226946558e-20,4.45311235774e-07
pzp_tails,12,86.51671875,-0.000672487029158,-8.23559087727e-20,4.52238804386e-07
pzp_tails,12,86.82515625,-0.000653491059157,-8.00295733868e-20,4.27050564398e-07
pzp_tails,12,87.13359375,-0.000611055081943,-7.48326650204e-20,3.73388313168e-07
pzp_tails,12,87.44203125,-0.000546733312889,-6.69555201617e-20,2.98917315423e-07
pzp_tails,12,87.75046875,-0.000462851894029,-5.66830090502e-20,2.14231875806e-07
pzp_tails,12,88.05890625,-0.000362426246299,-4.43844142458e-20,1.31352784007e-07
pzp_tails,12,88.36734375,-0.00024905441344,-3.05003690233e-20,6.20281008541e-08
pzp_tails,12,88.67578125,-0.000126790124406,-1.55273120017e-20,1.60757356468e-08
pzp_tails,13,-59.06578125,6.10785310788e-05,0,3.73058695874e-09
pzp_tails,13,-58.75734375,0.000122168776908,0,1.49252100513e-08
pzp_tails,13,-58.44890625,0.000183280990361,0,3.35919214278e-08
pzp_tails,13,-58.14046875,0.000244422486821,0,5.97423520638e-08
pzp_tails,13,-57.83203125,0.000305596140796,0,9.33890012695e-08
pzp_tails,13,-57.52359375,0.000366798840081,0,1.34541389085e-07
pzp_tails,13,-57.21515625,0.000428019881813,0,1.83201019227e-07
pzp_tails,13,-56.90671875,0.000489239293369,0,2.39355086176e-07
pzp_tails,13,-56.59828125,0.000550426059235,0,3.02968846685e-07
pzp_tails,13,-56.28984375,0.000611536232556,0,3.73976563728e-07
pzp_tails,13,-55.98140625,0.00067251090706,0,4.52270920115e-07
pzp_tails,13,-55.67296875,0.000726089778372,0,5.27206366256e-07
pzp_tails,13,-55.36453125,0.000747022672465,0,5.58042873176e-07
pzp_tails,13,-55.05609375,0.000741705649902,0,5.50127271097e-07
pzp_tails,13,-54.74765625,0.000710259215892,0,5.0446815376e-07
pzp_tails,13,-54.43921875,0.000653710088104,0,4.27336879289e-07
pzp_tails,13,-54.13078125,0.000573957631548,0,3.29427362812e-07
pzp_tails,13,-53.82234375,0.000473710290889,0,2.24401439694e-07
pzp_tails,13,-53.51390625,0.000356394128901,0,1.27016775115e-07
pzp_tails,13,-53.20546875,0.000226036531597,0,5.10925136166e-08
pzp_tails,13,-52.89703125,8.71289909232e-05,0,7.59146105929e-09
pzp_tails,13,-52.58859375,-5.55264040018e-05,0,3.08318154137e-09
pzp_tails,13,-52.28015625,-0.000196981570877,0,3.8801739265e-08
pzp_tails,13,-51.97171875,-0.000332312546179,0,1.10431628348e-07
pzp_tails,13,-51.66328125,-0.000456789314607,0,2.08656477939e-07
pzp_tails,13,-51.35484375,-0.000566039557459,0,3.20400780609e-07
pzp_tails,13,-51.04640625,-0.000656200709373,0,4.30599370981e-07
pzp_tails,13,-50.73796875,-0.000724055091059,0,5.24255774888e-07
pzp_tails,13,-50.42953125,-0.000767143442075,0,5.88509060719e-07
pzp_tails,13,-50.12109375,-0.000783852894096,0,6.14425359583e-07
pzp_tails,13,-49.81265625,-0.000773476278086,0,5.98265552762e-07
pzp_tails,13,-49.50421875,-0.000736240619996,0,5.42050250532e-07
pzp_tails,13,-49.19578125,-0.000673303717226,0,4.53337895631e-07
pzp_tails,13,-48.88734375,-0.0005867187675,0,3.44238912136e-07
pzp_tails,13,-48.57890625,-0.000479368106788,0,2.29793781805e-07
pzp_tails,13,-48.27046875,-0.000354868167178,0,1.25931416076e-07
pzp_tails,13,-47.96203125,-0.000196169254504,0,3.84823764125e-08
pzp_tails,13,-47.65359375,-1.53097007917e-05,0,2.34386938331e-10
pzp_tails,13,-47.34515625,0.000166554821371,0,2.77405085221e-08
pzp_tails,13,-47.03671875,0.000349539062138,0,1.2217755596e-07
pzp_tails,13,-46.72828125,0.000533744557242,0,2.84883252385e-07
pzp_tails,13,-46.41984375,0.000719254970271,0,5.1732771226e-07
pzp_tails,13,-46.11140625,0.000906130889358,0,8.21073188649e-07
pzp_tails,13,-45.80296875,0.00107214382306,0,1.14949237732e-06
pzp_tails,13,-45.49453125,0.00117969775861,0,1.39168680168e-06
pzp_tails,13,-45.18609375,0.0012472514759,0,1.55563624414e-06
pzp_tails,13,-44.87765625,0.00127233206841,0,1.61882889232e-06
pzp_tails,13,-44.56921875,0.0012538833455,0,1.57222344413e-06
pzp_tails,13,-44.26078125,0.00119230747678,0,1.4215971192e-06
pzp_tails,13,-43.95234375,0.00108945852115,0,1.1869198693e-06
pzp_tails,13,-43.64390625,0.000948587834255,0,8.99818879297e-07
pzp_tails,13,-43.33546875,0.00077424292253,0,5.99452103088e-07
pzp_tails,13,-43.02703125,0.000572122842101,0,3.27324546454e-07
pzp_tails,13,-42.71859375,0.000348894677805,0,1.21727496201e-07
pzp_tails,13,-42.41015625,0.000111976933742,0,1.25388336902e-08
pzp_tails,13,-42.10171875,-0.000130703220043,0,1.70833317296e-08
pzp_tails,13,-41.79328125,-0.00037097100708,0,1.37619488094e-07
pzp_tails,13,-41.48484375,-0.000600674929602,0,3.60810371052e-07
pzp_tails,13,-41.17640625,-0.000811958627969,0,6.59276813533e-07
pzp_tails,13,-40.86796875,-0.000997524778174,0,9.9505568307e-07
pzp_tails,13,-40.55953125,-0.00115088229637,0,1.3245300601e-06
pzp_tails,13,-40.25109375,-0.00126656860974,0,1.60419604319e-06
pzp_tails,13,-39.94265625,-0.00134033951433,0,1.79651001369e-06
pzp_tails,13,-39.63421875,-0.00136932014992,0,1.87503767299e-06
pzp_tails,13,-39.32578125,-0.0013521118483,0,1.82820645032e-06
pzp_tails,13,-39.01734375,-0.00128885101635,0,1.66113694234e-06
pzp_tails,13,-38.70890625,-0.00118121775474,0,1.39527538412e-06
pzp_tails,13,-38.40046875,-0.00103239353818,0,1.06583641767e-06
pzp_tails,13,-38.09203125,-0.000846968941412,0,7.17356387716e-07
pzp_tails,13,-37.78359375,-0.000630804034554,0,3.97913730009e-07
pzp_tails,13,-37.47515625,-0.000390845636636,0,1.52760311677e-07
pzp_tails,13,-37.16671875,-0.000134907058711,0,1.81999144901e-08
pzp_tails,13,-36.85828125,0.00012858276206,0,1.65335266989e-08
pzp_tails,13,-36.54984375,0.000390852779324,0,1.52765895105e-07
pzp_tails,13,-36.24140625,0.000643077240618,0,4.13548337401e-07
pzp_tails,13,-35.93296875,0.000876667682715,0,7.68546225917e-07
pzp_tails,13,-35.62453125,0.00108355999325,0,1.17410225897e-06
pzp_tails,13,-35.31609375,0.00125648708757,0,1.57875980122e-06
pzp_tails,13,-35.00765625,0.00138922813183,0,1.92995480228e-06
pzp_tails,13,-34.69921875,0.00147682592282,0,2.18101480633e-06
pzp_tails,13,-34.39078125,0.00151576499239,0,2.29754351216e-06
pzp_tails,13,-34.08234375,0.00150410421181,0,2.26232947998e-06
pzp_tails,13,-33.77390625,0.00144155909119,0,2.07809261338e-06
pzp_tails,13,-33.46546875,0.00132953055837,0,1.76765150563e-06
pzp_tails,13,-33.15703125,0.0011710787103,0,1.37142534572e-06
pzp_tails,13,-32.84859375,0.00097084180394,0,9.42533808277e-07
pzp_tails,13,-32.54015625,0.000734902536654,0,5.4008173838e-07
pzp_tails,13,-32.23171875,0.00047060540078,0,2.21469443243e-07
pzp_tails,13,-31.92328125,0.000186330526775,0,3.47190652081e-08
pzp_tails,13,-31.61484375,-0.00010876909897,0,1.18307168907e-08
pzp_tails,13,-31.30640625,-0.000405058891168,0,1.64072705314e-07
pzp_tails,13,-30.99796875,-0.000692733232601,0,4.79879331549e-07
pzp_tails,13,-30.68953125,-0.000962135456826,0,9.25704637282e-07
pzp_tails,13,-30.38109375,-0.00120407693483,0,1.44980126499e-06
pzp_tails,13,-30.07265625,-0.00141014486451,0,1.9885085389e-06
pzp_tails,13,-29.76421875,-0.00157298860733,0,2.47429315879e-06
pzp_tails,13,-29.45578125,-0.00170416392885,0,2.90417469638e-06
pzp_tails,13,-29.14734375,-0.00185918233889,0,3.45655896925e-06
pzp_tails,13,-28.83890625,-0.00201950891294,0,4.07841624944e-06
pzp_tails,13,-28.53046875,-0.00218418303738,0,4.77065554077e-06
pzp_tails,13,-28.22203125,-0.00235221347469,0,5.53290823051e-06
pzp_tails,13,-27.91359375,-0.00252256230475,0,6.36332058133e-06
pzp_tails,13,-27.60515625,-0.00269412868615,0,7.25832937755e-06
pzp_tails,13,-27.29671875,-0.00286573232533,0,8.21242176042e-06
pzp_tails,13,-26.98828125,-0.00303609654565,0,9.21788223453e-06
pzp_tails,13,-26.67984375,-0.00320383085076,0,1.02645321203e-05
pzp_tails,13,-26.37140625,-0.00336741287454,0,1.13394694676e-05
pzp_tails,13,-26.06296875,-0.00350651745631,0,1.22956646714e-05
pzp_tails,13,-25.75453125,-0.00349940927651,0,1.22458652845e-05
pzp_tails,13,-25.44609375,-0.00336400079515,0,1.13165013498e-05
pzp_tails,13,-25.13765625,-0.00310412780087,0,9.63560940411e-06
pzp_tails,13,-24.82921875,-0.00272809611326,0,7.44250840317e-06
pzp_tails,13,-24.52078125,-0.00224841928143,0,5.05538926512e-06
pzp_tails,13,-24.21234375,-0.00168140755267,0,2.82713135816e-06
pzp_tails,13,-23.90390625,-0.00104662137536,0,1.09541630336e-06
pzp_tails,13,-23.59546875,-0.000366207418911,0,1.34107873666e-07
pzp_tails,13,-23.28703125,0.000335860770238,0,1.12802456985e-07
pzp_tails,13,-22.97859375,0.00103461194424,0,1.07042187517e-06
pzp_tails,13,-22.67015625,0.00170494805909,0,2.90684788418e-06
pzp_tails,13,-22.36171875,0.00232252717156,0,5.39413246263e-06
pzp_tails,13,-22.05328125,0.00286462794959,0,8.20609328958e-06
pzp_tails,13,-21.74484375,0.00331096580082,0,1.09624945342e-05
pzp_tails,13,-21.43640625,0.00364443202522,0,1.32818847865e-05
pzp_tails,13,-21.12796875,0.00385172977744,0,1.48358222784e-05
pzp_tails,13,-20.81953125,0.00392388391045,0,1.53968649427e-05
pzp_tails,13,-20.51109375,0.00385660586182,0,1.48734087734e-05
pzp_tails,13,-20.20265625,0.0036504995065,0,1.3326146647e-05
pzp_tails,13,-19.89421875,0.00331109918278,0,1.09633777982e-05
pzp_tails,13,-19.58578125,0.00284873672745,0,8.11530094234e-06
pzp_tails,13,-19.27734375,0.00227824014868,0,5.19037817507e-06
pzp_tails,13,-18.96890625,0.00161847232732,0,2.61945267431e-06
pzp_tails,13,-18.66046875,0.000891723677169,0,7.95171116424e-07
pzp_tails,13,-18.35203125,3.93695567837e-06,0,1.54996200135e-11
pzp_tails,13,-18.04359375,-0.00101712075846,0,1.03453463729e-06
pzp_tails,13,-17.73515625,-0.00205213220859,0,4.21124660151e-06
pzp_tails,13,-17.42671875,-0.00310069301597,0,9.61429717926e-06
pzp_tails,13,-17.11828125,-0.00416220543215,0,1.73239540594e-05
pzp_tails,13,-16.80984375,-0.00523580588581,0,2.74136632739e-05
pzp_tails,13,-16.50140625,-0.00632028486831,0,3.99460008165e-05
pzp_tails,13,-16.19296875,-0.00728468473567,0,5.30666316981e-05
pzp_tails,13,-15.88453125,-0.00787217175966,0,6.19710882136e-05
pzp_tails,13,-15.57609375,-0.00818981272949,0,6.70730325441e-05
pzp_tails,13,-15.26765625,-0.00822420303088,0,6.76375154931e-05
pzp_tails,13,-14.95921875,-0.00797129722225,0,6.35415794054e-05
pzp_tails,13,-14.65078125,-0.00743662747091,0,5.53034281411e-05
pzp_tails,13,-14.34234375,-0.00663521408157,0,4.40260659082e-05
pzp_tails,13,-14.03390625,-0.00559116824301,0,3.12611623216e-05
pzp_tails,13,-13.72546875,-0.00433699680085,0,1.88095412506e-05
pzp_tails,13,-13.41703125,-0.00291262832329,0,8.48340374966e-06
pzp_tails,13,-13.10859375,-0.00136418867027,0,1.8610107281e-06
pzp_tails,13,-12.80015625,0.00025743757507,0,6.62741050577e-08
pzp_tails,13,-12.49171875,0.00189821635766,0,3.60322534047e-06
pzp_tails,13,-12.18328125,0.00350269481347,0,1.22688709563e-05
pzp_tails,13,-11.87484375,0.00501579972772,0,2.51582469086e-05
pzp_tails,13,-11.56640625,0.00638464744448,0,4.07637229902e-05
pzp_tails,13,-11.25796875,0.0075603078743,0,5.71582551543e-05
pzp_tails,13,-10.94953125,0.00849946600359,0,7.22409223463e-05
pzp_tails,13,-10.64109375,0.0091659268271,0,8.40142145998e-05
pzp_tails,13,-10.33265625,0.0095319138466,0,9.0857381579e-05
pzp_tails,13,-10.02421875,0.00957911709204,0,9.17594842631e-05
pzp_tails,13,-9.71578125,0.00929945386722,0,8.64798422285e-05
pzp_tails,13,-9.40734375,0.00869551389452,0,7.56119618898e-05
pzp_tails,13,-9.09890625,0.00778066998814,0,6.05388254644e-05
pzp_tails,13,-8.79046875,0.00657884554469,0,4.32812087009e-05
pzp_tails,13,-8.48203125,0.00512394070361,0,2.62547683341e-05
pzp_tails,13,-8.17359375,0.00345892967925,0,1.1964194526e-05
pzp_tails,13,-7.86515625,0.00163465217876,0,2.67208774551e-06
pzp_tails,13,-7.55671875,-0.000291668324974,0,8.50704117931e-08
pzp_tails,13,-7.24828125,-0.00225813770542,0,5.09918589662e-06
pzp_tails,13,-6.93984375,-0.00420008607842,0,1.76407230662e-05
pzp_tails,13,-6.63140625,-0.00605208844233,0,3.66277745137e-05
pzp_tails,13,-6.32296875,-0.00775005020128,0,6.00632781224e-05
pzp_tails,13,-6.01453125,-0.00923329367611,0,8.52537121093e-05
pzp_tails,13,-5.70609375,-0.010446580575,0,0.000109131045709
pzp_tails,13,-5.39765625,-0.0113420062293,0,0.000128641105307
pzp_tails,13,-5.08921875,-0.0118807042022,0,0.00014115113234
pzp_tails,13,-4.78078125,-0.0120343045881,0,0.000144824486919
pzp_tails,13,-4.47234375,-0.0117860958391,0,0.000138912055129
pzp_tails,13,-4.16390625,-0.0111318480922,0,0.000123918041948
pzp_tails,13,-3.85546875,-0.0100802655271,0,0.000101611753097
pzp_tails,13,-3.54703125,-0.00865304598266,0,7.48752047779e-05
pzp_tails,13,-3.23859375,-0.00688453759885,0,4.739685795e-05
pzp_tails,13,-2.93015625,-0.00482099430321,0,2.32419860716e-05
pzp_tails,13,-2.62171875,-0.00251944416693,0,6.34759891026e-06
pzp_tails,13,-2.31328125,-4.61966607332e-05,0,2.1341314629e-09
pzp_tails,13,-2.00484375,0.00252497372256,0,6.37549229963e-06
pzp_tails,13,-1.69640625,0.0051149194889,0,2.6162401378e-05
pzp_tails,13,-1.38796875,0.00764143053829,0,5.83914606715e-05
pzp_tails,13,-1.07953125,0.0100216979256,0,0.000100434429312
pzp_tails,13,-0.77109375,0.012174860032,0,0.0001482272168
pzp_tails,13,-0.46265625,0.0140245562473,0,0.000196688177935
pzp_tails,13,-0.15421875,0.0155014114663,0,0.000240293757447
pzp_tails,13,0.15421875,0.0167070337043,0,0.000279124975195
pzp_tails,13,0.46265625,0.0181943383945,0,0.000331033949614
pzp_tails,13,0.77109375,0.0197801010974,0,0.000391252399422
pzp_tails,13,1.07953125,0.0214416510969,0,0.000459744401761
pzp_tails,13,1.38796875,0.0231544944718,0,0.000536130614244
pzp_tails,13,1.69640625,0.0248915443761,0,0.000619588981428
pzp_tails,13,2.00484375,0.0266222920841,0,0.000708746435813
pzp_tails,13,2.31328125,0.0283119116321,0,0.000801564340263
pzp_tails,13,2.62171875,0.0299202921231,0,0.000895223880733
pzp_tails,13,2.93015625,0.0314009936849,0,0.000986022404397
pzp_tails,13,3.23859375,0.0327001259205,0,0.00106929823522
pzp_tails,13,3.54703125,0.0336304122512,0,0.00113100462818
pzp_tails,13,3.85546875,0.0330319493835,0,0.00109110968008
pzp_tails,13,4.16390625,0.0310097645062,0,0.000961605494733
pzp_tails,13,4.47234375,0.02759638708,0,0.00076156057987
pzp_tails,13,4.78078125,0.0228766387434,0,0.000523340600194
pzp_tails,13,5.08921875,0.016985993564,0,0.000288523977356
pzp_tails,13,5.39765625,0.0101072808831,0,0.00010215712685
pzp_tails,13,5.70609375,0.00246581392789,0,6.08023832698e-06
pzp_tails,13,6.01453125,-0.00567692435833,0,3.22274701702e-05
pzp_tails,13,6.32296875,-0.0140308621506,0,0.000196865092688
pzp_tails,13,6.63140625,-0.0222859703891,0,0.000496664476185
pzp_tails,13,6.93984375,-0.0301216957729,0,0.000907316556238
pzp_tails,13,7.24828125,-0.0372169191573,0,0.00138509907156
pzp_tails,13,7.55671875,-0.0432601448878,0,0.00187144013571
pzp_tails,13,7.86515625,-0.0479596166124,0,0.00230012482561
pzp_tails,13,8.17359375,-0.0510530539962,0,0.00260641432234
pzp_tails,13,8.48203125,-0.0523167126126,0,0.00273703841858
pzp_tails,13,8.79046875,-0.0515734859153,0,0.00265982444946
pzp_tails,13,9.09890625,-0.0486997931905,0,0.00237166985679
pzp_tails,13,9.40734375,-0.0436310300647,0,0.00190366678451
pzp_tails,13,9.71578125,-0.0363653976196,0,0.00132244214403
pzp_tails,13,10.02421875,-0.0269659713205,0,0.00072716360926
pzp_tails,13,10.33265625,-0.0155609205629,0,0.000242142248765
pzp_tails,13,10.64109375,-0.00234184225077,0,5.48422512747e-06
pzp_tails,13,10.94953125,0.0124397740278,0,0.000154747977863
pzp_tails,13,11.25796875,0.03096138983,0,0.000958607660206
pzp_tails,13,11.56640625,0.0544866594803,0,0.00296879606133
pzp_tails,13,11.87484375,0.0809822147463,0,0.00655811910521
pzp_tails,13,12.18328125,0.111009936522,0,0.0123232060067
pzp_tails,13,12.49171875,0.145258738217,0,0.0211001010284
pzp_tails,13,12.80015625,0.184564441784,0,0.034064033171
pzp_tails,13,13.10859375,0.229934879273,0,0.0528700487064
pzp_tails,13,13.41703125,0.276356509448,0,0.0763729203143
pzp_tails,13,13.72546875,0.313481753381,0,0.0982708097031
pzp_tails,13,14.03390625,0.347029331425,0,0.120429356869
pzp_tails,13,14.34234375,0.376547691117,0,0.141788163685
pzp_tails,13,14.65078125,0.401648405499,0,0.16132144164
pzp_tails,13,14.95921875,0.422013881957,0,0.178095716564
pzp_tails,13,15.26765625,0.437403746083,0,0.191322037087
pzp_tails,13,15.57609375,0.447659744021,0,0.200399246417
pzp_tails,13,15.88453125,0.452709037965,0,0.204945473055
pzp_tails,13,16.19296875,0.452565804173,0,0.204815807107
pzp_tails,13,16.50140625,0.447331080247,0,0.200105095355
pzp_tails,13,16.80984375,0.437190847507,0,0.191135837144
pzp_tails,13,17.11828125,0.422412374336,0,0.178432213992
pzp_tails,13,17.42671875,0.403338886193,0,0.162682257116
pzp_tails,13,17.73515625,0.380382666805,0,0.144690973205
pzp_tails,13,18.04359375,0.354016731734,0,0.125327846348
pzp_tails,13,18.35203125,0.324765249326,0,0.10547246717
pzp_tails,13,18.66046875,0.293192913904,0,0.0859620847637
pzp_tails,13,18.96890625,0.259893501457,0,0.0675446320997
pzp_tails,13,19.27734375,0.225477858112,0,0.0508402644987
pzp_tails,13,19.58578125,0.190561585969,0,0.0363137180471
pzp_tails,13,19.89421875,0.155752698971,0,0.0242589032367
pzp_tails,13,20.20265625,0.121639523117,0,0.0147961735843
pzp_tails,13,20.51109375,0.0887791104966,0,0.00788173046057
pzp_tails,13,20.81953125,0.0576864252661,0,0.00332772365998
pzp_tails,13,21.12796875,0.02882454222,0,0.000830854234191
pzp_tails,13,21.43640625,0.00259607523457,0,6.73960662354e-06
pzp_tails,13,21.74484375,-0.0206639757175,0,0.000426999892454
pzp_tails,13,22.05328125,-0.0406938034985,0,0.00165598564317
pzp_tails,13,22.36171875,-0.0573086802056,0,0.00328428482691
pzp_tails,13,22.67015625,-0.0704030724852,0,0.00495659261536
pzp_tails,13,22.97859375,-0.0799509490688,0,0.00639215425701
pzp_tails,13,23.28703125,-0.0860042866271,0,0.00739673731824
pzp_tails,13,23.59546875,-0.0886898226978,0,0.00786588465017
pzp_tails,13,23.90390625,-0.0882041459292,0,0.0077799713591
pzp_tails,13,24.21234375,-0.0848072531711,0,0.00719227019043
pzp_tails,13,24.52078125,-0.0788147390693,0,0.00621176309457
pzp_tails,13,24.82921875,-0.0705888158819,0,0.0049827809276
pzp_tails,13,25.13765625,-0.0605283884488,0,0.00366368580821
pzp_tails,13,25.44609375,-0.0490584309335,0,0.00240672964565
pzp_tails,13,25.75453125,-0.0366189275758,0,0.0013409458568
pzp_tails,13,26.06296875,-0.02365364888,0,0.000559495105338
pzp_tails,13,26.37140625,-0.0105990371636,0,0.000112339588795
pzp_tails,13,26.67984375,0.00212652881985,0,4.52212482165e-06
pzp_tails,13,26.98828125,0.0141328313085,0,0.000199736920794
pzp_tails,13,27.29671875,0.0250670313041,0,0.0006283560584
pzp_tails,13,27.60515625,0.0346217880571,0,0.00119866820827
pzp_tails,13,27.91359375,0.0425420900249,0,0.00180982942368
pzp_tails,13,28.22203125,0.048630640059,0,0.00236493915254
pzp_tails,13,28.53046875,0.0527516743434,0,0.00278273914603
pzp_tails,13,28.83890625,0.0548331342188,0,0.00300667260826
pzp_tails,13,29.14734375,0.0548671514966,0,0.00301040431335
pzp_tails,13,29.45578125,0.052908850146,0,0.00279934642377
pzp_tails,13,29.76421875,0.0484796038851,0,0.00235027199285
pzp_tails,13,30.07265625,0.0434635747515,0,0.00188908233018
pzp_tails,13,30.38109375,0.0385037353429,0,0.00148253763535
pzp_tails,13,30.68953125,0.0336362978727,0,0.00113140053458
pzp_tails,13,30.99796875,0.0288870689926,0,0.000834462754985
pzp_tails,13,31.30640625,0.0242735677698,0,0.000589206092274
pzp_tails,13,31.61484375,0.0198068516764,0,0.000392311373332
pzp_tails,13,31.92328125,0.0154930885444,0,0.000240035792645
pzp_tails,13,32.23171875,0.0113349101125,0,0.000128480187258
pzp_tails,13,32.54015625,0.00733257999269,0,5.37667293493e-05
pzp_tails,13,32.84859375,0.0034850058309,0,1.21452656414e-05
pzp_tails,13,33.15703125,0.000227422618871,0,5.17210475743e-08
pzp_tails,13,33.46546875,-0.00248514748197,0,6.17595800716e-06
pzp_tails,13,33.77390625,-0.00499946513099,0,2.49946515959e-05
pzp_tails,13,34.08234375,-0.00723547822998,0,5.23521452166e-05
pzp_tails,13,34.39078125,-0.00912544415777,0,8.32737310766e-05
pzp_tails,13,34.69921875,-0.0106157863377,0,0.000112694919569
pzp_tails,13,35.00765625,-0.0116684379762,0,0.000136152444805
pzp_tails,13,35.31609375,-0.012261642528,0,0.000150347877484
pzp_tails,13,35.62453125,-0.0123901981472,0,0.000153517010127
pzp_tails,13,35.93296875,-0.0120651511786,0,0.000145567872964
pzp_tails,13,36.24140625,-0.0113129610863,0,0.00012798308854
pzp_tails,13,36.54984375,-0.010174175574,0,0.00010351384861
pzp_tails,13,36.85828125,-0.00870166953386,0,7.57190526766e-05
pzp_tails,13,37.16671875,-0.00695851441812,0,4.84209229071e-05
pzp_tails,13,37.47515625,-0.00501555529335,0,2.51557949007e-05
pzp_tails,13,37.78359375,-0.00294878089758,0,8.69530878192e-06
pzp_tails,13,38.09203125,-0.000836577260342,0,6.99861512521e-07
pzp_tails,13,38.40046875,0.00124304226452,0,1.54515407139e-06
pzp_tails,13,38.70890625,0.00321513840396,0,1.03371149566e-05
pzp_tails,13,39.01734375,0.00501039029185,0,2.51040108767e-05
pzp_tails,13,39.32578125,0.00656740061874,0,4.31307508871e-05
pzp_tails,13,39.63421875,0.00783468848173,0,6.13823436057e-05
pzp_tails,13,39.94265625,0.00877230802925,0,7.69533881601e-05
pzp_tails,13,40.25109375,0.00935304408201,0,8.74794336e-05
pzp_tails,13,40.55953125,0.00956315043167,0,9.14538461788e-05
pzp_tails,13,40.86796875,0.00937775250448,0,8.79422420354e-05
pzp_tails,13,41.17640625,0.00912935138104,0,8.33450566385e-05
pzp_tails,13,41.48484375,0.00885531598047,0,7.8416621114e-05
pzp_tails,13,41.79328125,0.00856722030469,0,7.33972637491e-05
pzp_tails,13,42.10171875,0.00827584255571,0,6.84895700069e-05
pzp_tails,13,42.41015625,0.00799130361132,0,6.38609334083e-05
pzp_tails,13,42.71859375,0.00772320366809,0,5.96478748987e-05
pzp_tails,13,43.02703125,0.00750942206278,0,5.63914197169e-05
pzp_tails,13,43.33546875,0.00708892903901,0,5.02529149201e-05
pzp_tails,13,43.64390625,0.00645192543338,0,4.16273417979e-05
pzp_tails,13,43.95234375,0.00562374274046,0,3.16264824108e-05
pzp_tails,13,44.26078125,0.00463524629315,0,2.14855081982e-05
pzp_tails,13,44.56921875,0.00352174840651,0,1.24027118387e-05
pzp_tails,13,44.87765625,0.00232180269404,0,5.39076775006e-06
pzp_tails,13,45.18609375,0.00107591920887,0,1.15760214401e-06
pzp_tails,13,45.49453125,-0.000174758144984,0,3.05404092383e-08
pzp_tails,13,45.80296875,-0.00138976999272,0,1.93146063266e-06
pzp_tails,13,46.11140625,-0.00253061452694,0,6.40400988396e-06
pzp_tails,13,46.41984375,-0.00356193613013,0,1.26873889951e-05
pzp_tails,13,46.72828125,-0.00445259374196,0,1.9825591031e-05
pzp_tails,13,47.03671875,-0.00517657742582,0,2.67969538455e-05
pzp_tails,13,47.34515625,-0.00571374679637,0,3.2646902453e-05
pzp_tails,13,47.65359375,-0.00605037091885,0,3.66069882557e-05
pzp_tails,13,47.96203125,-0.00617945578913,0,3.81856738498e-05
pzp_tails,13,48.27046875,-0.0061008523431,0,3.72203993123e-05
pzp_tails,13,48.57890625,-0.00582114491139,0,3.38857280794e-05
pzp_tails,13,48.88734375,-0.00535332691236,0,2.86581090306e-05
pzp_tails,13,49.19578125,-0.00471627715296,0,2.22432701835e-05
pzp_tails,13,49.50421875,-0.00393405618332,0,1.54767980535e-05
pzp_tails,13,49.81265625,-0.00303504754422,0,9.2115135957e-06
pzp_tails,13,50.12109375,-0.00205097329926,0,4.2064914743e-06
pzp_tails,13,50.42953125,-0.00101581682208,0,1.03188381602e-06
pzp_tails,13,50.73796875,3.53116843252e-05,0,1.24691504988e-09
pzp_tails,13,51.04640625,0.00106733009248,0,1.13919352631e-06
pzp_tails,13,51.35484375,0.00204632263786,0,4.18743633823e-06
pzp_tails,13,51.66328125,0.00294062551247,0,8.64727840457e-06
pzp_tails,13,51.97171875,0.00372182577399,0,1.3851987092e-05
pzp_tails,13,52.28015625,0.00436564271102,0,1.90588362803e-05
pzp_tails,13,52.58859375,0.0048526648714,0,2.35483563541e-05
pzp_tails,13,52.89703125,0.00516892082895,0,2.67177425359e-05
pzp_tails,13,53.20546875,0.00530626727214,0,2.81564723634e-05
pzp_tails,13,53.51390625,0.00526258397021,0,2.76947900435e-05
pzp_tails,13,53.82234375,0.00504177141565,0,2.54194590077e-05
pzp_tails,13,54.13078125,0.00465355326017,0,2.16555579453e-05
pzp_tails,13,54.43921875,0.00411309185515,0,1.69175246089e-05
pzp_tails,13,54.74765625,0.00344043108424,0,1.18365660454e-05
pzp_tails,13,55.05609375,0.00265978605423,0,7.07446185427e-06
pzp_tails,13,55.36453125,0.00179870392457,0,3.23533580826e-06
pzp_tails,13,55.67296875,0.000887124064726,0,7.86989106215e-07
pzp_tails,13,55.98140625,-4.36312863165e-05,0,1.90368914563e-09
pzp_tails,13,56.28984375,-0.000961902708639,0,9.25256820886e-07
pzp_tails,13,56.59828125,-0.00183674157826,0,3.37361962529e-06
pzp_tails,13,56.90671875,-0.00263892644885,0,6.96393280244e-06
pzp_tails,13,57.21515625,-0.00334191520537,0,1.11683972399e-05
pzp_tails,13,57.52359375,-0.00392270263476,0,1.53875959608e-05
pzp_tails,13,57.83203125,-0.00436255628714,0,1.90318973584e-05
pzp_tails,13,58.14046875,-0.0046476075717,0,2.16002561405e-05
pzp_tails,13,58.44890625,-0.004769279812,0,2.27460299251e-05
pzp_tails,13,58.75734375,-0.00472454032093,0,2.23212812441e-05
pzp_tails,13,59.06578125,-0.00451596927559,0,2.0393978498e-05
pzp_tails,13,59.37421875,-0.00409522806697,0,1.67708929205e-05
pzp_tails,13,59.68265625,-0.00362057791307,0,1.31085844246e-05
pzp_tails,13,59.99109375,-0.00314923715456,0,9.91769465569e-06
pzp_tails,13,60.29953125,-0.00268178901333,0,7.19199231201e-06
pzp_tails,13,60.60796875,-0.00221863061299,0,4.92232179691e-06
pzp_tails,13,60.91640625,-0.00176000279038,0,3.09760982213e-06
pzp_tails,13,61.22484375,-0.00130601703868,0,1.70568050531e-06
pzp_tails,13,61.53328125,-0.000856679857911,0,7.3390037895e-07
pzp_tails,13,61.84171875,-0.000411914750619,0,1.69673761777e-07
pzp_tails,13,62.15015625,2.84179361882e-05,0,8.07579097198e-10
pzp_tails,13,62.45859375,0.000464503159096,0,2.1576318481e-07
pzp_tails,13,62.76703125,0.000845472116207,0,7.14823099283e-07
pzp_tails,13,63.07546875,0.00114304790187,0,1.30655850598e-06
pzp_tails,13,63.38390625,0.00139820889612,0,1.95498811718e-06
pzp_tails,13,63.69234375,0.0016024155063,0,2.56773545485e-06
pzp_tails,13,64.00078125,0.00174897461854,0,3.05891221629e-06
pzp_tails,13,64.30921875,0.0018332551553,0,3.36082446444e-06
pzp_tails,13,64.61765625,0.00185283100095,0,3.43298271808e-06
pzp_tails,13,64.92609375,0.00180754699785,0,3.26722614944e-06
pzp_tails,13,65.23453125,0.0016995063584,0,2.88832186223e-06
pzp_tails,13,65.54296875,0.00153298051674,0,2.35002926471e-06
pzp_tails,13,65.85140625,0.00131424506946,0,1.7272401026e-06
pzp_tails,13,66.15984375,0.0010513479384,0,1.10533248757e-06
pzp_tails,13,66.46828125,0.000753818149492,0,5.68241802504e-07
pzp_tails,13,66.77671875,0.000432325583989,0,1.86905410571e-07
pzp_tails,13,67.08515625,9.83036588863e-05,0,9.66360935043e-09
pzp_tails,13,67.39359375,-0.000236451919458,0,5.59095102153e-08
pzp_tails,13,67.70203125,-0.000560194448908,0,3.13817820588e-07
pzp_tails,13,68.01046875,-0.000861633430111,0,7.42412167884e-07
pzp_tails,13,68.31890625,-0.00113032374496,0,1.27763176841e-06
pzp_tails,13,68.62734375,-0.0013570235769,0,1.84151298826e-06
pzp_tails,13,68.93578125,-0.00153400896655,0,2.35318350947e-06
pzp_tails,13,69.24421875,-0.00165533443179,0,2.74013208108e-06
pzp_tails,13,69.55265625,-0.00171703096823,0,2.94819534586e-06
pzp_tails,13,69.86109375,-0.00171723491837,0,2.94889576487e-06
pzp_tails,13,70.16953125,-0.00165624358169,0,2.74314280191e-06
pzp_tails,13,70.47796875,-0.0015179529426,0,2.30418113594e-06
pzp_tails,13,70.78640625,-0.00136005026864,0,1.84973673324e-06
pzp_tails,13,71.09484375,-0.00120158410594,0,1.44380436365e-06
pzp_tails,13,71.40328125,-0.00104301471123,0,1.08787968785e-06
pzp_tails,13,71.71171875,-0.000884764271514,0,7.82807816148e-07
pzp_tails,13,72.02015625,-0.000727223729308,0,5.28854352469e-07
pzp_tails,13,72.32859375,-0.000570759269331,0,3.25766143527e-07
pzp_tails,13,72.63703125,-0.000434049534293,0,1.8839899822e-07
pzp_tails,13,72.94546875,-0.0003018976391,0,9.11421844943e-08
pzp_tails,13,73.25390625,-0.000160710781867,0,2.58279554083e-08
pzp_tails,13,73.56234375,-1.54886485881e-05,0,2.39898235086e-10
pzp_tails,13,73.87078125,0.000128682062483,0,1.65590732049e-08
pzp_tails,13,74.17921875,0.000266803369337,0,7.11840378895e-08
pzp_tails,13,74.48765625,0.000394137021809,0,1.5534399196e-07
pzp_tails,13,74.79609375,0.000506365020806,0,2.56405534296e-07
pzp_tails,13,75.10453125,0.000599734264083,0,3.59681187515e-07
pzp_tails,13,75.41296875,0.000671180526091,0,4.50483298604e-07
pzp_tails,13,75.72140625,0.000718427721125,0,5.16138390481e-07
pzp_tails,13,76.02984375,0.000740059271618,0,5.47687725508e-07
pzp_tails,13,76.33828125,0.000735559376687,0,5.41047596632e-07
pzp_tails,13,76.64671875,0.000705323016297,0,4.97480557318e-07
pzp_tails,13,76.95515625,0.000650634598284,0,4.23325380484e-07
pzp_tails,13,77.26359375,0.000573616222571,0,3.29035570796e-07
pzp_tails,13,77.57203125,0.000477147563316,0,2.27669797178e-07
pzp_tails,13,77.88046875,0.000364760321172,0,1.33050091901e-07
pzp_tails,13,78.18890625,0.000240511042692,0,5.78455616569e-08
pzp_tails,13,78.49734375,0.000108836814442,0,1.18454521778e-08
pzp_tails,13,78.80578125,-2.56011075752e-05,0,6.55416709077e-10
pzp_tails,13,79.11421875,-0.000158080294638,0,2.49893795527e-08
pzp_tails,13,79.42265625,-0.000283981138575,0,8.06452870663e-08
pzp_tails,13,79.73109375,-0.000398946213063,0,1.59158080917e-07
pzp_tails,13,80.03953125,-0.000499029566579,0,2.4903050832e-07
pzp_tails,13,80.34796875,-0.000580830886264,0,3.37364518439e-07
pzp_tails,13,80.65640625,-0.000641610017362,0,4.11663414379e-07
pzp_tails,13,80.96484375,-0.000679378018759,0,4.61554492373e-07
pzp_tails,13,81.27328125,-0.000692961757234,0,4.80195996989e-07
pzp_tails,13,81.58171875,-0.000682039962752,0,4.65178510791e-07
pzp_tails,13,81.89015625,-0.000647149653125,0,4.18802673539e-07
pzp_tails,13,82.19859375,-0.000589662854752,0,3.47702282274e-07
pzp_tails,13,82.50703125,-0.000511734562457,0,2.61872262413e-07
pzp_tails,13,82.81546875,-0.000416223861188,0,1.73242302622e-07
pzp_tails,13,83.12390625,-0.000306591042547,0,9.39980673702e-08
pzp_tails,13,83.43234375,-0.000186774359169,0,3.4884661243e-08
pzp_tails,13,83.74078125,-6.10507428552e-05,0,3.72719320317e-09
pzp_tails,13,84.04921875,6.61146546473e-05,0,4.37114755913e-09
pzp_tails,13,84.35765625,0.000190224873775,0,3.61855026027e-08
pzp_tails,13,84.66609375,0.000306908101456,0,9.4192582739e-08
pzp_tails,13,84.97453125,0.00041206975564,0,1.69801483513e-07
pzp_tails,13,85.28296875,0.000502034471402,0,2.52038610476e-07
pzp_tails,13,85.59140625,0.000573673121096,0,3.29100849868e-07
pzp_tails,13,85.89984375,0.00062451052727,0,3.90013398671e-07
pzp_tails,13,86.20828125,0.000652810200106,0,4.26161157363e-07
pzp_tails,13,86.51671875,0.000657633227913,0,4.32481462455e-07
pzp_tails,13,86.82515625,0.000638869342245,0,4.0815403646e-07
pzp_tails,13,87.13359375,0.000597239138187,0,3.56694588182e-07
pzp_tails,13,87.44203125,0.000534267422414,0,2.85441678653e-07
pzp_tails,13,87.75046875,0.000452228653145,0,2.04510754726e-07
pzp_tails,13,88.05890625,0.000354066393319,0,1.25363010878e-07
pzp_tails,13,88.36734375,0.000243289588792,0,5.91898240145e-08
pzp_tails,13,88.67578125,0.00012384927685,0,1.53386433762e-08
pzp_tails,14,-59.06578125,-5.09351790053e-05,0,2.5943924603e-09
pzp_tails,14,-58.75734375,-0.000101888949522,0,1.03813580348e-08
pzp_tails,14,-58.44890625,-0.000152878780505,0,2.33719215287e-08
pzp_tails,14,-58.14046875,-0.00020391988468,0,4.15833193679e-08
pzp_tails,14,-57.83203125,-0.000255024062406,0,6.50372724062e-08
pzp_tails,14,-57.52359375,-0.000306198511178,0,9.37575282479e-08
pzp_tails,14,-57.21515625,-0.000357444588094,0,1.27766633558e-07
pzp_tails,14,-56.90671875,-0.000408756511471,0,1.6708188567e-07
pzp_tails,14,-56.59828125,-0.000460119986305,0,2.11710401797e-07
pzp_tails,14,-56.28984375,-0.000511510736308,0,2.61643233358e-07
pzp_tails,14,-55.98140625,-0.000562892922814,0,3.16848442554e-07
pzp_tails,14,-55.67296875,-0.000608149145811,0,3.69845383551e-07
pzp_tails,14,-55.36453125,-0.000626113061931,0,3.92017566321e-07
pzp_tails,14,-55.05609375,-0.000622184261608,0,3.87113255393e-07
pzp_tails,14,-54.74765625,-0.000596448944457,0,3.55751343344e-07
pzp_tails,14,-54.43921875,-0.000549746530225,0,3.02221247495e-07
pzp_tails,14,-54.13078125,-0.000483642231126,0,2.33909807728e-07
pzp_tails,14,-53.82234375,-0.000400374756388,0,1.60299945553e-07
pzp_tails,14,-53.51390625,-0.000302780882039,0,9.16762625283e-08
pzp_tails,14,-53.20546875,-0.000194199406103,0,3.77134093309e-08
pzp_tails,14,-52.89703125,-7.83577130787e-05,0,6.13993119892e-09
pzp_tails,14,-52.58859375,4.07552320376e-05,0,1.66098893844e-09
pzp_tails,14,-52.28015625,0.000159025171028,0,2.52890050206e-08
pzp_tails,14,-51.97171875,0.000272353506588,0,7.41764325508e-08
pzp_tails,14,-51.66328125,0.000376798138383,0,1.41976837089e-07
pzp_tails,14,-51.35484375,0.000468709386595,0,2.19688489083e-07
pzp_tails,14,-51.04640625,0.000544856360695,0,2.9686845379e-07
pzp_tails,14,-50.73796875,0.000602539440438,0,3.63053777283e-07
pzp_tails,14,-50.42953125,0.000639684992455,0,4.09196889572e-07
pzp_tails,14,-50.12109375,0.000654919034452,0,4.28918941688e-07
pzp_tails,14,-49.81265625,0.000647617260627,0,4.19408116263e-07
pzp_tails,14,-49.50421875,0.000617929633226,0,3.81837031619e-07
pzp_tails,14,-49.19578125,0.000566778600027,0,3.21237981448e-07
pzp_tails,14,-48.88734375,0.000495830887379,0,2.45848268879e-07
pzp_tails,14,-48.57890625,0.000407443713594,0,1.66010379747e-07
pzp_tails,14,-48.27046875,0.000304587137863,0,9.27733245514e-08
pzp_tails,14,-47.96203125,0.000173116547998,0,2.99693391909e-08
pzp_tails,14,-47.65359375,2.33795688893e-05,0,5.46604241449e-10
pzp_tails,14,-47.34515625,-0.000127121622737,0,1.61599069673e-08
pzp_tails,14,-47.03671875,-0.000278506786525,0,7.75660301402e-08
pzp_tails,14,-46.72828125,-0.000430886039703,0,1.85662779211e-07
pzp_tails,14,-46.41984375,-0.000584356412458,0,3.41472416781e-07
pzp_tails,14,-46.11140625,-0.000738997989516,0,5.46118028509e-07
pzp_tails,14,-45.80296875,-0.000876440342433,0,7.68147673844e-07
pzp_tails,14,-45.49453125,-0.000965953309039,0,9.33065795244e-07
pzp_tails,14,-45.18609375,-0.001022822861,0,1.04616660499e-06
pzp_tails,14,-44.87765625,-0.00104498804004,0,1.09200000383e-06
pzp_tails,14,-44.56921875,-0.0010315431923,0,1.06408135759e-06
pzp_tails,14,-44.26078125,-0.000982773010556,0,9.65842790276e-07
pzp_tails,14,-43.95234375,-0.000900148342405,0,8.10267038334e-07
pzp_tails,14,-43.64390625,-0.000786282735117,0,6.18240539544e-07
pzp_tails,14,-43.33546875,-0.000644850971842,0,4.15832775885e-07
pzp_tails,14,-43.02703125,-0.000480472102761,0,2.30853441531e-07
pzp_tails,14,-42.71859375,-0.000298560647585,0,8.91384602865e-08
pzp_tails,14,-42.41015625,-0.000105150704391,0,1.10566706339e-08
pzp_tails,14,-42.10171875,9.33013906509e-05,0,8.70514949739e-09
pzp_tails,14,-41.79328125,0.000290129477754,0,8.41751138617e-08
pzp_tails,14,-41.48484375,0.000478678160716,0,2.29132781547e-07
pzp_tails,14,-41.17640625,0.000652524360553,0,4.25788041116e-07
pzp_tails,14,-40.86796875,0.0008056925573,0,6.49140496888e-07
pzp_tails,14,-40.55953125,0.000932856606138,0,8.70221447615e-07
pzp_tails,14,-40.25109375,0.00102952141078,0,1.05991433525e-06
pzp_tails,14,-39.94265625,0.00109217835459,0,1.19285355822e-06
pzp_tails,14,-39.63421875,0.00111842920963,0,1.25088389696e-06
pzp_tails,14,-39.32578125,0.00110707424022,0,1.22561337335e-06
pzp_tails,14,-39.01734375,0.00105816135937,0,1.11970546247e-06
pzp_tails,14,-38.70890625,0.000972994448364,0,9.46718196548e-07
pzp_tails,14,-38.40046875,0.000854100270196,0,7.29487271549e-07
pzp_tails,14,-38.09203125,0.000705154756838,0,4.97243231091e-07
pzp_tails,14,-37.78359375,0.000530870782179,0,2.81823787371e-07
pzp_tails,14,-37.47515625,0.000336850805992,0,1.13468465498e-07
pzp_tails,14,-37.16671875,0.000129408946473,0,1.67466754273e-08
pzp_tails,14,-36.85828125,-8.46319282725e-05,0,7.16256328311e-09
pzp_tails,14,-36.54984375,-0.000298161640457,0,8.89003638399e-08
pzp_tails,14,-36.24140625,-0.000504015569236,0,2.54031694032e-07
pzp_tails,14,-35.93296875,-0.000695211408035,0,4.83318901862e-07
pzp_tails,14,-35.62453125,-0.000865182087769,0,7.48540044996e-07
pzp_tails,14,-35.31609375,-0.00100799720128,0,1.01605835778e-06
pzp_tails,14,-35.00765625,-0.00111856557365,0,1.25118894256e-06
pzp_tails,14,-34.69921875,-0.0011928121737,0,1.42280088172e-06
pzp_tails,14,-34.39078125,-0.00122782333779,0,1.50755014882e-06
pzp_tails,14,-34.08234375,-0.00122195525553,0,1.49317464651e-06
pzp_tails,14,-33.77390625,-0.00117490181711,0,1.38039427984e-06
pzp_tails,14,-33.46546875,-0.00108771920935,0,1.18313307839e-06
pzp_tails,14,-33.15703125,-0.000962806030842,0,9.26995453026e-07
pzp_tails,14,-32.84859375,-0.000803839132275,0,6.46157350576e-07
pzp_tails,14,-32.54015625,-0.000615666830642,0,3.79045646353e-07
pzp_tails,14,-32.23171875,-0.000404162548472,0,1.63347365587e-07
pzp_tails,14,-31.92328125,-0.000176043246346,0,3.09912245842e-08
pzp_tails,14,-31.61484375,6.13417946066e-05,0,3.76281576556e-09
pzp_tails,14,-31.30640625,0.000300245263456,0,9.01472182276e-08
pzp_tails,14,-30.99796875,0.000532771789188,0,2.83845779354e-07
pzp_tails,14,-30.68953125,0.000751135608742,0,5.64204702721e-07
pzp_tails,14,-30.38109375,0.000947917618424,0,8.98547811318e-07
pzp_tails,14,-30.07265625,0.00111631342489,0,1.2461556626e-06
pzp_tails,14,-29.76421875,0.00125036421339,0,1.56341066613e-06
pzp_tails,14,-29.45578125,0.00135984233812,0,1.84917118455e-06
pzp_tails,14,-29.14734375,0.00148892244245,0,2.21689003964e-06
pzp_tails,14,-28.83890625,0.00162226389918,0,2.63174015858e-06
pzp_tails,14,-28.53046875,0.00175919660953,0,3.09477271099e-06
pzp_tails,14,-28.22203125,0.00189902980299,0,3.60631419263e-06
pzp_tails,14,-27.91359375,0.00204104040544,0,4.16584593663e-06
pzp_tails,14,-27.60515625,0.00218446126225,0,4.77187100626e-06
pzp_tails,14,-27.29671875,0.00232846912571,0,5.4217684694e-06
pzp_tails,14,-26.98828125,0.00247217231795,0,6.11163596962e-06
pzp_tails,14,-26.67984375,0.00261459797907,0,6.83612259218e-06
pzp_tails,14,-26.37140625,0.00275467880696,0,7.5882553295e-06
pzp_tails,14,-26.06296875,0.00287509315973,0,8.26616067713e-06
pzp_tails,14,-25.75453125,0.00287587311881,0,8.27064619547e-06
pzp_tails,14,-25.44609375,0.00277242481383,0,7.68633934836e-06
pzp_tails,14,-25.13765625,0.00256769533681,0,6.59305934268e-06
pzp_tails,14,-24.82921875,0.0022682367773,0,5.14489807788e-06
pzp_tails,14,-24.52078125,0.0018839984622,0,3.54945020557e-06
pzp_tails,14,-24.21234375,0.00142799990727,0,2.03918373517e-06
pzp_tails,14,-23.90390625,0.000915895066827,0,8.38863773438e-07
pzp_tails,14,-23.59546875,0.000365442237895,0,1.33548029238e-07
pzp_tails,14,-23.28703125,-0.000204102721155,0,4.16579207829e-08
pzp_tails,14,-22.97859375,-0.000772649472841,0,5.96987207882e-07
pzp_tails,14,-22.67015625,-0.001319970148,0,1.7423211916e-06
pzp_tails,14,-22.36171875,-0.00182640641826,0,3.33576040466e-06
pzp_tails,14,-22.05328125,-0.00227356244353,0,5.16908618464e-06
pzp_tails,14,-21.74484375,-0.00264495975102,0,6.99581208451e-06
pzp_tails,14,-21.43640625,-0.00292663122076,0,8.56517030232e-06
pzp_tails,14,-21.12796875,-0.00310763325049,0,9.65738441953e-06
pzp_tails,14,-20.81953125,-0.00318045779197,0,1.01153117665e-05
pzp_tails,14,-20.51109375,-0.00314132920912,0,9.86794920008e-06
pzp_tails,14,-20.20265625,-0.0029903747009,0,8.94234085179e-06
pzp_tails,14,-19.89421875,-0.00273166123634,0,7.4619731101e-06
pzp_tails,14,-19.58578125,-0.00237309642748,0,5.63158665411e-06
pzp_tails,14,-19.27734375,-0.0019261953712,0,3.71022860803e-06
pzp_tails,14,-18.96890625,-0.00140572006935,0,1.97604891338e-06
pzp_tails,14,-18.66046875,-0.000829202435647,0,6.87576679283e-07
pzp_tails,14,-18.35203125,-0.000121467783644,0,1.47544224633e-08
pzp_tails,14,-18.04359375,0.000691055668835,0,4.77557937429e-07
pzp_tails,14,-17.73515625,0.00151350458738,0,2.29069613602e-06
pzp_tails,14,-17.42671875,0.00234583232735,0,5.50292930802e-06
pzp_tails,14,-17.11828125,0.00318786814373,0,1.01625033018e-05
pzp_tails,14,-16.80984375,0.00403926997141,0,1.63157019019e-05
pzp_tails,14,-16.50140625,0.00489947222406,0,2.40048280743e-05
pzp_tails,14,-16.19296875,0.00566498293975,0,3.20920317076e-05
pzp_tails,14,-15.88453125,0.00613622814085,0,3.76532957966e-05
pzp_tails,14,-15.57609375,0.00639835963241,0,4.09390059856e-05
pzp_tails,14,-15.26765625,0.00644074416005,0,4.14831853352e-05
pzp_tails,14,-14.95921875,0.00626001066514,0,3.91877335277e-05
pzp_tails,14,-14.65078125,0.00586021938112,0,3.43421711948e-05
pzp_tails,14,-14.34234375,0.00525279081362,0,2.75918113317e-05
pzp_tails,14,-14.03390625,0.00445619499412,0,1.98576738256e-05
pzp_tails,14,-13.72546875,0.00349540900381,0,1.22178841039e-05
pzp_tails,14,-13.41703125,0.00240115817968,0,5.76556060386e-06
pzp_tails,14,-13.10859375,0.00120896340473,0,1.46159251397e-06
pzp_tails,14,-12.80015625,-4.19767710047e-05,0,1.76204930398e-09
pzp_tails,14,-12.49171875,-0.00131003493462,0,1.71619152992e-06
pzp_tails,14,-12.18328125,-0.00255249582469,0,6.51523493507e-06
pzp_tails,14,-11.87484375,-0.00372694754264,0,1.38901379856e-05
pzp_tails,14,-11.56640625,-0.00479267893634,0,2.29697713869e-05
pzp_tails,14,-11.25796875,-0.00571203848028,0,3.26273836002e-05
pzp_tails,14,-10.94953125,-0.00645171071861,0,4.16245711966e-05
pzp_tails,14,-10.64109375,-0.00698386846374,0,4.87744187188e-05
pzp_tails,14,-10.33265625,-0.00728716240084,0,5.31027358563e-05
pzp_tails,14,-10.02421875,-0.00734751444372,0,5.39859685007e-05
pzp_tails,14,-9.71578125,-0.0071586869883,0,5.12467993965e-05
pzp_tails,14,-9.40734375,-0.00672260694706,0,4.51934441646e-05
pzp_tails,14,-9.09890625,-0.00604943092388,0,3.65956145028e-05
pzp_tails,14,-8.79046875,-0.00515734587977,0,2.65982165236e-05
pzp_tails,14,-8.48203125,-0.00407210790484,0,1.65820627887e-05
pzp_tails,14,-8.17359375,-0.0028263299983,0,7.98814125929e-06
pzp_tails,14,-7.86515625,-0.00145853780985,0,2.12733254275e-06
pzp_tails,14,-7.55671875,-1.20198617174e-05,0,1.44477075705e-10
pzp_tails,14,-7.24828125,0.00146649438958,0,2.15060579466e-06
pzp_tails,14,-6.93984375,0.0029282893983,0,8.57487880021e-06
pzp_tails,14,-6.63140625,0.00432420727323,0,1.86987685419e-05
pzp_tails,14,-6.32296875,0.00560623295806,0,3.142984798e-05
pzp_tails,14,-6.01453125,0.00672907135702,0,4.52804013279e-05
pzp_tails,14,-5.70609375,0.00765166639086,0,5.8547998557e-05
pzp_tails,14,-5.39765625,0.00833861298711,0,6.95324665488e-05
pzp_tails,14,-5.08921875,0.00876141556078,0,7.67624026286e-05
pzp_tails,14,-4.78078125,0.00889955056898,0,7.92020003298e-05
pzp_tails,14,-4.47234375,0.00874129612462,0,7.64102579382e-05
pzp_tails,14,-4.16390625,0.00828429828335,0,6.86295980476e-05
pzp_tails,14,-3.85546875,0.00753585129068,0,5.67890546752e-05
pzp_tails,14,-3.54703125,0.00651287757236,0,4.24175742725e-05
pzp_tails,14,-3.23859375,0.00524160232515,0,2.7474394935e-05
pzp_tails,14,-2.93015625,0.00375692694688,0,1.41145000842e-05
pzp_tails,14,-2.62171875,0.00210151495505,0,4.41636510629e-06
pzp_tails,14,-2.31328125,0.00032461319457,0,1.05373726089e-07
pzp_tails,14,-2.00484375,-0.00151936025464,0,2.30845558339e-06
pzp_tails,14,-1.69640625,-0.00337242226047,0,1.13732319029e-05
pzp_tails,14,-1.38796875,-0.00517477896457,0,2.67783373321e-05
pzp_tails,14,-1.07953125,-0.00686667685009,0,4.71512509636e-05
pzp_tails,14,-0.77109375,-0.00839029516447,0,7.0397052947e-05
pzp_tails,14,-0.46265625,-0.00969162194064,0,9.39275358402e-05
pzp_tails,14,-0.15421875,-0.0107222552032,0,0.000114966756643
pzp_tails,14,0.15421875,-0.0115523813776,0,0.000133457515495
pzp_tails,14,0.46265625,-0.0125623448165,0,0.00015781250729
pzp_tails,14,0.77109375,-0.0136279791659,0,0.000185721816147
pzp_tails,14,1.07953125,-0.014735914534,0,0.000217147177155
pzp_tails,14,1.38796875,-0.0158719455816,0,0.000251918656545
pzp_tails,14,1.69640625,-0.0170206962388,0,0.000289704100452
pzp_tails,14,2.00484375,-0.0181652701226,0,0.000329977038627
pzp_tails,14,2.31328125,-0.0192868855637,0,0.000371983954746
pzp_tails,14,2.62171875,-0.0203644948006,0,0.000414712648484
pzp_tails,14,2.93015625,-0.0213743877285,0,0.000456864450769
pzp_tails,14,3.23859375,-0.0222897816292,0,0.000496834365078
pzp_tails,14,3.54703125,-0.0229869219917,0,0.00052839858265
pzp_tails,14,3.85546875,-0.0226733603473,0,0.000514081269437
pzp_tails,14,4.16390625,-0.0214351387325,0,0.000459465172482
pzp_tails,14,4.47234375,-0.0192990994379,0,0.000372455239113
pzp_tails,14,4.78078125,-0.0163259895113,0,0.000266537933522
pzp_tails,14,5.08921875,-0.0126089178565,0,0.000158984809511
pzp_tails,14,5.39765625,-0.00827067843245,0,6.8404121733e-05
pzp_tails,14,5.70609375,-0.00346001219051,0,1.19716843585e-05
pzp_tails,14,6.01453125,0.00165308481079,0,2.73268939168e-06
pzp_tails,14,6.32296875,0.00688286790608,0,4.73738706126e-05
pzp_tails,14,6.63140625,0.0120339979967,0,0.000144817107784
pzp_tails,14,6.93984375,0.0169081536331,0,0.00028588565928
pzp_tails,14,7.24828125,0.0213108940718,0,0.000454154206141
pzp_tails,14,7.55671875,0.0250585554277,0,0.000627931200124
pzp_tails,14,7.86515625,0.0279849577124,0,0.000783157858165
pzp_tails,14,8.17359375,0.0299477030316,0,0.000896864916867
pzp_tails,14,8.48203125,0.030833854495,0,0.000950726583017
pzp_tails,14,8.79046875,0.0305648012646,0,0.000934207076347
pzp_tails,14,9.09890625,0.0291001372168,0,0.000846817986038
pzp_tails,14,9.40734375,0.0264404083204,0,0.000699095192149
pzp_tails,14,9.71578125,0.0226286162709,0,0.000512054274337
pzp_tails,14,10.02421875,0.0177504022415,0,0.000315076779734
pzp_tails,14,10.33265625,0.0119328737744,0,0.000142393476515
pzp_tails,14,10.64109375,0.00534207870401,0,2.85378048799e-05
pzp_tails,14,10.94953125,-0.0018208286329,0,3.31541691039e-06
pzp_tails,14,11.25796875,-0.0104866142584,0,0.000109969078605
pzp_tails,14,11.56640625,-0.0208523590935,0,0.000434820879765
pzp_tails,14,11.87484375,-0.0317661665325,0,0.00100908933617
pzp_tails,14,12.18328125,-0.0432341606587,0,0.00186919264786
pzp_tails,14,12.49171875,-0.0552533268499,0,0.00305293012799
pzp_tails,14,12.80015625,-0.0678050976527,0,0.0045975312677
pzp_tails,14,13.10859375,-0.0808473509414,0,0.00653629415424
pzp_tails,14,13.41703125,-0.0927132978515,0,0.0085957555985
pzp_tails,14,13.72546875,-0.100000431707,0,0.0100000863415
pzp_tails,14,14.03390625,-0.103932163443,0,0.0108018945979
pzp_tails,14,14.34234375,-0.104210454982,0,0.0108598189276
pzp_tails,14,14.65078125,-0.100614565525,0,0.0101232907959
pzp_tails,14,14.95921875,-0.0930071301572,0,0.00865032626008
pzp_tails,14,15.26765625,-0.0813384843085,0,0.0066159490296
pzp_tails,14,15.57609375,-0.0656491131123,0,0.00430980605243
pzp_tails,14,15.88453125,-0.046070145579,0,0.00212245831367
pzp_tails,14,16.19296875,-0.0228218568651,0,0.000520837150769
pzp_tails,14,16.50140625,0.0037898132781,0,1.43626846829e-05
pzp_tails,14,16.80984375,0.0333786725571,0,0.00111413578167
pzp_tails,14,17.11828125,0.0654855207714,0,0.0042883534307
pzp_tails,14,17.42671875,0.0995870862155,0,0.0099175877409
pzp_tails,14,17.73515625,0.135106472869,0,0.0182537590112
pzp_tails,14,18.04359375,0.171424900954,0,0.0293864966673
pzp_tails,14,18.35203125,0.207894491613,0,0.043220119643
pzp_tails,14,18.66046875,0.243851820069,0,0.0594637101511
pzp_tails,14,18.96890625,0.278631941356,0,0.0776357587436
pzp_tails,14,19.27734375,0.311582579053,0,0.0970837035696
pzp_tails,14,19.58578125,0.342078160916,0,0.117017468175
pzp_tails,14,19.89421875,0.369533385926,0,0.136554923314
pzp_tails,14,20.20265625,0.393416015354,0,0.154776161137
pzp_tails,14,20.51109375,0.413258595561,0,0.170782666805
pzp_tails,14,20.81953125,0.428668842442,0,0.18375697648
pzp_tails,14,21.12796875,0.439338445876,0,0.193018270025
pzp_tails,14,21.43640625,0.445050086981,0,0.198069579922
pzp_tails,14,21.74484375,0.445682500283,0,0.198632891058
pzp_tails,14,22.05328125,0.441213456532,0,0.194669314225
pzp_tails,14,22.36171875,0.431720588539,0,0.186382666568
pzp_tails,14,22.67015625,0.417380031212,0,0.174206090455
pzp_tails,14,22.97859375,0.398462896657,0,0.158772680012
pzp_tails,14,23.28703125,0.375329654685,0,0.140872349686
pzp_tails,14,23.59546875,0.348422537144,0,0.12139826439
pzp_tails,14,23.90390625,0.318256130027,0,0.1012869643
pzp_tails,14,24.21234375,0.285406359221,0,0.0814567898838
pzp_tails,14,24.52078125,0.250498113063,0,0.0627493046479
pzp_tails,14,24.82921875,0.214191776653,0,0.0458781171857
pzp_tails,14,25.13765625,0.17716897837,0,0.0313888468966
pzp_tails,14,25.44609375,0.140117867637,0,0.0196330168311
pzp_tails,14,25.75453125,0.103718254251,0,0.0107574762649
pzp_tails,14,26.06296875,0.0686269431982,0,0.00470965733273
pzp_tails,14,26.37140625,0.0354635947745,0,0.00125766655433
pzp_tails,14,26.67984375,0.00479742808984,0,2.30153162772e-05
pzp_tails,14,26.98828125,-0.0228649331075,0,0.000522805166011
pzp_tails,14,27.29671875,-0.0470901993848,0,0.0022174868781
pzp_tails,14,27.60515625,-0.0675274988367,0,0.00455996309914
pzp_tails,14,27.91359375,-0.0839156019603,0,0.00704182825236
pzp_tails,14,28.22203125,-0.0960881281914,0,0.00923292837933
pzp_tails,14,28.53046875,-0.103976620354,0,0.0108111375803
pzp_tails,14,28.83890625,-0.107611422099,0,0.0115802181661
pzp_tails,14,29.14734375,-0.107120343648,0,0.0114747680233
pzp_tails,14,29.45578125,-0.102725151655,0,0.0105524567825
pzp_tails,14,29.76421875,-0.0934988375385,0,0.00874203262104
pzp_tails,14,30.07265625,-0.0831756474804,0,0.00691818833378
pzp_tails,14,30.38109375,-0.0731260984855,0,0.0053474262797
pzp_tails,14,30.68953125,-0.063437285493,0,0.00402428919072
pzp_tails,14,30.99796875,-0.0541615607186,0,0.00293347465948
pzp_tails,14,31.30640625,-0.0453256707676,0,0.00205441643053
pzp_tails,14,31.61484375,-0.0369379840893,0,0.00136441466858
pzp_tails,14,31.92328125,-0.028994213471,0,0.000840664414802
pzp_tails,14,32.23171875,-0.0214819601667,0,0.000461474612603
pzp_tails,14,32.54015625,-0.0143843433515,0,0.000206909333654
pzp_tails,14,32.84859375,-0.00768292795623,0,5.90273819807e-05
pzp_tails,14,33.15703125,-0.00210769125009,0,4.44236240571e-06
pzp_tails,14,33.46546875,0.002514072734,0,6.32056171185e-06
pzp_tails,14,33.77390625,0.00678504021653,0,4.60367707399e-05
pzp_tails,14,34.08234375,0.0105785193358,0,0.000111905071337
pzp_tails,14,34.39078125,0.0137892405779,0,0.000190143155717
pzp_tails,14,34.69921875,0.0163358264373,0,0.00026685922539
pzp_tails,14,35.00765625,0.018162451945,0,0.000329874660653
pzp_tails,14,35.31609375,0.0192396650912,0,0.000370164712822
pzp_tails,14,35.62453125,0.019564362165,0,0.000382764266924
pzp_tails,14,35.93296875,0.0191589387784,0,0.000367064935114
pzp_tails,14,36.24140625,0.0180696620655,0,0.000326512687161
pzp_tails,14,36.54984375,0.0163643325163,0,0.000267791378705
pzp_tails,14,36.85828125,0.0141293244577,0,0.000199637809631
pzp_tails,14,37.16671875,0.0114661117354,0,0.000131471718328
pzp_tails,14,37.47515625,0.00848739919065,0,7.20359450215e-05
pzp_tails,14,37.78359375,0.00531299067542,0,2.82278699171e-05
pzp_tails,14,38.09203125,0.0020655303484,0,4.26641562015e-06
pzp_tails,14,38.40046875,-0.00113374429384,0,1.28537612381e-06
pzp_tails,14,38.70890625,-0.00416910178233,0,1.73814096715e-05
pzp_tails,14,39.01734375,-0.00693413932464,0,4.80822881736e-05
pzp_tails,14,39.32578125,-0.0093352103024,0,8.714615139e-05
pzp_tails,14,39.63421875,-0.0112943524185,0,0.000127562396552
pzp_tails,14,39.94265625,-0.0127516296165,0,0.000162604057878
pzp_tails,14,40.25109375,-0.0136668207444,0,0.000186781989259
pzp_tails,14,40.55953125,-0.0140204096707,0,0.000196571887334
pzp_tails,14,40.86796875,-0.0137818692916,0,0.000189939921171
pzp_tails,14,41.17640625,-0.0134383166302,0,0.000180588353854
pzp_tails,14,41.48484375,-0.013044857678,0,0.000170168311838
pzp_tails,14,41.79328125,-0.012622641689,0,0.000159331083209
pzp_tails,14,42.10171875,-0.0121911431806,0,0.000148623972051
pzp_tails,14,42.41015625,-0.011768453323,0,0.000138496493615
pzp_tails,14,42.71859375,-0.0113715640515,0,0.000129312468978
pzp_tails,14,43.02703125,-0.0110586073588,0,0.000122292796717
pzp_tails,14,43.33546875,-0.0104458192203,0,0.000109115139182
pzp_tails,14,43.64390625,-0.00951996519108,0,9.06297372395e-05
pzp_tails,14,43.95234375,-0.00831884456306,0,6.92031748643e-05
pzp_tails,14,44.26078125,-0.00688793531443,0,4.74436528958e-05
pzp_tails,14,44.56921875,-0.00527879724952,0,2.78657004015e-05
pzp_tails,14,44.87765625,-0.0035473227534,0,1.25834987168e-05
pzp_tails,14,45.18609375,-0.00175189171071,0,3.06912456607e-06
pzp_tails,14,45.49453125,4.85109996106e-05,0,2.35331708322e-09
pzp_tails,14,45.80296875,0.00179615695107,0,3.22617979288e-06
pzp_tails,14,46.11140625,0.00343635777015,0,1.18085547244e-05
pzp_tails,14,46.41984375,0.00491911748748,0,2.41977168556e-05
pzp_tails,14,46.72828125,0.00620060518272,0,3.84475046319e-05
pzp_tails,14,47.03671875,0.00724440580287,0,5.24814154366e-05
pzp_tails,14,47.34515625,0.00802251454965,0,6.43607396994e-05
pzp_tails,14,47.65359375,0.00851604868269,0,7.2523085166e-05
pzp_tails,14,47.96203125,0.00871565970311,0,7.59627240604e-05
pzp_tails,14,48.27046875,0.00862163838155,0,7.43326483822e-05
pzp_tails,14,48.57890625,0.00824371468213,0,6.79588317603e-05
pzp_tails,14,48.88734375,0.00760056401763,0,5.77685733861e-05
pzp_tails,14,49.19578125,0.00671904016899,0,4.51455007926e-05
pzp_tails,14,49.50421875,0.00563316334909,0,3.17325293176e-05
pzp_tails,14,49.81265625,0.00438289904926,0,1.9209804076e-05
pzp_tails,14,50.12109375,0.00301276927089,0,9.07677867963e-06
pzp_tails,14,50.42953125,0.00157034234657,0,2.46597508544e-06
pzp_tails,14,50.73796875,0.000104650672419,0,1.09517632377e-08
pzp_tails,14,51.04640625,-0.00133541277283,0,1.78332727383e-06
pzp_tails,14,51.35484375,-0.00270266828367,0,7.30441585158e-06
pzp_tails,14,51.66328125,-0.00395314443001,0,1.56273508845e-05
pzp_tails,14,51.97171875,-0.00504744809081,0,2.54767322295e-05
pzp_tails,14,52.28015625,-0.00595196791055,0,3.54259220082e-05
pzp_tails,14,52.58859375,-0.0066398753135,0,4.40879441789e-05
pzp_tails,14,52.89703125,-0.00709189400285,0,5.02949605477e-05
pzp_tails,14,53.20546875,-0.0072968164907,0,5.3243530899e-05
pzp_tails,14,53.51390625,-0.00725175440843,0,5.25879420002e-05
pzp_tails,14,53.82234375,-0.00696211787465,0,4.84710853005e-05
pzp_tails,14,54.13078125,-0.0064413277843,0,4.14907036249e-05
pzp_tails,14,54.43921875,-0.00571027326044,0,3.26072207089e-05
pzp_tails,14,54.74765625,-0.00479653442281,0,2.30067424692e-05
pzp_tails,14,55.05609375,-0.00373339783415,0,1.3938259388e-05
pzp_tails,14,55.36453125,-0.00255869826752,0,6.54693682422e-06
pzp_tails,14,55.67296875,-0.00131352561106,0,1.72534953092e-06
pzp_tails,14,55.98140625,-4.08396365165e-05,0,1.6678759108e-09
pzp_tails,14,56.28984375,0.00121596210424,0,1.47856383894e-06
pzp_tails,14,56.59828125,0.00241447689481,0,5.82969867557e-06
pzp_tails,14,56.90671875,0.00351468399084,0,1.23530035555e-05
pzp_tails,14,57.21515625,0.00448024209768,0,2.00725692538e-05
pzp_tails,14,57.52359375,0.00527965619668,0,2.78747695551e-05
pzp_tails,14,57.83203125,0.00588727718286,0,3.46600326278e-05
pzp_tails,14,58.14046875,0.00628410335175,0,3.94899549355e-05
pzp_tails,14,58.44890625,0.00645835928862,0,4.17104047009e-05
pzp_tails,14,58.75734375,0.00640583495855,0,4.10347215162e-05
pzp_tails,14,59.06578125,0.00612997554239,0,3.75766001503e-05
pzp_tails,14,59.37421875,0.0055661139171,0,3.09816241382e-05
pzp_tails,14,59.68265625,0.00492910759824,0,2.4296101715e-05
pzp_tails,14,59.99109375,0.00429597370475,0,1.84553900719e-05
pzp_tails,14,60.29953125,0.00366777438005,0,1.34525689029e-05
pzp_tails,14,60.60796875,0.00304527586285,0,9.27370508087e-06
pzp_tails,14,60.91640625,0.00242899589121,0,5.90002103952e-06
pzp_tails,14,61.22484375,0.0018192465698,0,3.30965808175e-06
pzp_tails,14,61.53328125,0.00121617312941,0,1.4790770807e-06
pzp_tails,14,61.84171875,0.000619788954489,0,3.84138348106e-07
pzp_tails,14,62.15015625,3.00072019106e-05,0,9.00432166506e-10
pzp_tails,14,62.45859375,-0.000553330720383,0,3.06174886119e-07
pzp_tails,14,62.76703125,-0.00106219711382,0,1.12826270862e-06
pzp_tails,14,63.07546875,-0.00146130344708,0,2.13540776445e-06
pzp_tails,14,63.38390625,-0.00180530755332,0,3.25913536209e-06
pzp_tails,14,63.69234375,-0.00208269528385,0,4.33761964537e-06
pzp_tails,14,64.00078125,-0.00228439128519,0,5.21844354385e-06
pzp_tails,14,64.30921875,-0.0024040497595,0,5.77945524614e-06
pzp_tails,14,64.61765625,-0.00243824858255,0,5.94505615033e-06
pzp_tails,14,64.92609375,-0.00238658102085,0,5.69576896908e-06
pzp_tails,14,65.23453125,-0.00225164281104,0,5.0698953485e-06
pzp_tails,14,65.54296875,-0.00203891593355,0,4.15717818408e-06
pzp_tails,14,65.85140625,-0.00175655390762,0,3.08548163037e-06
pzp_tails,14,66.15984375,-0.0014150767408,0,2.00244218236e-06
pzp_tails,14,66.46828125,-0.00102698667323,0,1.05470162699e-06
pzp_tails,14,66.77671875,-0.000606318466375,0,3.67622082668e-07
pzp_tails,14,67.08515625,-0.000168140113461,0,2.82710977547e-08
pzp_tails,14,67.39359375,0.000271978574318,0,7.39723448882e-08
pzp_tails,14,67.70203125,0.000698511074509,0,4.87917721212e-07
pzp_tails,14,68.01046875,0.00109651417347,0,1.20234333263e-06
pzp_tails,14,68.31890625,0.00145214440891,0,2.10872338434e-06
pzp_tails,14,68.62734375,0.00175313335615,0,3.07347656446e-06
pzp_tails,14,68.93578125,0.00198920568132,0,3.95693924258e-06
pzp_tails,14,69.24421875,0.00215242592229,0,4.63293735096e-06
pzp_tails,14,69.55265625,0.0022374624611,0,5.00623826481e-06
pzp_tails,14,69.86109375,0.00224176003233,0,5.02548804255e-06
pzp_tails,14,70.16953125,0.00216561527343,0,4.68988951252e-06
pzp_tails,14,70.47796875,0.00198838943223,0,3.9536925342e-06
pzp_tails,14,70.78640625,0.00178546886275,0,3.18789905985e-06
pzp_tails,14,71.09484375,0.00158139364465,0,2.50080585935e-06
pzp_tails,14,71.40328125,0.00137687306328,0,1.89577943239e-06
pzp_tails,14,71.71171875,0.00117255979136,0,1.37489646432e-06
pzp_tails,14,72.02015625,0.000969059817367,0,9.39076929636e-07
pzp_tails,14,72.32859375,0.000766941901426,0,5.88199880164e-07
pzp_tails,14,72.63703125,0.000590416419545,0,3.48591548469e-07
pzp_tails,14,72.94546875,0.000418859112241,0,1.75442955907e-07
pzp_tails,14,73.25390625,0.000234796155417,0,5.51292345985e-08
pzp_tails,14,73.56234375,4.47834967408e-05,0,2.00556158034e-09
pzp_tails,14,73.87078125,-0.000144492574319,0,2.08781040334e-08
pzp_tails,14,74.17921875,-0.000326447058676,0,1.06567682118e-07
pzp_tails,14,74.48765625,-0.000494821982654,0,2.44848794518e-07
pzp_tails,14,74.79609375,-0.000643898599175,0,4.14605406019e-07
pzp_tails,14,75.10453125,-0.000768688950422,0,5.908827025e-07
pzp_tails,14,75.41296875,-0.000865100454298,0,7.48398796026e-07
pzp_tails,14,75.72140625,-0.000930068151217,0,8.65026765907e-07
pzp_tails,14,76.02984375,-0.000961650394633,0,9.24771481497e-07
pzp_tails,14,76.33828125,-0.000959085048303,0,9.19844129879e-07
pzp_tails,14,76.64671875,-0.000922804621377,0,8.51568369234e-07
pzp_tails,14,76.95515625,-0.000854410182335,0,7.30016759678e-07
pzp_tails,14,77.26359375,-0.000756605296771,0,5.72451575102e-07
pzp_tails,14,77.57203125,-0.000633092584674,0,4.00806220769e-07
pzp_tails,14,77.88046875,-0.000488436745342,0,2.38570454201e-07
pzp_tails,14,78.18890625,-0.000327899010576,0,1.07517761136e-07
pzp_tails,14,78.49734375,-0.000157248923107,0,2.47272238182e-08
pzp_tails,14,78.80578125,1.74399332067e-05,0,3.04151270255e-10
pzp_tails,14,79.11421875,0.000190003125191,0,3.61011875823e-08
pzp_tails,14,79.42265625,0.000354400103441,0,1.25599433319e-07
pzp_tails,14,79.73109375,0.000504923093717,0,2.54947330569e-07
pzp_tails,14,80.03953125,0.000636393012168,0,4.04996065936e-07
pzp_tails,14,80.34796875,0.000744335759178,0,5.54035722392e-07
pzp_tails,14,80.65640625,0.000825132958786,0,6.80844399675e-07
pzp_tails,14,80.96484375,0.000876142120224,0,7.67625014831e-07
pzp_tails,14,81.27328125,0.000895782273404,0,8.02425881345e-07
pzp_tails,14,81.58171875,0.00088358233376,0,7.80717740533e-07
pzp_tails,14,81.89015625,0.000840190742474,0,7.0592048374e-07
pzp_tails,14,82.19859375,0.000767346261499,0,5.88820285037e-07
pzp_tails,14,82.50703125,0.000667811133711,0,4.45971710309e-07
pzp_tails,14,82.81546875,0.000545269101859,0,2.97318393442e-07
pzp_tails,14,83.12390625,0.00040419197243,0,1.63371150577e-07
pzp_tails,14,83.43234375,0.000249679472193,0,6.23398388346e-08
pzp_tails,14,83.74078125,8.72780404419e-05,0,7.61745634338e-09
pzp_tails,14,84.04921875,-7.72151007232e-05,0,5.96217177969e-09
pzp_tails,14,84.35765625,-0.000237955775489,0,5.66229510885e-08
pzp_tails,14,84.66609375,-0.000389257514422,0,1.51521412534e-07
pzp_tails,14,84.97453125,-0.000525789973481,0,2.76455096213e-07
pzp_tails,14,85.28296875,-0.000642764277567,0,4.13145916517e-07
pzp_tails,14,85.59140625,-0.000736098924545,0,5.41841626717e-07
pzp_tails,14,85.89984375,-0.000802560571959,0,6.44103471663e-07
pzp_tails,14,86.20828125,-0.000839874907096,0,7.05389859569e-07
pzp_tails,14,86.51671875,-0.000846803841255,0,7.17076745564e-07
pzp_tails,14,86.82515625,-0.000823186435373,0,6.77635907382e-07
pzp_tails,14,87.13359375,-0.000769942216683,0,5.92811017031e-07
pzp_tails,14,87.44203125,-0.000689036842028,0,4.74771769672e-07
pzp_tails,14,87.75046875,-0.000583411358771,0,3.40368813543e-07
pzp_tails,14,88.05890625,-0.000456877564824,0,2.08737109239e-07
pzp_tails,14,88.36734375,-0.000313983132757,0,9.85854076557e-08
pzp_tails,14,88.67578125,-0.000159851199732,0,2.55524060558e-08
pzp_tails,15,-59.06578125,3.61745645064e-05,0,1.30859911723e-09
pzp_tails,15,-58.75734375,7.23686274458e-05,0,5.23721823839e-09
pzp_tails,15,-58.44890625,0.000108600952006,0,1.17941667766e-08
pzp_tails,15,-58.14046875,0.000144888823189,0,2.0992771085e-08
pzp_tails,15,-57.83203125,0.000181247289299,0,3.28505798781e-08
pzp_tails,15,-57.52359375,0.000217688379633,0,4.73882306273e-08
pzp_tails,15,-57.21515625,0.000254220289579,0,6.46279556336e-08
pzp_tails,15,-56.90671875,0.000290846523539,0,8.45917002548e-08
pzp_tails,15,-56.59828125,0.000327564985074,0,1.07298819447e-07
pzp_tails,15,-56.28984375,0.000364367002298,0,1.32763312364e-07
pzp_tails,15,-55.98140625,0.000401236274853,0,1.60990548258e-07
pzp_tails,15,-55.67296875,0.000433783552161,0,1.88168170125e-07
pzp_tails,15,-55.36453125,0.000446898728024,0,1.9971847311e-07
pzp_tails,15,-55.05609375,0.000444462813886,0,1.97547192928e-07
pzp_tails,15,-54.74765625,0.000426526759642,0,1.81925076691e-07
pzp_tails,15,-54.43921875,0.000393674732859,0,1.54979795292e-07
pzp_tails,15,-54.13078125,0.000347005051659,0,1.20412505877e-07
pzp_tails,15,-53.82234375,0.00028809356348,0,8.29979013186e-08
pzp_tails,15,-53.51390625,0.000218940681565,0,4.79350220443e-08
pzp_tails,15,-53.20546875,0.000141903845369,0,2.01367013304e-08
pzp_tails,15,-52.89703125,5.96176669865e-05,0,3.55426621691e-09
pzp_tails,15,-52.58859375,-2.50955535091e-05,0,6.2978680593e-10
pzp_tails,15,-52.28015625,-0.000109321929589,0,1.19512842891e-08
pzp_tails,15,-51.97171875,-0.000190155461729,0,3.61590996254e-08
pzp_tails,15,-51.66328125,-0.000264797515872,0,7.01177244119e-08
pzp_tails,15,-51.35484375,-0.000330652930935,0,1.09331360736e-07
pzp_tails,15,-51.04640625,-0.000385419483953,0,1.48548178611e-07
pzp_tails,15,-50.73796875,-0.000427167656393,0,1.82472206668e-07
pzp_tails,15,-50.42953125,-0.000454407963589,0,2.06486597373e-07
pzp_tails,15,-50.12109375,-0.000466143520791,0,2.17289781975e-07
pzp_tails,15,-49.81265625,-0.000461906010441,0,2.13357162482e-07
pzp_tails,15,-49.50421875,-0.000441773769863,0,1.95164063739e-07
pzp_tails,15,-49.19578125,-0.000406371318077,0,1.65137648155e-07
pzp_tails,15,-48.88734375,-0.000356850265159,0,1.27342111744e-07
pzp_tails,15,-48.57890625,-0.000294852176438,0,8.693780595e-08
pzp_tails,15,-48.27046875,-0.000222454575949,0,4.94860383605e-08
pzp_tails,15,-47.96203125,-0.000129659168428,0,1.68114999574e-08
pzp_tails,15,-47.65359375,-2.40324147464e-05,0,5.77556958544e-10
pzp_tails,15,-47.34515625,8.20893410354e-05,0,6.73865991163e-09
pzp_tails,15,-47.03671875,0.000188808350683,0,3.56485932878e-08
pzp_tails,15,-46.72828125,0.000296220863223,0,8.77467998086e-08
pzp_tails,15,-46.41984375,0.000404414949332,0,1.63551451243e-07
pzp_tails,15,-46.11140625,0.000513468055986,0,2.63649444518e-07
pzp_tails,15,-45.80296875,0.0006104413857,0,3.72638685375e-07
pzp_tails,15,-45.49453125,0.000673932376887,0,4.54184848617e-07
pzp_tails,15,-45.18609375,0.000714728104229,0,5.10836262975e-07
pzp_tails,15,-44.87765625,0.000731363646257,0,5.34892783066e-07
pzp_tails,15,-44.56921875,0.00072317648352,0,5.22984226316e-07
pzp_tails,15,-44.26078125,0.000690331703624,0,4.76557861029e-07
pzp_tails,15,-43.95234375,0.000633819969849,0,4.0172775418e-07
pzp_tails,15,-43.64390625,0.000555428210713,0,3.08500497256e-07
pzp_tails,15,-43.33546875,0.000457683879255,0,2.0947453333e-07
pzp_tails,15,-43.02703125,0.000343774498178,0,1.18180905598e-07
pzp_tails,15,-42.71859375,0.000217445022176,0,4.7282337669e-08
pzp_tails,15,-42.41015625,8.28762851474e-05,0,6.86847863984e-09
pzp_tails,15,-42.10171875,-5.54515666292e-05,0,3.07487624164e-09
pzp_tails,15,-41.79328125,-0.000192906244881,0,3.7212819314e-08
pzp_tails,15,-41.48484375,-0.000324856314407,0,1.0553162501e-07
pzp_tails,15,-41.17640625,-0.000446825019206,0,1.99652597788e-07
pzp_tails,15,-40.86796875,-0.000554639892587,0,3.07625410449e-07
pzp_tails,15,-40.55953125,-0.000644573214625,0,4.15474629012e-07
pzp_tails,15,-40.25109375,-0.000713468651848,0,5.0903751717e-07
pzp_tails,15,-39.94265625,-0.000758849838804,0,5.75853077854e-07
pzp_tails,15,-39.63421875,-0.000779007226106,0,6.06852258326e-07
pzp_tails,15,-39.32578125,-0.000773060207333,0,5.97622084162e-07
pzp_tails,15,-39.01734375,-0.000740992326071,0,5.49069627296e-07
pzp_tails,15,-38.70890625,-0.000683658229545,0,4.67388574825e-07
pzp_tails,15,-38.40046875,-0.000602761949152,0,3.63321967346e-07
pzp_tails,15,-38.09203125,-0.000500807021479,0,2.50807672762e-07
pzp_tails,15,-37.78359375,-0.000381019885992,0,1.45176153522e-07
pzp_tails,15,-37.47515625,-0.000247248877645,0,6.11320074968e-08
pzp_tails,15,-37.16671875,-0.000103841945266,0,1.07831495966e-08
pzp_tails,15,-36.85828125,4.4493056821e-05,0,1.97963210527e-09
pzp_tails,15,-36.54984375,0.000192841059903,0,3.71876743845e-08
pzp_tails,15,-36.24140625,0.000336240554131,0,1.13057710242e-07
pzp_tails,15,-35.93296875,0.000469847242539,0,2.20756431321e-07
pzp_tails,15,-35.62453125,0.000589095240334,0,3.47033202184e-07
pzp_tails,15,-35.31609375,0.000689850521965,0,4.75893742656e-07
pzp_tails,15,-35.00765625,0.000768551528704,0,5.90671452273e-07
pzp_tails,15,-34.69921875,0.000822332226373,0,6.76230290531e-07
pzp_tails,15,-34.39078125,0.000849123435579,0,7.2101060885e-07
pzp_tails,15,-34.08234375,0.000847728929273,0,7.18644337526e-07
pzp_tails,15,-33.77390625,0.000817873584103,0,6.68917199574e-07
pzp_tails,15,-33.46546875,0.000760221758244,0,5.77937121708e-07
pzp_tails,15,-33.15703125,0.000676365021234,0,4.57469641949e-07
pzp_tails,15,-32.84859375,0.000568779350759,0,3.2350994985e-07
pzp_tails,15,-32.54015625,0.000440752905558,0,1.94263123758e-07
pzp_tails,15,-32.23171875,0.000296286450646,0,8.77856608367e-08
pzp_tails,15,-31.92328125,0.000139969419515,0,1.95914383992e-08
pzp_tails,15,-31.61484375,-2.31645820535e-05,0,5.36597861714e-10
pzp_tails,15,-31.30640625,-0.000187798321565,0,3.52682095825e-08
pzp_tails,15,-30.99796875,-0.000348502460882,0,1.21453965241e-07
pzp_tails,15,-30.68953125,-0.000499912572798,0,2.49912580441e-07
pzp_tails,15,-30.38109375,-0.000636905940503,0,4.05649177048e-07
pzp_tails,15,-30.07265625,-0.000754772377248,0,5.69681341457e-07
pzp_tails,15,-29.76421875,-0.000849373439247,0,7.21435239299e-07
pzp_tails,15,-29.45578125,-0.000927800836987,0,8.60814393114e-07
pzp_tails,15,-29.14734375,-0.00102010485396,0,1.04061391308e-06
pzp_tails,15,-28.83890625,-0.00111537841608,0,1.24406901105e-06
pzp_tails,15,-28.53046875,-0.0012132259043,0,1.47191709486e-06
pzp_tails,15,-28.22203125,-0.00131323973512,0,1.72459860189e-06
pzp_tails,15,-27.91359375,-0.00141499301114,0,2.00220522157e-06
pzp_tails,15,-27.60515625,-0.00151803206462,0,2.30442134923e-06
pzp_tails,15,-27.29671875,-0.00162186883125,0,2.63045850578e-06
pzp_tails,15,-26.98828125,-0.00172597299124,0,2.97898276649e-06
pzp_tails,15,-26.67984375,-0.00182976381306,0,3.34803561158e-06
pzp_tails,15,-26.37140625,-0.00193260163111,0,3.73494906457e-06
pzp_tails,15,-26.06296875,-0.00202181633022,0,4.08774127315e-06
pzp_tails,15,-25.75453125,-0.00202700227143,0,4.10873820837e-06
pzp_tails,15,-25.44609375,-0.00195949628124,0,3.83962567621e-06
pzp_tails,15,-25.13765625,-0.00182122363879,0,3.31685554248e-06
pzp_tails,15,-24.82921875,-0.00161660677673,0,2.61341747057e-06
pzp_tails,15,-24.52078125,-0.00135242485935,0,1.82905300018e-06
pzp_tails,15,-24.21234375,-0.00103759118452,0,1.07659546619e-06
pzp_tails,15,-23.90390625,-0.000682855620322,0,4.66291798206e-07
pzp_tails,15,-23.59546875,-0.000300441872499,0,9.02653187507e-08
pzp_tails,15,-23.28703125,9.63683531096e-05,0,9.28685948106e-09
pzp_tails,15,-22.97859375,0.000493690357208,0,2.437301688e-07
pzp_tails,15,-22.67015625,0.000877515274985,0,7.70033057831e-07
pzp_tails,15,-22.36171875,0.00123419647583,0,1.52324094095e-06
pzp_tails,15,-22.05328125,0.00155092692642,0,2.4053743311e-06
pzp_tails,15,-21.74484375,0.00181619110792,0,3.29855014047e-06
pzp_tails,15,-21.43640625,0.00202017583167,0,4.08111039085e-06
pzp_tails,15,-21.12796875,0.00215512558447,0,4.64456628483e-06
pzp_tails,15,-20.81953125,0.00221562981384,0,4.90901547197e-06
pzp_tails,15,-20.51109375,0.00219883178034,0,4.83486119823e-06
pzp_tails,15,-20.20265625,0.00210455118597,0,4.42913569438e-06
pzp_tails,15,-19.89421875,0.00193531565167,0,3.7454466716e-06
pzp_tails,15,-19.58578125,0.00169629916899,0,2.87743087073e-06
pzp_tails,15,-19.27734375,0.00139516879096,0,1.94649595526e-06
pzp_tails,15,-18.96890625,0.00104184394989,0,1.08543881592e-06
pzp_tails,15,-18.66046875,0.000648175792327,0,4.20131857759e-07
pzp_tails,15,-18.35203125,0.000162423520176,0,2.63813999063e-08
pzp_tails,15,-18.04359375,-0.000394455985649,0,1.55595524615e-07
pzp_tails,15,-17.73515625,-0.000957535038121,0,9.16873349229e-07
pzp_tails,15,-17.42671875,-0.00152697449934,0,2.33165112165e-06
pzp_tails,15,-17.11828125,-0.00210286605606,0,4.42204564973e-06
pzp_tails,15,-16.80984375,-0.00268520497293,0,7.21032574663e-06
pzp_tails,15,-16.50140625,-0.00327385992892,0,1.07181588342e-05
pzp_tails,15,-16.19296875,-0.00379822852968,0,1.44265399637e-05
pzp_tails,15,-15.88453125,-0.00412454706586,0,1.70118884985e-05
pzp_tails,15,-15.57609375,-0.00431121654536,0,1.8586588101e-05
pzp_tails,15,-15.26765625,-0.00435090074827,0,1.89303373213e-05
pzp_tails,15,-14.95921875,-0.00424110973928,0,1.79870118206e-05
pzp_tails,15,-14.65078125,-0.00398431653196,0,1.58747782269e-05
pzp_tails,15,-14.34234375,-0.00358791323204,0,1.28731213606e-05
pzp_tails,15,-14.03390625,-0.00306400692816,0,9.38813845579e-06
pzp_tails,15,-13.72546875,-0.00242906070253,0,5.90033589657e-06
pzp_tails,15,-13.41703125,-0.0017033901043,0,2.90153784744e-06
pzp_tails,15,-13.10859375,-0.000910530108742,0,8.29065078927e-07
pzp_tails,15,-12.80015625,-7.64918270295e-05,0,5.85099960231e-09
pzp_tails,15,-12.49171875,0.000771068101232,0,5.94546016738e-07
pzp_tails,15,-12.18328125,0.00160373952706,0,2.57198047066e-06
pzp_tails,15,-11.87484375,0.00239328413517,0,5.72780895166e-06
pzp_tails,15,-11.56640625,0.00311256470847,0,9.68805906443e-06
pzp_tails,15,-11.25796875,0.00373644851133,0,1.39610474779e-05
pzp_tails,15,-10.94953125,0.00424265552412,0,1.80001258963e-05
pzp_tails,15,-10.64109375,0.00461252372379,0,2.12753751025e-05
pzp_tails,15,-10.33265625,0.00483166595724,0,2.33449959223e-05
pzp_tails,15,-10.02421875,0.00489049613022,0,2.39169523997e-05
pzp_tails,15,-9.71578125,0.00478460634469,0,2.28924578737e-05
pzp_tails,15,-9.40734375,0.00451498114508,0,2.03850547404e-05
pzp_tails,15,-9.09890625,0.00408804004569,0,1.67120714152e-05
pzp_tails,15,-8.79046875,0.00351550485467,0,1.23587743832e-05
pzp_tails,15,-8.48203125,0.00281409382252,0,7.91912404197e-06
pzp_tails,15,-8.17359375,0.00200505015442,0,4.02022612174e-06
pzp_tails,15,-7.86515625,0.00111351776439,0,1.23992181162e-06
pzp_tails,15,-7.55671875,0.000167782147386,0,2.81508489816e-08
pzp_tails,15,-7.24828125,-0.000801601257032,0,6.42564575276e-07
pzp_tails,15,-6.93984375,-0.00176276498361,0,3.10734038744e-06
pzp_tails,15,-6.63140625,-0.00268354443851,0,7.20141075346e-06
pzp_tails,15,-6.32296875,-0.00353251826959,0,1.2478685325e-05
pzp_tails,15,-6.01453125,-0.00428004146146,0,1.83187549119e-05
pzp_tails,15,-5.70609375,-0.00489923817142,0,2.40025346603e-05
pzp_tails,15,-5.39765625,-0.00536692211433,0,2.88038529813e-05
pzp_tails,15,-5.08921875,-0.00566441411358,0,3.20855872501e-05
pzp_tails,15,-4.78078125,-0.00577822921708,0,3.33879328851e-05
pzp_tails,15,-4.47234375,-0.00570060946095,0,3.24969482263e-05
pzp_tails,15,-4.16390625,-0.00542988284459,0,2.9483627706e-05
pzp_tails,15,-3.85546875,-0.00497063423423,0,2.47072046905e-05
pzp_tails,15,-3.54703125,-0.00433367958606,0,1.87807787547e-05
pzp_tails,15,-3.23859375,-0.00353584090783,0,1.25021709255e-05
pzp_tails,15,-2.93015625,-0.00259952557797,0,6.75753323053e-06
pzp_tails,15,-2.62171875,-0.00155211982593,0,2.40907595404e-06
pzp_tails,15,-2.31328125,-0.000425212154629,0,1.80805376444e-07
pzp_tails,15,-2.00484375,0.000746331929831,0,5.57011349486e-07
pzp_tails,15,-1.69640625,0.00192541750397,0,3.70723256458e-06
pzp_tails,15,-1.38796875,0.00307385947237,0,9.44861205586e-06
pzp_tails,15,-1.07953125,0.00415357941565,0,1.72522219621e-05
pzp_tails,15,-0.77109375,0.00512782357705,0,2.62945746373e-05
pzp_tails,15,-0.46265625,0.0059623642016,0,3.55497868725e-05
pzp_tails,15,-0.15421875,0.00662664626185,0,4.39124406797e-05
pzp_tails,15,0.15421875,0.00716734314127,0,5.13708077047e-05
pzp_tails,15,0.46265625,0.00781947400185,0,6.11441736656e-05
pzp_tails,15,0.77109375,0.00850377475934,0,7.23141851576e-05
pzp_tails,15,1.07953125,0.00921325447913,0,8.48840580972e-05
pzp_tails,15,1.38796875,0.0099405411474,0,9.88143583031e-05
pzp_tails,15,1.69640625,0.0106777237626,0,0.000114013784751
pzp_tails,15,2.00484375,0.0114161895212,0,0.000130329383184
pzp_tails,15,2.31328125,0.012146455622,0,0.000147536384177
pzp_tails,15,2.62171875,0.0128579954499,0,0.00016532804699
pzp_tails,15,2.93015625,0.0135390591752,0,0.000183306123349
pzp_tails,15,3.23859375,0.0141764891303,0,0.000200972844062
pzp_tails,15,3.54703125,0.0146870685312,0,0.000215709982039
pzp_tails,15,3.85546875,0.0145630052314,0,0.000212081121371
pzp_tails,15,4.16390625,0.0138682222701,0,0.000192327588932
pzp_tails,15,4.47234375,0.0126190712957,0,0.000159240960366
pzp_tails,15,4.78078125,0.010852493539,0,0.000117776616014
pzp_tails,15,5.08921875,0.00862500092746,0,7.43906409986e-05
pzp_tails,15,5.39765625,0.00601096569295,0,3.61317085618e-05
pzp_tails,15,5.70609375,0.0031002676499,0,9.611659501e-06
pzp_tails,15,6.01453125,-4.63004119946e-06,0,2.14372815087e-11
pzp_tails,15,6.32296875,-0.0031920862351,0,1.01894145323e-05
pzp_tails,15,6.63140625,-0.00634506101936,0,4.02597993395e-05
pzp_tails,15,6.93984375,-0.00934514789037,0,8.7331789093e-05
pzp_tails,15,7.24828125,-0.0120767280687,0,0.000145847360844
pzp_tails,15,7.55671875,-0.0144311102677,0,0.000208256943559
pzp_tails,15,7.86515625,-0.0163105176441,0,0.000266032985819
pzp_tails,15,8.17359375,-0.0176317864448,0,0.000310879893235
pzp_tails,15,8.48203125,-0.0183296479941,0,0.000335975995586
pzp_tails,15,8.79046875,-0.0183594769521,0,0.000337070393955
pzp_tails,15,9.09890625,-0.0176994039335,0,0.000313268899602
pzp_tails,15,9.40734375,-0.0163517091697,0,0.000267378392772
pzp_tails,15,9.71578125,-0.0143434354061,0,0.00020573413925
pzp_tails,15,10.02421875,-0.0117261820151,0,0.000137503344651
pzp_tails,15,10.33265625,-0.00857506767652,0,7.3531785657e-05
pzp_tails,15,10.64109375,-0.00498687517027,0,2.48689239639e-05
pzp_tails,15,10.94953125,-0.00107741804776,0,1.16082964963e-06
pzp_tails,15,11.25796875,0.0036565734427,0,1.33705293418e-05
pzp_tails,15,11.56640625,0.00922370602998,0,8.50767529274e-05
pzp_tails,15,11.87484375,0.01498721111,0,0.000224616496856
pzp_tails,15,12.18328125,0.0209430190669,0,0.000438610047636
pzp_tails,15,12.49171875,0.0270834514125,0,0.000733513340412
pzp_tails,15,12.80015625,0.0333954439629,0,0.00111525567748
pzp_tails,15,13.10859375,0.0398584931353,0,0.00158869947502
pzp_tails,15,13.41703125,0.0456638562939,0,0.00208518777163
pzp_tails,15,13.72546875,0.0491670337772,0,0.00241739721045
pzp_tails,15,14.03390625,0.0509885556004,0,0.00259983280222
pzp_tails,15,14.34234375,0.0510177858539,0,0.00260281447343
pzp_tails,15,14.65078125,0.049195681947,0,0.00242021512223
pzp_tails,15,14.95921875,0.0455178921844,0,0.00207187850891
pzp_tails,15,15.26765625,0.0400365183791,0,0.00160292280392
pzp_tails,15,15.57609375,0.0328604758189,0,0.00107981087104
pzp_tails,15,15.88453125,0.0241544156972,0,0.000583435797675
pzp_tails,15,16.19296875,0.014136209252,0,0.000199832412017
pzp_tails,15,16.50140625,0.00307302749544,0,9.44349798772e-06
pzp_tails,15,16.80984375,-0.00872391524141,0,7.61066971393e-05
pzp_tails,15,17.11828125,-0.0209058525298,0,0.000437054669999
pzp_tails,15,17.42671875,-0.0330940591676,0,0.00109521675219
pzp_tails,15,17.73515625,-0.0448883854302,0,0.00201496714653
pzp_tails,15,18.04359375,-0.0558765460131,0,0.00312218839436
pzp_tails,15,18.35203125,-0.0656439564613,0,0.00430912901989
pzp_tails,15,18.66046875,-0.0737838935673,0,0.00544406294995
pzp_tails,15,18.96890625,-0.0799077449957,0,0.00638524771029
pzp_tails,15,19.27734375,-0.0836551075929,0,0.00699817702638
pzp_tails,15,19.58578125,-0.0847034936659,0,0.0071746818392
pzp_tails,15,19.89421875,-0.0827774100256,0,0.00685209961055
pzp_tails,15,20.20265625,-0.0776565857275,0,0.00603054530686
pzp_tails,15,20.51109375,-0.0691831409833,0,0.00478630699632
pzp_tails,15,20.81953125,-0.0572675113428,0,0.0032795678554
pzp_tails,15,21.12796875,-0.0418929674746,0,0.00175502072383
pzp_tails,15,21.43640625,-0.0231186011373,0,0.000534469718545
pzp_tails,15,21.74484375,-0.00108068155092,0,1.16787261449e-06
pzp_tails,15,22.05328125,0.0240076774198,0,0.000576368575095
pzp_tails,15,22.36171875,0.0518585609026,0,0.00268931033889
pzp_tails,15,22.67015625,0.0821129902759,0,0.00674254317204
pzp_tails,15,22.97859375,0.114346298056,0,0.013075075879
pzp_tails,15,23.28703125,0.14807504657,0,0.0219262194166
pzp_tails,15,23.59546875,0.182765360568,0,0.0334031770236
pzp_tails,15,23.90390625,0.217842510616,0,0.0474553594316
pzp_tails,15,24.21234375,0.252701554291,0,0.0638580755413
pzp_tails,15,24.52078125,0.286718816602,0,0.0822076797936
pzp_tails,15,24.82921875,0.319263970271,0,0.101929482713
pzp_tails,15,25.13765625,0.349712461073,0,0.12229880543
pzp_tails,15,25.44609375,0.377458013704,0,0.14247455211
pzp_tails,15,25.75453125,0.401924949872,0,0.16154366533
pzp_tails,15,26.06296875,0.422580052648,0,0.178573900896
pzp_tails,15,26.37140625,0.438943719424,0,0.192671588822
pzp_tails,15,26.67984375,0.450600160048,0,0.203040504235
pzp_tails,15,26.98828125,0.457206416445,0,0.209037707239
pzp_tails,15,27.29671875,0.45850000486,0,0.210222254456
pzp_tails,15,27.60515625,0.45430501122,0,0.20639304322
pzp_tails,15,27.91359375,0.444536503327,0,0.19761270279
pzp_tails,15,28.22203125,0.429203159849,0,0.184215352424
pzp_tails,15,28.53046875,0.408408054667,0,0.166797139117
pzp_tails,15,28.83890625,0.382347574989,0,0.1461896681
pzp_tails,15,29.14734375,0.351308492009,0,0.123417656558
pzp_tails,15,29.45578125,0.31566324275,0,0.0996432828237
pzp_tails,15,29.76421875,0.269700503462,0,0.0727383615674
pzp_tails,15,30.07265625,0.225201332031,0,0.0507156399486
pzp_tails,15,30.38109375,0.187092301183,0,0.035003529162
pzp_tails,15,30.68953125,0.154336908202,0,0.0238198812334
pzp_tails,15,30.99796875,0.126066036379,0,0.0158926455284
pzp_tails,15,31.30640625,0.10155102099,0,0.0103126098641
pzp_tails,15,31.61484375,0.0801814258603,0,0.00642906105299
pzp_tails,15,31.92328125,0.0614467863553,0,0.00377570755339
pzp_tails,15,32.23171875,0.0449217148117,0,0.00201796046162
pzp_tails,15,32.54015625,0.0302538834026,0,0.000915297460939
pzp_tails,15,32.84859375,0.0171545015803,0,0.000294276924468
pzp_tails,15,33.15703125,0.00678183634882,0,4.59933042622e-05
pzp_tails,15,33.46546875,-0.0015380384388,0,2.36556223923e-06
pzp_tails,15,33.77390625,-0.00901605694549,0,8.12892828442e-05
pzp_tails,15,34.08234375,-0.015502834856,0,0.000240337888571
pzp_tails,15,34.39078125,-0.0208827384461,0,0.000436088765007
pzp_tails,15,34.69921875,-0.025076077561,0,0.000628809665847
pzp_tails,15,35.00765625,-0.028040220056,0,0.00078625394079
pzp_tails,15,35.31609375,-0.0297696149192,0,0.000886229972437
pzp_tails,15,35.62453125,-0.0302947430228,0,0.00091777145482
pzp_tails,15,35.93296875,-0.0296800452883,0,0.000880905088318
pzp_tails,15,36.24140625,-0.0280209071212,0,0.000785171235892
pzp_tails,15,36.54984375,-0.0254398044448,0,0.000647183650189
pzp_tails,15,36.85828125,-0.0220817397899,0,0.000487603232149
pzp_tails,15,37.16671875,-0.0181091160319,0,0.000327940083455
pzp_tails,15,37.47515625,-0.0136962099901,0,0.000187586168093
pzp_tails,15,37.78359375,-0.00902341781579,0,8.14220690784e-05
pzp_tails,15,38.09203125,-0.00427144865322,0,1.82452735971e-05
pzp_tails,15,38.40046875,0.000384357628173,0,1.47730786335e-07
pzp_tails,15,38.70890625,0.00477941871144,0,2.28428432193e-05
pzp_tails,15,39.01734375,0.0087648450559,0,7.68225088539e-05
pzp_tails,15,39.32578125,0.0122117784826,0,0.000149127533709
pzp_tails,15,39.63421875,0.0150150101528,0,0.000225450529889
pzp_tails,15,39.94265625,0.0170957771136,0,0.000292265595119
pzp_tails,15,40.25109375,0.0184036625541,0,0.000338694795406
pzp_tails,15,40.55953125,0.0189175529142,0,0.000357873808261
pzp_tails,15,40.86796875,0.01860352737,0,0.000346091230605
pzp_tails,15,41.17640625,0.0181203033785,0,0.000328345394528
pzp_tails,15,41.48484375,0.0175512624372,0,0.000308046813138
pzp_tails,15,41.79328125,0.0169332606775,0,0.000286735317171
pzp_tails,15,42.10171875,0.0162994630506,0,0.000265672495737
pzp_tails,15,42.41015625,0.0156800323488,0,0.00024586341446
pzp_tails,15,42.71859375,0.0151027782889,0,0.000228093912042
pzp_tails,15,43.02703125,0.014653949301,0,0.000214738230116
pzp_tails,15,43.33546875,0.0138248588668,0,0.000191126722688
pzp_tails,15,43.64390625,0.0125958526507,0,0.000158655503998
pzp_tails,15,43.95234375,0.0110183885659,0,0.000121404886589
pzp_tails,15,44.26078125,0.00915299366401,0,8.37772930133e-05
pzp_tails,15,44.56921875,0.00706718074417,0,4.99450436707e-05
pzp_tails,15,44.87765625,0.00483320894352,0,2.33599086917e-05
pzp_tails,15,45.18609375,0.00252575808206,0,6.37945388911e-06
pzp_tails,15,45.49453125,0.000219587708207,0,4.82187615955e-08
pzp_tails,15,45.80296875,-0.0020127491355,0,4.05115908245e-06
pzp_tails,15,46.11140625,-0.00410307037546,0,1.6835186506e-05
pzp_tails,15,46.41984375,-0.00598954544014,0,3.58746545795e-05
pzp_tails,15,46.72828125,-0.00761843634742,0,5.80405723796e-05
pzp_tails,15,47.03671875,-0.00894555200364,0,8.00229006499e-05
pzp_tails,15,47.34515625,-0.00993737781132,0,9.8751477765e-05
pzp_tails,15,47.65359375,-0.0105718530915,0,0.000111764077787
pzp_tails,15,47.96203125,-0.010838779884,0,0.000117479149374
pzp_tails,15,48.27046875,-0.0107398580589,0,0.000115344551125
pzp_tails,15,48.57890625,-0.0102883530086,0,0.00010585020763
pzp_tails,15,48.88734375,-0.00950841316802,0,9.04099209738e-05
pzp_tails,15,49.19578125,-0.008434064892,0,7.11334506025e-05
pzp_tails,15,49.50421875,-0.00710792152585,0,5.05225484176e-05
pzp_tails,15,49.81265625,-0.00557965155718,0,3.11325114996e-05
pzp_tails,15,50.12109375,-0.00390425732261,0,1.52432252412e-05
pzp_tails,15,50.42953125,-0.00214022067675,0,4.58054454518e-06
pzp_tails,15,50.73796875,-0.000347575190679,0,1.20808513176e-07
pzp_tails,15,51.04640625,0.00141403424035,0,1.99949283287e-06
pzp_tails,15,51.35484375,0.00308724405113,0,9.53107583124e-06
pzp_tails,15,51.66328125,0.00461875896771,0,2.13329344018e-05
pzp_tails,15,51.97171875,0.0059609794242,0,3.55332756958e-05
pzp_tails,15,52.28015625,0.00707342127251,0,5.00332884984e-05
pzp_tails,15,52.58859375,0.00792388670514,0,6.27879805158e-05
pzp_tails,15,52.89703125,0.00848935355843,0,7.20691238401e-05
pzp_tails,15,53.20546875,0.00875655931203,0,7.66773309852e-05
pzp_tails,15,53.51390625,0.00872226586248,0,7.60779217758e-05
pzp_tails,15,53.82234375,0.00839320122235,0,7.04458267589e-05
pzp_tails,15,54.13078125,0.00778568437105,0,6.06168811257e-05
pzp_tails,15,54.43921875,0.00692494925354,0,4.7954922164e-05
pzp_tails,15,54.74765625,0.00584419309388,0,3.41545929185e-05
pzp_tails,15,55.05609375,0.00458338248864,0,2.10073950372e-05
pzp_tails,15,55.36453125,0.00318785792492,0,1.01624381495e-05
pzp_tails,15,55.67296875,0.00170678322159,0,2.9131089655e-06
pzp_tails,15,55.98140625,0.000191490752222,0,3.66687081867e-08
pzp_tails,15,56.28984375,-0.00130622394587,0,1.70622099677e-06
pzp_tails,15,56.59828125,-0.00273580351014,0,7.48462084611e-06
pzp_tails,15,56.90671875,-0.00404957201358,0,1.63990334932e-05
pzp_tails,15,57.21515625,-0.00520426843357,0,2.70844099286e-05
pzp_tails,15,57.52359375,-0.00616242251137,0,3.79754512086e-05
pzp_tails,15,57.83203125,-0.00689353053664,0,4.75207632595e-05
pzp_tails,15,58.14046875,-0.00737499522253,0,5.43905545323e-05
pzp_tails,15,58.44890625,-0.00759280153587,0,5.76506351631e-05
pzp_tails,15,58.75734375,-0.00754190886842,0,5.68803893795e-05
pzp_tails,15,59.06578125,-0.0072263490129,0,5.22201200563e-05
pzp_tails,15,59.37421875,-0.00657117879272,0,4.31803907258e-05
pzp_tails,15,59.68265625,-0.00582975798442,0,3.3986078157e-05
pzp_tails,15,59.99109375,-0.00509207280143,0,2.5929205415e-05
pzp_tails,15,60.29953125,-0.0043597685408,0,1.90075817294e-05
pzp_tails,15,60.60796875,-0.00363407379795,0,1.32064923689e-05
pzp_tails,15,60.91640625,-0.00291586759037,0,8.50228380456e-06
pzp_tails,15,61.22484375,-0.00220574002202,0,4.86528904474e-06
pzp_tails,15,61.53328125,-0.00150404709192,0,2.26215765472e-06
pzp_tails,15,61.84171875,-0.000810960186598,0,6.57656424247e-07
pzp_tails,15,62.15015625,-0.000126510729587,0,1.60049647006e-08
pzp_tails,15,62.45859375,0.000549369608347,0,3.01806966575e-07
pzp_tails,15,62.76703125,0.00113789858399,0,1.29481318745e-06
pzp_tails,15,63.07546875,0.00160163273706,0,2.56522742443e-06
pzp_tails,15,63.38390625,0.0020036878093,0,4.01476483716e-06
pzp_tails,15,63.69234375,0.00233061043589,0,5.43174500389e-06
pzp_tails,15,64.00078125,0.00257173249072,0,6.61380800381e-06
pzp_tails,15,64.30921875,0.00271951046327,0,7.39573715985e-06
pzp_tails,15,64.61765625,0.00276975356855,0,7.67153483052e-06
pzp_tails,15,64.92609375,0.00272173393875,0,7.40783563335e-06
pzp_tails,15,65.23453125,0.00257817630448,0,6.64699305701e-06
pzp_tails,15,65.54296875,0.00234512868253,0,5.49962853763e-06
pzp_tails,15,65.85140625,0.00203171960871,0,4.12788456841e-06
pzp_tails,15,66.15984375,0.00164981125549,0,2.72187717875e-06
pzp_tails,15,66.46828125,0.00121356122863,0,1.47273085563e-06
pzp_tails,15,66.77671875,0.000738908832977,0,5.45986263451e-07
pzp_tails,15,67.08515625,0.000243004038091,0,5.90509625283e-08
pzp_tails,15,67.39359375,-0.000256400818834,0,6.57413798986e-08
pzp_tails,15,67.70203125,-0.000741575436996,0,5.49934128756e-07
pzp_tails,15,68.01046875,-0.00119543051145,0,1.4290541077e-06
pzp_tails,15,68.31890625,-0.00160211003086,0,2.56675655098e-06
pzp_tails,15,68.62734375,-0.00194753674576,0,3.79289937609e-06
pzp_tails,15,68.93578125,-0.00221989236373,0,4.92792210657e-06
pzp_tails,15,69.24421875,-0.00241001636593,0,5.80817888403e-06
pzp_tails,15,69.55265625,-0.00251171020863,0,6.30868817212e-06
pzp_tails,15,69.86109375,-0.00252193697546,0,6.36016610818e-06
pzp_tails,15,70.16953125,-0.00244091016685,0,5.95804244263e-06
pzp_tails,15,70.47796875,-0.00224592397034,0,5.04417448054e-06
pzp_tails,15,70.78640625,-0.00202189067135,0,4.08804188687e-06
pzp_tails,15,71.09484375,-0.00179598764614,0,3.22557162508e-06
pzp_tails,15,71.40328125,-0.00156916038529,0,2.46226431475e-06
pzp_tails,15,71.71171875,-0.00134228089015,0,1.80171798805e-06
pzp_tails,15,72.02015625,-0.0011161602764,0,1.2458137626e-06
pzp_tails,15,72.32859375,-0.000891560804517,0,7.94880668151e-07
pzp_tails,15,72.63703125,-0.000695497034398,0,4.83716124857e-07
pzp_tails,15,72.94546875,-0.000503735618043,0,2.53749572885e-07
pzp_tails,15,73.25390625,-0.000296973112814,0,8.81930297346e-08
pzp_tails,15,73.56234375,-8.2624906718e-05,0,6.82687521017e-09
pzp_tails,15,73.87078125,0.000131725282712,0,1.73515501056e-08
pzp_tails,15,74.17921875,0.000338588958929,0,1.14642483109e-07
pzp_tails,15,74.48765625,0.000530830080743,0,2.81780574622e-07
pzp_tails,15,74.79609375,0.000701907276256,0,4.92673824461e-07
pzp_tails,15,75.10453125,0.000846092933022,0,7.1587325131e-07
pzp_tails,15,75.41296875,0.000958661929447,0,9.19032694971e-07
pzp_tails,15,75.72140625,0.00103604387655,0,1.07338691414e-06
pzp_tails,15,76.02984375,0.00107593403977,0,1.15763405794e-06
pzp_tails,15,76.33828125,0.00107735956201,0,1.16070362585e-06
pzp_tails,15,76.64671875,0.00104069916147,0,1.08305474469e-06
pzp_tails,15,76.95515625,0.000967656078038,0,9.36358285365e-07
pzp_tails,15,77.26359375,0.000861185635336,0,7.41640698509e-07
pzp_tails,15,77.57203125,0.00072538031942,0,5.26176607802e-07
pzp_tails,15,77.88046875,0.000565316697152,0,3.19582968079e-07
pzp_tails,15,78.18890625,0.000386869761466,0,1.49668212337e-07
pzp_tails,15,78.49734375,0.000196501355167,0,3.86127825823e-08
pzp_tails,15,78.80578125,1.03015539859e-06,0,1.06122014523e-12
pzp_tails,15,79.11421875,-0.000192608728855,0,3.70981224312e-08
pzp_tails,15,79.42265625,-0.000377606201235,0,1.42586443211e-07
pzp_tails,15,79.73109375,-0.000547515312303,0,2.99773017206e-07
pzp_tails,15,80.03953125,-0.000696473008224,0,4.85074651184e-07
pzp_tails,15,80.34796875,-0.000819399967629,0,6.7141630695e-07
pzp_tails,15,80.65640625,-0.00091217180191,0,8.320573962e-07
pzp_tails,15,80.96484375,-0.000971755919213,0,9.44309566525e-07
pzp_tails,15,81.27328125,-0.000996309564936,0,9.92632749183e-07
pzp_tails,15,81.58171875,-0.000985235909454,0,9.70689797279e-07
pzp_tails,15,81.89015625,-0.000939196510307,0,8.82090084972e-07
pzp_tails,15,82.19859375,-0.000860079981353,0,7.39737574324e-07
pzp_tails,15,82.50703125,-0.000750928204169,0,5.63893167816e-07
pzp_tails,15,82.81546875,-0.000615822866321,0,3.79237802683e-07
pzp_tails,15,83.12390625,-0.000459736458253,0,2.11357611047e-07
pzp_tails,15,83.43234375,-0.000288353060213,0,8.31474873344e-08
pzp_tails,15,83.74078125,-0.000107865262807,0,1.16349149204e-08
pzp_tails,15,84.04921875,7.52456439976e-05,0,5.66190694061e-09
pzp_tails,15,84.35765625,0.000254438534335,0,6.47389677547e-08
pzp_tails,15,84.66609375,0.000423342403475,0,1.7921879058e-07
pzp_tails,15,84.97453125,0.000575979452642,0,3.31752329865e-07
pzp_tails,15,85.28296875,0.000706973601247,0,4.9981167286e-07
pzp_tails,15,85.59140625,0.000811737253844,0,6.58917369278e-07
pzp_tails,15,85.89984375,0.000886629920443,0,7.86112615825e-07
pzp_tails,15,86.20828125,0.000929083276782,0,8.63195735197e-07
pzp_tails,15,86.51671875,0.000937688421633,0,8.79259576065e-07
pzp_tails,15,86.82515625,0.000912242400964,0,8.32186198116e-07
pzp_tails,15,87.13359375,0.000853752478801,0,7.28893295059e-07
pzp_tails,15,87.44203125,0.000764398093785,0,5.84304445783e-07
pzp_tails,15,87.75046875,0.000647451898954,0,4.19193961459e-07
pzp_tails,15,88.05890625,0.000507162690597,0,2.57213994733e-07
pzp_tails,15,88.36734375,0.00034860434222,0,1.21524987415e-07
pzp_tails,15,88.67578125,0.000177496027309,0,3.15048397104e-08
bloch_wannier,11,-59.06578125,0.000348762610109,1.6862829229e-16,1.2163535821e-07
bloch_wannier,11,-58.75734375,0.000320866737716,1.52233138775e-16,1.02955463373e-07
bloch_wannier,11,-58.44890625,0.000294164886863,1.15534847886e-16,8.65329806629e-08
bloch_wannier,11,-58.14046875,0.000268571600878,9.75776438351e-17,7.2130704798e-08
bloch_wannier,11,-57.83203125,0.000244007377214,1.01094631322e-16,5.95396001348e-08
bloch_wannier,11,-57.52359375,0.000220398262156,6.16628667193e-17,4.85753939615e-08
bloch_wannier,11,-57.21515625,0.000197675613081,1.42269297374e-17,3.90756480068e-08
bloch_wannier,11,-56.90671875,0.000175776015553,-8.12320070621e-18,3.08972076436e-08
bloch_wannier,11,-56.59828125,0.000154641348031,-7.22507335371e-17,2.39139465209e-08
bloch_wannier,11,-56.28984375,0.000134218992058,-7.73239803071e-17,1.80147378291e-08
bloch_wannier,11,-55.98140625,0.000114462190777,-1.29250365082e-16,1.31015931176e-08
bloch_wannier,11,-55.67296875,9.75925650644e-05,-1.25734319911e-16,9.52430875585e-09
bloch_wannier,11,-55.36453125,8.00479408922e-05,-1.1558067574e-16,6.40767284108e-09
bloch_wannier,11,-55.05609375,6.01454214119e-05,-3.5928042338e-17,3.61747171681e-09
bloch_wannier,11,-54.74765625,3.85362024306e-05,-5.15430814712e-17,1.48503889777e-09
bloch_wannier,11,-54.43921875,1.59225988653e-05,-6.0910923403e-17,2.53529154624e-10
bloch_wannier,11,-54.13078125,-6.96449148477e-06,-8.58964173416e-17,4.85041416415e-11
bloch_wannier,11,-53.82234375,-2.93889715452e-05,-4.37259202869e-17,8.63711648482e-10
bloch_wannier,11,-53.51390625,-5.06330334474e-05,1.25003491576e-17,2.56370407609e-09
bloch_wannier,11,-53.20546875,-7.00200070844e-05,7.26308125492e-17,4.90280139209e-09
bloch_wannier,11,-52.89703125,-8.6935845106e-05,1.1167709789e-16,7.55784116429e-09
bloch_wannier,11,-52.58859375,-0.000100848564673,1.20268528731e-16,1.01704329967e-08
bloch_wannier,11,-52.28015625,-0.000111325031625,9.76241677546e-17,1.23932626664e-08
bloch_wannier,11,-51.97171875,-0.000118044557386,1.30422130208e-16,1.39345175285e-08
bloch_wannier,11,-51.66328125,-0.00012080888029,9.60635606411e-17,1.45947855568e-08
bloch_wannier,11,-51.35484375,-0.000119548217806,7.02942251808e-17,1.42917763805e-08
bloch_wannier,11,-51.04640625,-0.000114323200867,1.79743388783e-17,1.30697942565e-08
bloch_wannier,11,-50.73796875,-0.000105322632127,-1.01385972721e-17,1.10928568381e-08
bloch_wannier,11,-50.42953125,-9.28571424853e-05,-2.18533879787e-17,8.62244891054e-09
bloch_wannier,11,-50.12109375,-7.73489503838e-05,-7.3393649332e-17,5.98286012547e-09
bloch_wannier,11,-49.81265625,-5.93180521268e-05,-1.10097418403e-16,3.51863130812e-09
bloch_wannier,11,-49.50421875,-3.93652849165e-05,-1.59295571235e-16,1.54962565656e-09
bloch_wannier,11,-49.19578125,-1.81528038197e-05,-1.74915854514e-16,3.29524286517e-10
bloch_wannier,11,-48.88734375,3.61740362668e-06,-1.66328793571e-16,1.30856089983e-11
bloch_wannier,11,-48.57890625,2.52262786467e-05,-1.61646134245e-16,6.3636513436e-10
bloch_wannier,11,-48.27046875,4.59610006112e-05,-1.75704590466e-16,2.11241357718e-09
bloch_wannier,11,-47.96203125,6.81076866938e-05,-1.71021997003e-16,4.63865698679e-09
bloch_wannier,11,-47.65359375,9.33283547249e-05,-9.91837323472e-17,8.71018179566e-09
bloch_wannier,11,-47.34515625,0.000118710129559,-8.6042648226e-18,1.409209486e-08
bloch_wannier,11,-47.03671875,0.000144306610304,7.72898707584e-17,2.08243977774e-08
bloch_wannier,11,-46.72828125,0.000170167743171,1.46785404155e-16,2.8957060816e-08
bloch_wannier,11,-46.41984375,0.000196339265052,2.35803006413e-16,3.85491070012e-08
bloch_wannier,11,-46.11140625,0.000222862122639,3.18573491446e-16,4.96675257073e-08
bloch_wannier,11,-45.80296875,0.000246590226138,3.85726633238e-16,6.0806739627e-08
bloch_wannier,11,-45.49453125,0.000258881513657,4.18522267538e-16,6.70196381135e-08
bloch_wannier,11,-45.18609375,0.000262492798839,4.59127807581e-16,6.89024694424e-08
bloch_wannier,11,-44.87765625,0.00025728584861,4.15398925851e-16,6.6196007895e-08
bloch_wannier,11,-44.56921875,0.000243414213302,4.15400624636e-16,5.92504792375e-08
bloch_wannier,11,-44.26078125,0.000221318924361,3.68550274031e-16,4.89820662803e-08
bloch_wannier,11,-43.95234375,0.000191714810857,2.37365341295e-16,3.67545687018e-08
bloch_wannier,11,-43.64390625,0.000155567851483,1.74899026024e-16,2.42013564151e-08
bloch_wannier,11,-43.33546875,0.000114064267502,8.74450699517e-17,1.30106571207e-08
bloch_wannier,11,-43.02703125,6.85723290948e-05,-9.37900898787e-18,4.70216431748e-09
bloch_wannier,11,-42.71859375,2.05980844046e-05,-7.18438758343e-17,4.24281081139e-10
bloch_wannier,11,-42.41015625,-2.82635805426e-05,-1.43679245303e-16,7.98829985086e-10
bloch_wannier,11,-42.10171875,-7.63809880722e-05,-1.81155797818e-16,5.83405533888e-09
bloch_wannier,11,-41.79328125,-0.000122139152851,-2.74856307054e-16,1.49179726593e-08
bloch_wannier,11,-41.48484375,-0.000163992982512,-3.18580700836e-16,2.68936983133e-08
bloch_wannier,11,-41.17640625,-0.00020051847568,-3.62305747151e-16,4.0207659089e-08
bloch_wannier,11,-40.86796875,-0.000230460254792,-3.49807931942e-16,5.3111929039e-08
bloch_wannier,11,-40.55953125,-0.000252773880878,-3.4980519931e-16,6.38946348541e-08
bloch_wannier,11,-40.25109375,-0.00026666155707,-3.18568127562e-16,7.11083860191e-08
bloch_wannier,11,-39.94265625,-0.00027160003233,-2.81085077575e-16,7.37665775615e-08
bloch_wannier,11,-39.63421875,-0.00026735976023,-2.18614854862e-16,7.14812413905e-08
bloch_wannier,11,-39.32578125,-0.000254014642306,-1.6239282137e-16,6.45234385057e-08
bloch_wannier,11,-39.01734375,-0.000231941982754,-1.49901376092e-16,5.37970833641e-08
bloch_wannier,11,-38.70890625,-0.000201812592016,-8.74343238812e-17,4.07283222963e-08
bloch_wannier,11,-38.40046875,-0.000164571291079,-2.49681426283e-17,2.70837098475e-08
bloch_wannier,11,-38.09203125,-0.000121408376494,-2.49734285608e-17,1.47399938829e-08
bloch_wannier,11,-37.78359375,-7.37228981571e-05,4.99856220487e-17,5.43506571268e-09
bloch_wannier,11,-37.47515625,-2.30788687229e-05,1.81167978137e-16,5.32634181528e-10
bloch_wannier,11,-37.16671875,2.88442435593e-05,2.68620658186e-16,8.31990386505e-10
bloch_wannier,11,-36.85828125,8.03051952432e-05,2.37378985038e-16,6.44892438305e-09
bloch_wannier,11,-36.54984375,0.000129557134075,2.49867101815e-16,1.67850509898e-08
bloch_wannier,11,-36.24140625,0.000174904472709,3.31073512964e-16,3.05915745737e-08
bloch_wannier,11,-35.93296875,0.00021475865532,3.62304003232e-16,4.6121280035e-08
bloch_wannier,11,-35.62453125,0.00024769102404,2.93582153984e-16,6.13508433898e-08
bloch_wannier,11,-35.31609375,0.000272481070323,2.6859082128e-16,7.42459336843e-08
bloch_wannier,11,-35.00765625,0.000288158489253,1.31153268956e-16,8.30353149288e-08
bloch_wannier,11,-34.69921875,0.000294037638578,5.6187658572e-17,8.64581329008e-08
bloch_wannier,11,-34.39078125,0.000289743233555,4.36940360855e-17,8.39511413911e-08
bloch_wannier,11,-34.08234375,0.000275226376521,2.49545912887e-17,7.5749558333e-08
bloch_wannier,11,-33.77390625,0.000250770318407,4.36988088911e-17,6.28857525939e-08
bloch_wannier,11,-33.46546875,0.000216985669002,-3.75090182787e-17,4.70827805522e-08
bloch_wannier,11,-33.15703125,0.00017479510382,-1.15592278921e-16,3.05533283194e-08
bloch_wannier,11,-32.84859375,0.000125407947595,-1.18709767838e-16,1.57271533199e-08
bloch_wannier,11,-32.54015625,7.02853373893e-05,-1.59308999564e-16,4.94002865193e-09
bloch_wannier,11,-32.23171875,1.10969718123e-05,-8.12133235831e-17,1.23142783403e-10
bloch_wannier,11,-31.92328125,-5.03292726837e-05,-1.40553005935e-16,2.53303568887e-09
bloch_wannier,11,-31.61484375,-0.000112063340857,-1.7490435379e-16,1.25581923641e-08
bloch_wannier,11,-31.30640625,-0.000172132904472,-1.65526386091e-16,2.96297368019e-08
bloch_wannier,11,-30.99796875,-0.000228585327045,-1.71766546863e-16,5.22512517401e-08
bloch_wannier,11,-30.68953125,-0.000279549757244,-1.40524934522e-16,7.81480667751e-08
bloch_wannier,11,-30.38109375,-0.000323297397772,-1.34272502781e-16,1.04521207406e-07
bloch_wannier,11,-30.07265625,-0.000358298034604,-5.9303326043e-17,1.28377481601e-07
bloch_wannier,11,-29.76421875,-0.000383271009663,-2.65031281872e-17,1.46896666848e-07
bloch_wannier,11,-29.45578125,-0.00039939037738,-6.19816298497e-18,1.59512673544e-07
bloch_wannier,11,-29.14734375,-0.000420428241752,7.86033035967e-18,1.76759906463e-07
bloch_wannier,11,-28.83890625,-0.000443961741757,4.84691946802e-17,1.97102028143e-07
bloch_wannier,11,-28.53046875,-0.000469758817095,7.34606507096e-17,2.20673346239e-07
bloch_wannier,11,-28.22203125,-0.00049761036567,8.04920200152e-17,2.47616076023e-07
bloch_wannier,11,-27.91359375,-0.000527324532214,1.04703071475e-16,2.78071162275e-07
bloch_wannier,11,-27.60515625,-0.000558721608068,1.37504056056e-16,3.12169835322e-07
bloch_wannier,11,-27.29671875,-0.000591629446266,1.40631623204e-16,3.50025401689e-07
bloch_wannier,11,-26.98828125,-0.000625879316021,1.60157924477e-16,3.91724918223e-07
bloch_wannier,11,-26.67984375,-0.000661302138616,1.54696072597e-16,4.37320518538e-07
bloch_wannier,11,-26.37140625,-0.000697725063076,1.82031482743e-16,4.86820263644e-07
bloch_wannier,11,-26.06296875,-0.000730564946268,1.5548543912e-16,5.33725140716e-07
bloch_wannier,11,-25.75453125,-0.000734108899418,1.29716692055e-16,5.38915876205e-07
bloch_wannier,11,-25.44609375,-0.000712502453426,3.9131470133e-17,5.07659746138e-07
bloch_wannier,11,-25.13765625,-0.000666341530901,1.88228259014e-17,4.44011035804e-07
bloch_wannier,11,-24.82921875,-0.000597060219387,4.69261752864e-17,3.56480905575e-07
bloch_wannier,11,-24.52078125,-0.000506886968899,7.19034290469e-17,2.5693439924e-07
bloch_wannier,11,-24.21234375,-0.000398773938309,7.18901890192e-17,1.59020653875e-07
bloch_wannier,11,-23.90390625,-0.000276301697322,4.84486622465e-17,7.63426279429e-08
bloch_wannier,11,-23.59546875,-0.000143562314183,9.38819261239e-18,2.06101380535e-08
bloch_wannier,11,-23.28703125,-5.02458768815e-06,-2.9672987114e-17,2.52464814359e-11
bloch_wannier,11,-22.97859375,0.000134614208616,-5.78019218331e-17,1.81209851613e-08
bloch_wannier,11,-22.67015625,0.000270585232218,-7.49980275302e-17,7.32163678946e-08
bloch_wannier,11,-22.36171875,0.000398208474983,-1.18743176268e-16,1.58569989548e-07
bloch_wannier,11,-22.05328125,0.000513051363404,-1.12510166265e-16,2.63221701491e-07
bloch_wannier,11,-21.74484375,0.000611080278993,-1.35948699594e-16,3.73419107374e-07
bloch_wannier,11,-21.43640625,0.000688799918232,-1.29711143305e-16,4.74445327356e-07
bloch_wannier,11,-21.12796875,0.00074337577476,-1.2815605837e-16,5.52607542501e-07
bloch_wannier,11,-20.81953125,0.000772735546043,-1.43777339404e-16,5.97120224119e-07
bloch_wannier,11,-20.51109375,0.00077564592689,-1.25036473224e-16,6.01626603902e-07
bloch_wannier,11,-20.20265625,0.000751762032528,-1.01607020042e-16,5.6514615355e-07
bloch_wannier,11,-19.89421875,0.000701647570031,-6.72419746918e-17,4.92309312531e-07
bloch_wannier,11,-19.58578125,0.00062676482127,1.4850119967e-18,3.92834141182e-07
bloch_wannier,11,-19.27734375,0.000529434483081,3.1170533974e-17,2.80300871876e-07
bloch_wannier,11,-18.96890625,0.000412766399797,7.17908039914e-17,1.70376100802e-07
bloch_wannier,11,-18.66046875,0.000280563187644,1.53018958812e-16,7.8715702261e-08
bloch_wannier,11,-18.35203125,0.000114999709132,2.06139365187e-16,1.32249331004e-08
bloch_wannier,11,-18.04359375,-7.48765857675e-05,2.38959757875e-16,5.6065030962e-09
bloch_wannier,11,-17.73515625,-0.000267171181296,2.12433241823e-16,7.13804401151e-08
bloch_wannier,11,-17.42671875,-0.000462182538015,2.03086512527e-16,2.13612698446e-07
bloch_wannier,11,-17.11828125,-0.000660192176975,1.93740150414e-16,4.35853710539e-07
bloch_wannier,11,-16.80984375,-0.000861453870995,1.56282352665e-16,7.42102771852e-07
bloch_wannier,11,-16.50140625,-0.00106618189965,1.68801573017e-16,1.13674384313e-06
bloch_wannier,11,-16.19296875,-0.0012499035516,1.7194760953e-16,1.56225888831e-06
bloch_wannier,11,-15.88453125,-0.00136838400389,1.782091934e-16,1.87247478209e-06
bloch_wannier,11,-15.57609375,-0.00144205119951,1.8446528923e-16,2.07951166202e-06
bloch_wannier,11,-15.26765625,-0.00146810855803,1.68850794836e-16,2.15534273815e-06
bloch_wannier,11,-14.95921875,-0.001445270814,9.3883107623e-17,2.08880772579e-06
bloch_wannier,11,-14.65078125,-0.00137381909431,3.76506895138e-17,1.88737890388e-06
bloch_wannier,11,-14.34234375,-0.001255607877,-4.35757517811e-17,1.57655114078e-06
bloch_wannier,11,-14.03390625,-0.001094023175,-1.37301653195e-16,1.19688670743e-06
bloch_wannier,11,-13.72546875,-0.000893892747303,-1.99796904101e-16,7.99044243681e-07
bloch_wannier,11,-13.41703125,-0.000661350587055,-2.435549017e-16,4.37384598998e-07
bloch_wannier,11,-13.10859375,-0.000403659327384,-2.87315979176e-16,1.62940852584e-07
bloch_wannier,11,-12.80015625,-0.000128995500446,-3.24832060991e-16,1.66398391354e-08
bloch_wannier,11,-12.49171875,0.000153796255951,-3.49854989792e-16,2.36532883446e-08
bloch_wannier,11,-12.18328125,0.000435472961655,-2.43689223845e-16,1.89636700332e-07
bloch_wannier,11,-11.87484375,0.000706679158053,-1.06286804632e-16,4.99395432426e-07
bloch_wannier,11,-11.56640625,0.000958240442249,-6.36442480874e-18,9.18224745161e-07
bloch_wannier,11,-11.25796875,0.00118145592447,1.18549723173e-16,1.39583810146e-06
bloch_wannier,11,-10.94953125,0.00136838080033,9.35385346787e-17,1.87246601472e-06
bloch_wannier,11,-10.64109375,0.0015120904276,1.43497528923e-16,2.28641746123e-06
bloch_wannier,11,-10.33265625,0.00160691775048,1.43485915925e-16,2.58218465682e-06
bloch_wannier,11,-10.02421875,0.00164865661275,1.49727878588e-16,2.71806862677e-06
bloch_wannier,11,-9.71578125,0.00163472442441,1.74717881588e-16,2.67232394376e-06
bloch_wannier,11,-9.40734375,0.00156427877189,6.22791730978e-17,2.44696807617e-06
bloch_wannier,11,-9.09890625,0.00143828385562,2.48121578268e-17,2.06866044934e-06
bloch_wannier,11,-8.79046875,0.00125952406679,1.23399011877e-17,1.58640087481e-06
bloch_wannier,11,-8.48203125,0.00103256353503,-2.51147493616e-17,1.06618745387e-06
bloch_wannier,11,-8.17359375,0.000763652048654,4.98830731938e-17,5.83164451414e-07
bloch_wannier,11,-7.86515625,0.000460579321947,-2.5044701498e-17,2.12133311805e-07
bloch_wannier,11,-7.55671875,0.000132481115863,-2.50045210562e-17,1.75512460604e-08
bloch_wannier,11,-7.24828125,-0.000210397837137,3.75082115019e-17,4.42672498718e-08
bloch_wannier,11,-6.93984375,-0.000556977838061,1.2562358512e-17,3.10224312091e-07
bloch_wannier,11,-6.63140625,-0.000895647743807,-7.48552051821e-17,8.02184880987e-07
bloch_wannier,11,-6.32296875,-0.00121458965173,-1.12298591262e-16,1.47522802208e-06
bloch_wannier,11,-6.01453125,-0.0015021156807,-1.31004602078e-16,2.2563515182e-06
bloch_wannier,11,-5.70609375,-0.00174700732778,-1.49715834099e-16,3.05203460331e-06
bloch_wannier,11,-5.39765625,-0.00193884769472,-1.5593941463e-16,3.75913038333e-06
bloch_wannier,11,-5.08921875,-0.00206833697189,-9.96998889699e-17,4.2780178293e-06
bloch_wannier,11,-4.78078125,-0.00212758193816,-1.8090459815e-16,4.52660490357e-06
bloch_wannier,11,-4.47234375,-0.00211035087574,-1.30930114749e-16,4.45358081875e-06
bloch_wannier,11,-4.16390625,-0.00201228619276,-6.22243080124e-17,4.04929572156e-06
bloch_wannier,11,-3.85546875,-0.00183106816927,-3.10111298212e-17,3.35281064051e-06
bloch_wannier,11,-3.54703125,-0.00156652456535,-4.97847496681e-17,2.45399921385e-06
bloch_wannier,11,-3.23859375,-0.00122068231477,-8.10624741271e-17,1.4900653136e-06
bloch_wannier,11,-2.93015625,-0.000797759134847,-6.86201188795e-17,6.36419637231e-07
bloch_wannier,11,-2.62171875,-0.000304094566185,-2.49510559551e-17,9.2473505183e-08
bloch_wannier,11,-2.31328125,0.000251978331961,1.87103641533e-17,6.34930797779e-08
bloch_wannier,11,-2.00484375,0.000860317713103,7.4859531863e-17,7.40146567478e-07
bloch_wannier,11,-1.69640625,0.00150920956077,1.24756659128e-16,2.27771349832e-06
bloch_wannier,11,-1.38796875,0.00218565014302,1.24673819049e-16,4.77706654767e-06
bloch_wannier,11,-1.07953125,0.00287566690748,1.40207001866e-16,8.26946016275e-06
bloch_wannier,11,-0.77109375,0.00356466927152,1.08887252413e-16,1.27068670153e-05
bloch_wannier,11,-0.46265625,0.00423781984679,9.31871297443e-17,1.79591170538e-05
bloch_wannier,11,-0.15421875,0.0048804159836,7.12436747152e-17,2.3818460173e-05
bloch_wannier,11,0.15421875,0.00557084946733,4.3047287101e-17,3.10343637876e-05
bloch_wannier,11,0.46265625,0.00652873142326,3.9806443294e-17,4.26243339971e-05
bloch_wannier,11,0.77109375,0.00768090327618,2.56094259875e-17,5.8996275138e-05
bloch_wannier,11,1.07953125,0.0090539718231,4.5297678865e-19,8.19744057735e-05
bloch_wannier,11,1.38796875,0.0106826142923,-8.33620141461e-18,0.000114118248118
bloch_wannier,11,1.69640625,0.0126107817261,-2.26282507715e-17,0.000159031815742
bloch_wannier,11,2.00484375,0.0148932684856,2.66783766781e-17,0.000221809446185
bloch_wannier,11,2.31328125,0.0175977088483,3.33751367294e-17,0.000309679356708
bloch_wannier,11,2.62171875,0.02080707895,4.54762506466e-17,0.000432934534431
bloch_wannier,11,2.93015625,0.0246228027453,1.27392250262e-16,0.000606282415036
bloch_wannier,11,3.23859375,0.0291685850451,1.5904702883e-16,0.000850806353531
bloch_wannier,11,3.54703125,0.0339535247057,2.04557617582e-16,0.00115284183994
bloch_wannier,11,3.85546875,0.0377127934171,2.24082996855e-16,0.00142225478732
bloch_wannier,11,4.16390625,0.0410593738104,1.91754514219e-16,0.0016858721777
bloch_wannier,11,4.47234375,0.0439735745987,1.93154617171e-16,0.00193367526299
bloch_wannier,11,4.78078125,0.0464448921958,1.52050764686e-16,0.00215712801108
bloch_wannier,11,5.08921875,0.0484720317915,1.04559013049e-16,0.00234953786599
bloch_wannier,11,5.39765625,0.0500626881091,2.74471127484e-17,0.00250627274071
bloch_wannier,11,5.70609375,0.0512330933698,-1.52544135426e-17,0.00262482985624
bloch_wannier,11,6.01453125,0.0520073464001,-5.9859635865e-17,0.00270476407958
bloch_wannier,11,6.32296875,0.0524165428361,-8.47028237056e-17,0.00274749396289
bloch_wannier,11,6.63140625,0.0524977318194,-1.21023885274e-16,0.00275601184618
bloch_wannier,11,6.93984375,0.0522927292997,-1.62580867348e-16,0.00273452953761
bloch_wannier,11,7.24828125,0.0518468219263,-1.80096155631e-16,0.00268809294386
bloch_wannier,11,7.55671875,0.0512073984124,-1.58836362876e-16,0.00262219765217
bloch_wannier,11,7.86515625,0.0504225471174,-1.55421488145e-16,0.0025424332578
bloch_wannier,11,8.17359375,0.0495396593564,-1.39573666911e-16,0.00245417784915
bloch_wannier,11,8.48203125,0.0486040776027,-1.14925293443e-16,0.00236235635961
bloch_wannier,11,8.79046875,0.0476578262937,-6.17184313694e-17,0.00227126840704
bloch_wannier,11,9.09890625,0.0467384604466,-2.90527283128e-17,0.00218448368492
bloch_wannier,11,9.40734375,0.0458780637901,6.48526386474e-18,0.00210479673713
bloch_wannier,11,9.71578125,0.0451024237384,6.06564884165e-17,0.00203422862708
bloch_wannier,11,10.02421875,0.0444304053878,6.26909976161e-17,0.00197406092292
bloch_wannier,11,10.33265625,0.0438735409619,8.75522695698e-17,0.00192488759653
bloch_wannier,11,10.64109375,0.0434358449208,1.30749728067e-16,0.00188667262398
bloch_wannier,11,10.94953125,0.043113858472,1.49335161565e-16,0.00185880479235
bloch_wannier,11,11.25796875,0.0428633276652,1.29843735866e-16,0.00183726485854
bloch_wannier,11,11.56640625,0.0446416332865,8.70677632517e-17,0.00199287542249
bloch_wannier,11,11.87484375,0.0485284301684,8.56156625719e-17,0.00235500853461
bloch_wannier,11,12.18328125,0.0546605738422,8.88667234689e-17,0.00298777833276
bloch_wannier,11,12.49171875,0.0632715505029,1.07822342514e-16,0.00400328910304
bloch_wannier,11,12.80015625,0.0747014124635,8.95359656818e-17,0.00558030102404
bloch_wannier,11,13.10859375,0.0894112421787,7.46547194885e-17,0.00799437022794
bloch_wannier,11,13.41703125,0.105804623614,5.29297813355e-17,0.0111946183781
bloch_wannier,11,13.72546875,0.119803385912,3.80380052515e-17,0.014352851276
bloch_wannier,11,14.03390625,0.133559598736,1.86858483302e-17,0.0178381664145
bloch_wannier,11,14.34234375,0.147027359171,9.03245954099e-18,0.0216170443447
bloch_wannier,11,14.65078125,0.160161530205,-9.46263495676e-18,0.0256517157578
bloch_wannier,11,14.95921875,0.172918320159,-2.69842135247e-17,0.0299007454466
bloch_wannier,11,15.26765625,0.185255830708,-4.41128083042e-17,0.0343197228112
bloch_wannier,11,15.57609375,0.197134559013,-7.19223772439e-17,0.0388620343573
bloch_wannier,11,15.88453125,0.208517840969,-1.05265575256e-16,0.0434796900023
bloch_wannier,11,16.19296875,0.219372224453,-1.25012741559e-16,0.0481241728617
bloch_wannier,11,16.50140625,0.229667763666,-1.46381351554e-16,0.0527472816672
bloch_wannier,11,16.80984375,0.239378228046,-1.33368207715e-16,0.0573019360626
bloch_wannier,11,17.11828125,0.24848122189,-1.07835327059e-16,0.0617429176319
bloch_wannier,11,17.42671875,0.256958213439,-8.52517097983e-17,0.066027523454
bloch_wannier,11,17.73515625,0.264794474964,-1.0368366071e-16,0.0701161139712
bloch_wannier,11,18.04359375,0.271978937948,-1.33065779706e-16,0.0739725426872
bloch_wannier,11,18.35203125,0.278503970023,-1.65100236669e-16,0.0775644613187
bloch_wannier,11,18.66046875,0.284365082523,-1.73626858685e-16,0.0808635001582
bloch_wannier,11,18.96890625,0.289560579545,-1.63721185852e-16,0.0838453292265
bloch_wannier,11,19.27734375,0.294091161044,-1.46315683741e-16,0.0864896110042
bloch_wannier,11,19.58578125,0.297959493716,-1.25119879234e-16,0.0887798598953
bloch_wannier,11,19.89421875,0.301169764284,-9.88653481081e-17,0.0907032269189
bloch_wannier,11,20.20265625,0.303727230158,-7.73625929161e-17,0.0922502303396
bloch_wannier,11,20.51109375,0.305637782364,-5.83184875422e-17,0.0934144540082
bloch_wannier,11,20.81953125,0.306907535109,-4.76880233578e-17,0.0941922351065
bloch_wannier,11,21.12796875,0.307542455386,-2.89269455329e-17,0.0945823618646
bloch_wannier,11,21.43640625,0.307548044627,-1.62687638414e-17,0.0945857997542
bloch_wannier,11,21.74484375,0.306929082706,-7.86556415435e-18,0.0942054618106
bloch_wannier,11,22.05328125,0.305689442508,1.18083548598e-17,0.0934460352607
bloch_wannier,11,22.36171875,0.303831981038,4.88838050088e-17,0.0923138727015
bloch_wannier,11,22.67015625,0.301358510515,6.97825405369e-17,0.0908169518595
bloch_wannier,11,22.97859375,0.298269850356,6.99655712458e-17,0.0889649036315
bloch_wannier,11,23.28703125,0.294565958355,6.3000766582e-17,0.0867691038218
bloch_wannier,11,23.59546875,0.290246136781,5.09380332147e-17,0.084242819916
bloch_wannier,11,23.90390625,0.285309306735,4.47098831201e-17,0.0814014005097
bloch_wannier,11,24.21234375,0.279754341881,3.97287591194e-17,0.0782624918011
bloch_wannier,11,24.52078125,0.273580450684,3.85326320413e-17,0.0748462629963
bloch_wannier,11,24.82921875,0.266787594727,4.83446861339e-17,0.0711756207
bloch_wannier,11,25.13765625,0.259376929379,3.8027019441e-17,0.0672763914941
bloch_wannier,11,25.44609375,0.251351252295,9.62911057075e-18,0.0631774520304
bloch_wannier,11,25.75453125,0.242715444817,-1.7376336662e-17,0.0589107871527
bloch_wannier,11,26.06296875,0.233476891425,-2.12718826981e-17,0.0545114588295
bloch_wannier,11,26.37140625,0.2236458629,-3.55147960006e-17,0.0500174719921
bloch_wannier,11,26.67984375,0.2132358498,-6.10950353471e-17,0.0454695276401
bloch_wannier,11,26.98828125,0.202263834245,-8.90955178692e-17,0.0409106586437
bloch_wannier,11,27.29671875,0.190750489699,-9.36885876783e-17,0.0363857493203
bloch_wannier,11,27.60515625,0.178720300534,-9.89992465517e-17,0.0319409458231
bloch_wannier,11,27.91359375,0.166201595456,-1.09081800931e-16,0.027622970332
bloch_wannier,11,28.22203125,0.153226491354,-1.19596515223e-16,0.0234783576526
bloch_wannier,11,28.53046875,0.139830746817,-1.27033789352e-16,0.0195526377555
bloch_wannier,11,28.83890625,0.126053527161,-1.28860545794e-16,0.0158894917098
bloch_wannier,11,29.14734375,0.111937085473,-1.28693548831e-16,0.0125299111043
bloch_wannier,11,29.45578125,0.0975263666781,-1.28490513317e-16,0.00951139219742
bloch_wannier,11,29.76421875,0.0805987691487,-1.1919430096e-16,0.00649616158828
bloch_wannier,11,30.07265625,0.0648205314936,-1.22923435129e-16,0.00420170130312
bloch_wannier,11,30.38109375,0.0518175036235,-1.08446432946e-16,0.00268505368177
bloch_wannier,11,30.68953125,0.0410646761923,-1.18647634433e-16,0.00168630763078
bloch_wannier,11,30.99796875,0.0321338687485,-1.20677463057e-16,0.00103258552075
bloch_wannier,11,31.30640625,0.0246757912407,-1.00242005109e-16,0.000608894673357
bloch_wannier,11,31.61484375,0.0184054945397,-7.72189133938e-17,0.000338762229252
bloch_wannier,11,31.92328125,0.0130905959767,-9.33570379542e-17,0.000171363703024
bloch_wannier,11,32.23171875,0.00854178503664,-9.31904114159e-17,7.29620916122e-05
bloch_wannier,11,32.54015625,0.00460521259668,-6.06920650586e-17,2.12079830606e-05
bloch_wannier,11,32.84859375,0.00115644868239,-5.24608705402e-17,1.337373555e-06
bloch_wannier,11,33.15703125,-0.00154236180254,-4.19788660035e-17,2.37887992993e-06
bloch_wannier,11,33.46546875,-0.00358231127593,-5.89084982933e-17,1.28329540777e-05
bloch_wannier,11,33.77390625,-0.00529769186098,-2.27777481108e-17,2.80655390539e-05
bloch_wannier,11,34.08234375,-0.00666930518399,-8.55385697493e-18,4.44796316372e-05
bloch_wannier,11,34.39078125,-0.00768669504079,4.06488574762e-18,5.90852806501e-05
bloch_wannier,11,34.69921875,-0.00834827087795,4.0066582069e-17,6.96936266516e-05
bloch_wannier,11,35.00765625,-0.00866119575563,4.79137470636e-17,7.50163119174e-05
bloch_wannier,11,35.31609375,-0.00864104292909,3.69788992047e-17,7.46676229024e-05
bloch_wannier,11,35.62453125,-0.00831123157531,3.53767404129e-17,6.90765702985e-05
bloch_wannier,11,35.93296875,-0.00770225827935,8.21552191908e-17,5.93247826018e-05
bloch_wannier,11,36.24140625,-0.00685074650966,1.11724541523e-16,4.69327277397e-05
bloch_wannier,11,36.54984375,-0.0057983412965,1.36583955854e-16,3.36207617908e-05
bloch_wannier,11,36.85828125,-0.00459048054194,1.28627192824e-16,2.1072511606e-05
bloch_wannier,11,37.16671875,-0.0032750777171,1.30027870988e-16,1.0726134053e-05
bloch_wannier,11,37.47515625,-0.00190115304842,1.17365465344e-16,3.61438291351e-06
bloch_wannier,11,37.78359375,-0.000517451595813,4.69164260418e-17,2.67756154009e-07
bloch_wannier,11,38.09203125,0.000828913154736,2.02014785648e-17,6.87097018095e-07
bloch_wannier,11,38.40046875,0.00209375242711,-2.52447075196e-17,4.38379922604e-06
bloch_wannier,11,38.70890625,0.00323699618851,-4.88112427497e-17,1.04781443244e-05
bloch_wannier,11,39.01734375,0.0042237551793,-7.07968455726e-17,1.78401078147e-05
bloch_wannier,11,39.32578125,0.00502522188854,-1.05253905035e-16,2.52528550291e-05
bloch_wannier,11,39.63421875,0.00561938608465,-1.27191428862e-16,3.15774999683e-05
bloch_wannier,11,39.94265625,0.00599154584872,-1.45978227887e-16,3.58986216573e-05
bloch_wannier,11,40.25109375,0.00613460092133,-1.6786050678e-16,3.7633328464e-05
bloch_wannier,11,40.55953125,0.00604912139597,-2.03770715206e-16,3.65918696632e-05
bloch_wannier,11,40.86796875,0.00569581767793,-2.22468670578e-16,3.24423390202e-05
bloch_wannier,11,41.17640625,0.00528871110089,-2.19295277301e-16,2.79704651087e-05
bloch_wannier,11,41.48484375,0.00488174805972,-1.86448299154e-16,2.38314641186e-05
bloch_wannier,11,41.79328125,0.00448042002035,-1.72343233695e-16,2.00741635588e-05
bloch_wannier,11,42.10171875,0.00408933466228,-1.80104182302e-16,1.67226579801e-05
bloch_wannier,11,42.41015625,0.00371239423085,-1.50384417964e-16,1.37818709252e-05
bloch_wannier,11,42.71859375,0.0033529555665,-1.50340399423e-16,1.12423110309e-05
bloch_wannier,11,43.02703125,0.00305405215754,-1.31562571713e-16,9.327234581e-06
bloch_wannier,11,43.33546875,0.00270650443193,-1.31520009393e-16,7.32516624005e-06
bloch_wannier,11,43.64390625,0.00228316614607,-9.71092573065e-17,5.21284765057e-06
bloch_wannier,11,43.95234375,0.00179891409805,-5.64439712365e-17,3.23609193217e-06
bloch_wannier,11,44.26078125,0.0012700902611,1.85856814018e-17,1.61312927134e-06
bloch_wannier,11,44.56921875,0.000713990233462,7.48774518109e-17,5.09782053479e-07
bloch_wannier,11,44.87765625,0.000148333993068,1.49911615118e-16,2.20029734994e-08
bloch_wannier,11,45.18609375,-0.000409265621752,2.43686014371e-16,1.67498349148e-07
bloch_wannier,11,45.49453125,-0.00094182142545,3.18716124044e-16,8.87027597436e-07
bloch_wannier,11,45.80296875,-0.00143346268714,3.62505852131e-16,2.05481527542e-06
bloch_wannier,11,46.11140625,-0.00186988450371,4.31277114586e-16,3.4964680572e-06
bloch_wannier,11,46.41984375,-0.00223874339544,4.56310583571e-16,5.01197199062e-06
bloch_wannier,11,46.72828125,-0.0025299884826,4.50099176608e-16,6.40084172208e-06
bloch_wannier,11,47.03671875,-0.00273611959459,2.81453416997e-16,7.48635043592e-06
bloch_wannier,11,47.34515625,-0.00285236588347,1.12796649669e-16,8.13599113319e-06
bloch_wannier,11,47.65359375,-0.00287678089398,6.59937825106e-18,8.27586831195e-06
bloch_wannier,11,47.96203125,-0.00281025251422,-1.0585610472e-16,7.89751919369e-06
bloch_wannier,11,48.27046875,-0.00265642872147,-1.24616165301e-16,7.05661355226e-06
bloch_wannier,11,48.57890625,-0.00242156247553,-2.24598115316e-16,5.86396482287e-06
bloch_wannier,11,48.88734375,-0.00211428142717,-2.55871117389e-16,4.47018595326e-06
bloch_wannier,11,49.19578125,-0.00174529023602,-2.49669231578e-16,3.04603800795e-06
bloch_wannier,11,49.50421875,-0.00132701517073,-3.24685345896e-16,1.76096926334e-06
bloch_wannier,11,49.81265625,-0.000873202242524,-2.24787734756e-16,7.62482156348e-07
bloch_wannier,11,50.12109375,-0.000398481358256,-1.623751293e-16,1.58787392878e-07
bloch_wannier,11,50.42953125,8.20901627313e-05,-8.74690919412e-17,6.73879481725e-09
bloch_wannier,11,50.73796875,0.000553490902908,-5.00443766838e-17,3.06352179602e-07
bloch_wannier,11,51.04640625,0.00100119163467,-7.50875010094e-17,1.00238468932e-06
bloch_wannier,11,51.35484375,0.00141159107864,2.48154267492e-17,1.99258937329e-06
bloch_wannier,11,51.66328125,0.00177241837497,3.72653865492e-17,3.14146689594e-06
bloch_wannier,11,51.97171875,0.00207309062419,1.22402680197e-17,4.29770473609e-06
bloch_wannier,11,52.28015625,0.00230501530043,4.96943106366e-17,5.31309553522e-06
bloch_wannier,11,52.58859375,0.00246182907328,1.87110738881e-16,6.06060238607e-06
bloch_wannier,11,52.89703125,0.00253956654203,2.30830738185e-16,6.44939822138e-06
bloch_wannier,11,53.20546875,0.00253675452897,2.18336934158e-16,6.43512354023e-06
bloch_wannier,11,53.51390625,0.00245442983202,2.24594090225e-16,6.02422580031e-06
bloch_wannier,11,53.82234375,0.00229608063404,2.37107630808e-16,5.27198627801e-06
bloch_wannier,11,54.13078125,0.00206751404,1.49676583348e-16,4.27461430559e-06
bloch_wannier,11,54.43921875,0.001776654396,1.93441722779e-16,3.15650084284e-06
bloch_wannier,11,54.74765625,0.00143327907284,1.4975425473e-16,2.05428890065e-06
bloch_wannier,11,55.05609375,0.0010487002126,8.10835358602e-17,1.09977213591e-06
bloch_wannier,11,55.36453125,0.000635402487595,6.86400018344e-17,4.03736321242e-07
bloch_wannier,11,55.67296875,0.000206648162513,4.37042122968e-17,4.27034630702e-08
bloch_wannier,11,55.98140625,-0.000223938351563,8.74864633343e-17,5.01483853008e-08
bloch_wannier,11,56.28984375,-0.000642793733223,7.50436099251e-17,4.13183783471e-07
bloch_wannier,11,56.59828125,-0.00103683391119,5.01035691306e-17,1.07502455938e-06
bloch_wannier,11,56.90671875,-0.00139385451997,-1.23234504518e-17,1.94283042284e-06
bloch_wannier,11,57.21515625,-0.00170290163303,-7.47563450929e-17,2.89987397177e-06
bloch_wannier,11,57.52359375,-0.00195460172182,-1.37196262719e-16,3.82046789096e-06
bloch_wannier,11,57.83203125,-0.00214144108019,-1.74655826695e-16,4.58576989992e-06
bloch_wannier,11,58.14046875,-0.00225798652843,-1.84012165294e-16,5.09850316258e-06
bloch_wannier,11,58.44890625,-0.00230104102363,-1.6214213294e-16,5.29478979241e-06
bloch_wannier,11,58.75734375,-0.00226972979583,-1.5277535616e-16,5.15167334608e-06
bloch_wannier,11,59.06578125,-0.00216551474524,-1.40293970423e-16,4.68945411184e-06
bloch_wannier,11,59.37421875,-0.00196528933677,-1.05959582865e-16,3.86236217721e-06
bloch_wannier,11,59.68265625,-0.0017460067007,-9.03687517438e-17,3.04853939889e-06
bloch_wannier,11,59.99109375,-0.00153423353967,-9.19564550261e-17,2.35387255425e-06
bloch_wannier,11,60.29953125,-0.00132965047444,-6.5431443877e-17,1.76797038419e-06
bloch_wannier,11,60.60796875,-0.00113191319218,-5.92085855103e-17,1.28122747463e-06
bloch_wannier,11,60.91640625,-0.00094066473533,-5.14231639418e-17,8.84850144294e-07
bloch_wannier,11,61.22484375,-0.000755546863162,-1.0923127069e-16,5.70851062433e-07
bloch_wannier,11,61.53328125,-0.00057621073216,-7.72369777583e-17,3.32018807856e-07
bloch_wannier,11,61.84171875,-0.000402327132087,-4.44611328094e-17,1.61867121213e-07
bloch_wannier,11,62.15015625,-0.000233596509145,-1.49120289196e-16,5.45673290848e-08
bloch_wannier,11,62.45859375,-6.97590067589e-05,-1.60072733353e-16,4.86631902399e-09
bloch_wannier,11,62.76703125,7.05778593718e-05,-1.96791480585e-16,4.9812342335e-09
bloch_wannier,11,63.07546875,0.000186168912426,-1.82749719457e-16,3.4658863954e-08
bloch_wannier,11,63.38390625,0.000291980424482,-1.72611182056e-16,8.52525682805e-08
bloch_wannier,11,63.69234375,0.000384570691761,-1.55443067044e-16,1.47894616962e-07
bloch_wannier,11,64.00078125,0.000461015754698,-1.4530093329e-16,2.12535526079e-07
bloch_wannier,11,64.30921875,0.000518998800043,-1.37499191415e-16,2.69359754446e-07
bloch_wannier,11,64.61765625,0.000556877946402,-1.08611112099e-16,3.10113047189e-07
bloch_wannier,11,64.92609375,0.000573730473809,-8.83101847895e-17,3.29166656577e-07
bloch_wannier,11,65.23453125,0.000569372354453,-6.410223855e-17,3.24184878015e-07
bloch_wannier,11,65.54296875,0.000544352766322,-7.73742072085e-17,2.96319934203e-07
bloch_wannier,11,65.85140625,0.000499924097524,-5.70657751168e-17,2.49924103285e-07
bloch_wannier,11,66.15984375,0.000437988749564,7.2724612294e-19,1.91834144744e-07
bloch_wannier,11,66.46828125,0.000361024797274,2.96293896623e-17,1.30338904247e-07
bloch_wannier,11,66.77671875,0.00027199323753,3.58873670835e-17,7.39803212619e-08
bloch_wannier,11,67.08515625,0.000174230137251,9.52465445073e-17,3.03561407265e-08
bloch_wannier,11,67.39359375,7.13274554704e-05,1.95212333646e-16,5.08760590388e-09
bloch_wannier,11,67.70203125,-3.29933496193e-05,2.24117827434e-16,1.0885611191e-09
bloch_wannier,11,68.01046875,-0.00013501061956,2.45995080645e-16,1.8227867394e-08
bloch_wannier,11,68.31890625,-0.00023113033658,2.72556917264e-16,5.34212324877e-08
bloch_wannier,11,68.62734375,-0.00031800823184,2.71005788188e-16,1.01129235518e-07
bloch_wannier,11,68.93578125,-0.000392662115298,2.65548740727e-16,1.5418353679e-07
bloch_wannier,11,69.24421875,-0.000452570742053,2.3275893787e-16,2.04820276562e-07
bloch_wannier,11,69.55265625,-0.000495756009216,1.85130285767e-16,2.45774020673e-07
bloch_wannier,11,69.86109375,-0.000520845858848,1.23443500665e-16,2.71280408679e-07
bloch_wannier,11,70.16953125,-0.000527115926445,7.11250221047e-17,2.77851199912e-07
bloch_wannier,11,70.47796875,-0.000512556460045,5.08202479353e-17,2.62714124734e-07
bloch_wannier,11,70.78640625,-0.000495568427399,-1.39952273205e-17,2.45588066234e-07
bloch_wannier,11,71.09484375,-0.00047837060194,-1.07703446442e-16,2.28838432801e-07
bloch_wannier,11,71.40328125,-0.000461210144573,-2.04535198087e-16,2.12714797457e-07
bloch_wannier,11,71.71171875,-0.000444316195538,-2.77940388846e-16,1.97416881617e-07
bloch_wannier,11,72.02015625,-0.000427901338378,-3.41974909633e-16,1.83099555385e-07
bloch_wannier,11,72.32859375,-0.000412163105208,-4.27874107256e-16,1.69878425295e-07
bloch_wannier,11,72.63703125,-0.00039904450312,-4.90346455819e-16,1.5923651547e-07
bloch_wannier,11,72.94546875,-0.000374588608257,-5.27831896e-16,1.40316625436e-07
bloch_wannier,11,73.25390625,-0.000337953288301,-5.8093651323e-16,1.14212425074e-07
bloch_wannier,11,73.56234375,-0.000290443922587,-5.49706960451e-16,8.43576721678e-08
bloch_wannier,11,73.87078125,-0.000233708757327,-5.34096223006e-16,5.46197832513e-08
bloch_wannier,11,74.17921875,-0.000169682691798,-4.7788039614e-16,2.87922158959e-08
bloch_wannier,11,74.48765625,-0.000100522339234,-3.18588473748e-16,1.01047406851e-08
bloch_wannier,11,74.79609375,-2.85345045412e-05,-2.3426178802e-16,8.1421794941e-10
bloch_wannier,11,75.10453125,4.38995873074e-05,-1.31193934342e-16,1.92717376576e-09
bloch_wannier,11,75.41296875,0.000114401861695,-3.43729182857e-17,1.30877859592e-08
bloch_wannier,11,75.72140625,0.000180674274606,5.620154158e-17,3.26431935044e-08
bloch_wannier,11,76.02984375,0.000240572554029,1.40529707852e-16,5.78751537522e-08
bloch_wannier,11,76.33828125,0.000292174471185,1.74882296538e-16,8.5365921612e-08
bloch_wannier,11,76.64671875,0.000333840500373,2.99818677915e-16,1.11449479689e-07
bloch_wannier,11,76.95515625,0.00036426498269,3.81026916587e-16,1.32688977614e-07
bloch_wannier,11,77.26359375,0.000382516223121,4.55989571851e-16,1.4631866095e-07
bloch_wannier,11,77.57203125,0.000388064312388,4.55988892406e-16,1.50593910549e-07
bloch_wannier,11,77.88046875,0.000380795862674,4.99719301932e-16,1.4500548903e-07
bloch_wannier,11,78.18890625,0.000361015267234,5.18462946955e-16,1.30332023176e-07
bloch_wannier,11,78.49734375,0.000329432524621,5.05972666327e-16,1.08525788278e-07
bloch_wannier,11,78.80578125,0.000287138095073,4.43507103903e-16,8.24482856423e-08
bloch_wannier,11,79.11421875,0.000235565666225,3.62301455108e-16,5.54911831039e-08
bloch_wannier,11,79.42265625,0.000176444084832,3.49814547014e-16,3.11325150723e-08
bloch_wannier,11,79.73109375,0.000111740048913,2.2488098698e-16,1.24858385311e-08
bloch_wannier,11,80.03953125,4.35934401139e-05,1.68665664735e-16,1.90038802097e-09
bloch_wannier,11,80.34796875,-2.57525994174e-05,8.74621925796e-17,6.63196376753e-10
bloch_wannier,11,80.65640625,-9.40245846943e-05,-4.99650789069e-17,8.84062252693e-09
bloch_wannier,11,80.96484375,-0.000158992254799,-1.74898606656e-16,2.52785370861e-08
bloch_wannier,11,81.27328125,-0.000218540434086,-2.99832798101e-16,4.77599213306e-08
bloch_wannier,11,81.58171875,-0.000270736897713,-3.62297147875e-16,7.32984677835e-08
bloch_wannier,11,81.89015625,-0.000313894088765,-4.3100967884e-16,9.85294989615e-08
bloch_wannier,11,82.19859375,-0.000346622739063,-5.24711783731e-16,1.20147323235e-07
bloch_wannier,11,82.50703125,-0.000367875711464,-5.55944551991e-16,1.35332539085e-07
bloch_wannier,11,82.81546875,-0.000376980699352,-4.87225620755e-16,1.42114447684e-07
bloch_wannier,11,83.12390625,-0.000373660778941,-4.43496507931e-16,1.39622377719e-07
bloch_wannier,11,83.43234375,-0.000358042200392,-2.68580343063e-16,1.28194217262e-07
bloch_wannier,11,83.74078125,-0.000330649212119,-1.68630510542e-16,1.09328901475e-07
bloch_wannier,11,84.04921875,-0.000292386126146,-1.56141048019e-16,8.54896467627e-08
bloch_wannier,11,84.35765625,-0.000244507237866,-9.99232436945e-17,5.97837893687e-08
bloch_wannier,11,84.66609375,-0.000188575598204,-9.99300933448e-17,3.55607562379e-08
bloch_wannier,11,84.97453125,-0.000126411988068,6.26255520335e-18,1.59799907272e-08
bloch_wannier,11,85.28296875,-6.0035752899e-05,9.05899281548e-17,3.60429162615e-09
bloch_wannier,11,85.59140625,8.40059034944e-06,1.15569843919e-16,7.0569918219e-11
bloch_wannier,11,85.89984375,7.66808683554e-05,1.81155761093e-16,5.87995557174e-09
bloch_wannier,11,86.20828125,0.000142596657382,1.2804755804e-16,2.03338066964e-08
bloch_wannier,11,86.51671875,0.000204018293988,1.99881389355e-16,4.16234642818e-08
bloch_wannier,11,86.82515625,0.000258963222345,2.62345402539e-16,6.70619505275e-08
bloch_wannier,11,87.13359375,0.000305659499792,2.71710295194e-16,9.34277298128e-08
bloch_wannier,11,87.44203125,0.000342602441006,3.09188216187e-16,1.17376432583e-07
bloch_wannier,11,87.75046875,0.000368602603628,2.87320272386e-16,1.35867879402e-07
bloch_wannier,11,88.05890625,0.000382823597223,2.96689142116e-16,1.46553906591e-07
bloch_wannier,11,88.36734375,0.000384808524188,2.32656388486e-16,1.48077600288e-07
bloch_wannier,11,88.67578125,0.000374494225182,2.04545817725e-16,1.40245924695e-07
bloch_wannier,12,-59.06578125,2.70765312837e-05,-1.40562485412e-16,7.33138546357e-10
bloch_wannier,12,-58.75734375,4.15664057692e-05,-2.10843844656e-16,1.72776608857e-09
bloch_wannier,12,-58.44890625,5.6326854369e-05,-2.97523806811e-16,3.17271452311e-09
bloch_wannier,12,-58.14046875,7.13545467203e-05,-3.45159587945e-16,5.09147133766e-09
bloch_wannier,12,-57.83203125,8.66491038061e-05,-3.53751188012e-16,7.5080671904e-09
bloch_wannier,12,-57.52359375,0.000102212316797,-2.87377930585e-16,1.04473577049e-08
bloch_wannier,12,-57.21515625,0.000118047439697,-2.63953341579e-16,1.39351980191e-08
bloch_wannier,12,-56.90671875,0.000134158543269,-2.24911100872e-16,1.79985147321e-08
bloch_wannier,12,-56.59828125,0.000150549919864,-1.46824680741e-16,2.26652783712e-08
bloch_wannier,12,-56.28984375,0.000167225530743,-5.62441470183e-17,2.79643781321e-08
bloch_wannier,12,-55.98140625,0.000184188489135,6.22451761533e-18,3.39253995298e-08
bloch_wannier,12,-55.67296875,0.000199400797481,1.0929937894e-16,3.97606780359e-08
bloch_wannier,12,-55.36453125,0.000205863743147,9.3680901958e-17,4.23798807424e-08
bloch_wannier,12,-55.05609375,0.000205383527216,1.49904628565e-16,4.21823932515e-08
bloch_wannier,12,-54.74765625,0.00019795911982,1.31164315193e-16,3.91878131198e-08
bloch_wannier,12,-54.43921875,0.000183822608374,1.56154343215e-16,3.37907513494e-08
bloch_wannier,12,-54.13078125,0.000163432015198,1.74898062942e-16,2.67100235917e-08
bloch_wannier,12,-53.82234375,0.000137456580385,3.06089802209e-16,1.88943114912e-08
bloch_wannier,12,-53.51390625,0.000106754978104,2.62364042673e-16,1.13966253499e-08
bloch_wannier,12,-53.20546875,7.23471684963e-05,2.37379959616e-16,5.23411278944e-09
bloch_wannier,12,-52.89703125,3.53807989407e-05,2.62372783489e-16,1.25180093368e-09
bloch_wannier,12,-52.58859375,-2.90674936165e-06,2.24895027163e-16,8.44919185144e-12
bloch_wannier,12,-52.28015625,-4.12294266494e-05,1.87417275139e-16,1.69986562184e-09
bloch_wannier,12,-51.97171875,-7.82953423485e-05,1.87421814405e-16,6.13016063347e-09
bloch_wannier,12,-51.66328125,-0.000112849943247,1.74931897724e-16,1.27351096909e-08
bloch_wannier,12,-51.35484375,-0.000143718113421,1.18712010187e-16,2.06548961252e-08
bloch_wannier,12,-51.04640625,-0.000169843797373,-3.12145711322e-17,2.88469155061e-08
bloch_wannier,12,-50.73796875,-0.000190325823964,-6.24474338058e-17,3.62239192674e-08
bloch_wannier,12,-50.42953125,-0.000204448728424,-1.81140114043e-16,4.17992825541e-08
bloch_wannier,12,-50.12109375,-0.000211707529429,-2.12374596095e-16,4.48200780168e-08
bloch_wannier,12,-49.81265625,-0.000211825612726,-1.99880433234e-16,4.48700902069e-08
bloch_wannier,12,-49.50421875,-0.000204765096038,-3.24822781892e-16,4.19287445553e-08
bloch_wannier,12,-49.19578125,-0.000190729294706,-2.18624239387e-16,3.63776638589e-08
bloch_wannier,12,-48.88734375,-0.000170157165987,-2.93591649143e-16,2.89534611367e-08
bloch_wannier,12,-48.57890625,-0.000143709873591,-2.24877071805e-16,2.06525277676e-08
bloch_wannier,12,-48.27046875,-0.000112249874537,-2.34251535844e-16,1.26000343337e-08
bloch_wannier,12,-47.96203125,-7.13257803403e-05,-1.31179823305e-16,5.08736694115e-09
bloch_wannier,12,-47.65359375,-2.47312554931e-05,1.24971771047e-17,6.11634998266e-10
bloch_wannier,12,-47.34515625,2.2142850858e-05,9.37034012783e-17,4.9030584412e-10
bloch_wannier,12,-47.03671875,6.9393110902e-05,1.78033116486e-16,4.81540384066e-09
bloch_wannier,12,-46.72828125,0.000117115181137,2.62362773914e-16,1.37159656528e-08
bloch_wannier,12,-46.41984375,0.000165402812189,3.10771685432e-16,2.73580902799e-08
bloch_wannier,12,-46.11140625,0.000214346803599,3.31068682671e-16,4.5944552213e-08
bloch_wannier,12,-45.80296875,0.000258159216024,4.13837050344e-16,6.66461808184e-08
bloch_wannier,12,-45.49453125,0.000287746691939,5.04416002819e-16,8.2798158722e-08
bloch_wannier,12,-45.18609375,0.000307977818761,4.48189857423e-16,9.48503368486e-08
bloch_wannier,12,-44.87765625,0.000318145181205,3.82594333183e-16,1.01216356324e-07
bloch_wannier,12,-44.56921875,0.000317864465019,3.71661987712e-16,1.01037818122e-07
bloch_wannier,12,-44.26078125,0.000307088710642,2.95136648415e-16,9.43034762037e-08
bloch_wannier,12,-43.95234375,0.000286111888794,2.01433104339e-16,8.18600129091e-08
bloch_wannier,12,-43.64390625,0.000255561615918,1.21786649623e-16,6.53117395307e-08
bloch_wannier,12,-43.33546875,0.00021638116649,3.19897562231e-17,4.68208092114e-08
bloch_wannier,12,-43.02703125,0.000169801275662,-8.90416020045e-17,2.88324732165e-08
bloch_wannier,12,-42.71859375,0.00011730254918,-2.13195772484e-16,1.37598880442e-08
bloch_wannier,12,-42.41015625,6.05695978633e-05,-3.71708332518e-16,3.66867618532e-09
bloch_wannier,12,-42.10171875,1.43828185029e-06,-5.267066196e-16,2.06865468086e-12
bloch_wannier,12,-41.79328125,-5.81623233286e-05,-5.82532546291e-16,3.38285585498e-09
bloch_wannier,12,-41.48484375,-0.000116271448193,-5.81354103563e-16,1.3519049665e-08
bloch_wannier,12,-41.17640625,-0.000170959723217,-5.46500445411e-16,2.92272269625e-08
bloch_wannier,12,-40.86796875,-0.000220391864186,-4.78362238729e-16,4.85725737993e-08
bloch_wannier,12,-40.55953125,-0.000262886963011,-3.4589953944e-16,6.91095553213e-08
bloch_wannier,12,-40.25109375,-0.000296974454634,-2.44380409181e-16,8.8193826705e-08
bloch_wannier,12,-39.94265625,-0.000321443947681,-1.07332222277e-16,1.03326211501e-07
bloch_wannier,12,-39.63421875,-0.000335387280938,-2.65089922527e-17,1.12484628215e-07
bloch_wannier,12,-39.32578125,-0.000338231394535,7.85026414909e-18,1.14400476249e-07
bloch_wannier,12,-39.01734375,-0.000329760877605,6.7196431707e-17,1.08742236399e-07
bloch_wannier,12,-38.70890625,-0.000310129365012,1.25760348162e-16,9.61802230429e-08
bloch_wannier,12,-38.40046875,-0.000279859295454,1.57772896421e-16,7.83212252517e-08
bloch_wannier,12,-38.09203125,-0.000239829901528,1.70262142634e-16,5.75183816672e-08
bloch_wannier,12,-37.78359375,-0.00019125366855,1.8118857361e-16,3.65779657337e-08
bloch_wannier,12,-37.47515625,-0.000135641861639,2.01484754277e-16,1.83987146288e-08
bloch_wannier,12,-37.16671875,-7.47600689126e-05,1.37444787861e-16,5.58906790382e-09
bloch_wannier,12,-36.85828125,-1.05750314251e-05,1.56306361776e-18,1.11831289641e-10
bloch_wannier,12,-36.54984375,5.48056821922e-05,-8.12186763563e-17,3.00366280055e-09
bloch_wannier,12,-36.24140625,0.000119199355945,-9.99677849061e-17,1.42084864577e-08
bloch_wannier,12,-35.93296875,0.000180417171339,-1.40780116805e-17,3.25503557141e-08
bloch_wannier,12,-35.62453125,0.000236334496054,1.34283152665e-16,5.58539940249e-08
bloch_wannier,12,-35.31609375,0.000284960228808,2.82645209973e-16,8.12023320025e-08
bloch_wannier,12,-35.00765625,0.000324503012643,3.31055192426e-16,1.05302205215e-07
bloch_wannier,12,-34.69921875,0.000353432196103,3.32613418173e-16,1.24914317242e-07
bloch_wannier,12,-34.39078125,0.000370531555286,3.01375953107e-16,1.37293633463e-07
bloch_wannier,12,-34.08234375,0.000374943986097,2.21725216694e-16,1.4058299271e-07
bloch_wannier,12,-33.77390625,0.000366205630147,1.21773099639e-16,1.34106563551e-07
bloch_wannier,12,-33.46546875,0.000344268202501,1.12405174899e-16,1.18520595253e-07
bloch_wannier,12,-33.15703125,0.000309508636283,5.9309301021e-17,9.5795595934e-08
bloch_wannier,12,-32.84859375,0.000262725537923,4.2135576249e-17,6.90247082767e-08
bloch_wannier,12,-32.54015625,0.000205122346488,1.53664830742e-18,4.20751770288e-08
bloch_wannier,12,-32.23171875,0.000138277499188,-6.09259075567e-17,1.91206667817e-08
bloch_wannier,12,-31.92328125,6.41023103789e-05,-1.48375862512e-16,4.10910619591e-09
bloch_wannier,12,-31.61484375,-1.52123389994e-05,-1.88191247292e-16,2.31415257832e-10
bloch_wannier,12,-31.30640625,-9.72590428663e-05,-1.99113579318e-16,9.45932141926e-09
bloch_wannier,12,-30.99796875,-0.000179484860999,-1.7567698131e-16,3.2214815328e-08
bloch_wannier,12,-30.68953125,-0.000259268205133,-1.68639252194e-16,6.72200021931e-08
bloch_wannier,12,-30.38109375,-0.000333999351064,-1.27243233695e-16,1.11555566511e-07
bloch_wannier,12,-30.07265625,-0.000401162158857,-1.23330587249e-16,1.60931077699e-07
bloch_wannier,12,-29.76421875,-0.000458414505755,-6.49128220253e-17,2.10143859087e-07
bloch_wannier,12,-29.45578125,-0.000510671996074,-1.59455883542e-17,2.60785887574e-07
bloch_wannier,12,-29.14734375,-0.000574785581095,4.80947738424e-17,3.30378464234e-07
bloch_wannier,12,-28.83890625,-0.000643466004263,1.13307021728e-16,4.14048498643e-07
bloch_wannier,12,-28.53046875,-0.000716474781357,1.43770449448e-16,5.1333611232e-07
bloch_wannier,12,-28.22203125,-0.000793605112505,1.60959349238e-16,6.29809074595e-07
bloch_wannier,12,-27.91359375,-0.000874670703738,1.43789822861e-16,7.65048839978e-07
bloch_wannier,12,-27.60515625,-0.000959495229829,9.69471543715e-17,9.20631096065e-07
bloch_wannier,12,-27.29671875,-0.00104790226556,1.0632859241e-16,1.09809915816e-06
bloch_wannier,12,-26.98828125,-0.00113970554203,3.76220188726e-17,1.29892872253e-06
bloch_wannier,12,-26.67984375,-0.00123469941208,5.32513377657e-17,1.5244826382e-06
bloch_wannier,12,-26.37140625,-0.001332649435,2.51514992853e-17,1.77595451661e-06
bloch_wannier,12,-26.06296875,-0.00142138474411,-3.73083757704e-17,2.02033459079e-06
bloch_wannier,12,-25.75453125,-0.00145065390383,-6.22930881309e-17,2.1043967487e-06
bloch_wannier,12,-25.44609375,-0.00143105509615,-1.49754527088e-16,2.04791868821e-06
bloch_wannier,12,-25.13765625,-0.00136289728082,-2.49716061208e-16,1.85748899808e-06
bloch_wannier,12,-24.82921875,-0.00124809891644,-2.37235971554e-16,1.55775090521e-06
bloch_wannier,12,-24.52078125,-0.00109013654075,-2.99726058363e-16,1.18839767747e-06
bloch_wannier,12,-24.21234375,-0.000893942792416,-3.73729687802e-17,7.99133716112e-07
bloch_wannier,12,-23.90390625,-0.000665756776052,1.25756800899e-17,4.4323208486e-07
bloch_wannier,12,-23.59546875,-0.000412931184484,1.49980350278e-16,1.70512163119e-07
bloch_wannier,12,-23.28703125,-0.000143701976709,1.3745323081e-16,2.06502581099e-08
bloch_wannier,12,-22.97859375,0.000133072375697,-6.24870386628e-17,1.77082571738e-08
bloch_wannier,12,-22.67015625,0.000408194054942,-3.75324345524e-17,1.6662238649e-07
bloch_wannier,12,-22.36171875,0.000672422691689,-1.00035535225e-16,4.52152276299e-07
bloch_wannier,12,-22.05328125,0.000916776503107,-8.75713115367e-17,8.40479156649e-07
bloch_wannier,12,-21.74484375,0.00113282827123,-1.37574363845e-16,1.2832998921e-06
bloch_wannier,12,-21.43640625,0.00131298673142,-1.00113981695e-16,1.72393415689e-06
bloch_wannier,12,-21.12796875,0.00145075430463,-1.50107446954e-16,2.10468805241e-06
bloch_wannier,12,-20.81953125,0.00154095275324,-1.62612641478e-16,2.3745353877e-06
bloch_wannier,12,-20.51109375,0.00157990925145,-2.1259400587e-16,2.49611324282e-06
bloch_wannier,12,-20.20265625,0.00156559651195,-1.37627362669e-16,2.45109243822e-06
bloch_wannier,12,-19.89421875,0.00149772196796,-2.12583940831e-16,2.24317109331e-06
bloch_wannier,12,-19.58578125,0.00137776253542,1.23254211515e-17,1.898229604e-06
bloch_wannier,12,-19.27734375,0.00120894312801,-1.48052833207e-19,1.46154348676e-06
bloch_wannier,12,-18.96890625,0.000996158821026,4.36075251267e-17,9.92332396709e-07
bloch_wannier,12,-18.66046875,0.000745842305954,1.87320886652e-16,5.5628074535e-07
bloch_wannier,12,-18.35203125,0.000422412137136,1.87360495424e-16,1.784320136e-07
bloch_wannier,12,-18.04359375,4.93603627432e-05,1.99900329489e-16,2.43644541014e-09
bloch_wannier,12,-17.73515625,-0.000331410969388,1.24982070132e-16,1.0983323063e-07
bloch_wannier,12,-17.42671875,-0.000721393357909,3.13237162051e-17,5.20408376835e-07
bloch_wannier,12,-17.11828125,-0.0011220741942,-8.41980872388e-17,1.25905049729e-06
bloch_wannier,12,-16.80984375,-0.00153490335296,-1.18506438346e-16,2.35592830293e-06
bloch_wannier,12,-16.50140625,-0.00196125545315,-1.93419115669e-16,3.84652295252e-06
bloch_wannier,12,-16.19296875,-0.00235023046422,-2.55842221966e-16,5.52358323496e-06
bloch_wannier,12,-15.88453125,-0.00261738314754,-3.12033172995e-16,6.850694541e-06
bloch_wannier,12,-15.57609375,-0.00280567711365,-3.12010113635e-16,7.87182406605e-06
bloch_wannier,12,-15.26765625,-0.00290809037821,-2.83885737729e-16,8.45698964782e-06
bloch_wannier,12,-14.95921875,-0.00292001115792,-3.02625500453e-16,8.52646516236e-06
bloch_wannier,12,-14.65078125,-0.00283941602487,-3.1825305601e-16,8.06228336229e-06
bloch_wannier,12,-14.34234375,-0.00266698108919,-2.9797118205e-16,7.11278813009e-06
bloch_wannier,12,-14.03390625,-0.00240612187944,-2.77700136941e-16,5.7894224987e-06
bloch_wannier,12,-13.72546875,-0.00206295931231,-2.35574411387e-16,4.25580112424e-06
bloch_wannier,12,-13.41703125,-0.00164621096307,-1.55975252294e-16,2.71001053492e-06
bloch_wannier,12,-13.10859375,-0.00116700872305,-6.07660560973e-17,1.36190935967e-06
bloch_wannier,12,-12.80015625,-0.000638645814892,2.03812027043e-17,4.07868476879e-07
bloch_wannier,12,-12.49171875,-7.6257983869e-05,1.12456674504e-16,5.81528010376e-09
bloch_wannier,12,-12.18328125,0.000503554551321,1.6470491437e-16,2.53567186156e-07
bloch_wannier,12,-11.87484375,0.00108315616769,2.23981138541e-16,1.17322728361e-06
bloch_wannier,12,-11.56640625,0.00164434623922,2.98877302974e-16,2.70387455443e-06
bloch_wannier,12,-11.25796875,0.00216885992435,3.99156697907e-16,4.70395337146e-06
bloch_wannier,12,-10.94953125,0.00263888737951,4.08469747444e-16,6.96372660175e-06
bloch_wannier,12,-10.64109375,0.00303759869659,3.45559735256e-16,9.22700584153e-06
bloch_wannier,12,-10.33265625,0.00334966141645,3.26780295996e-16,1.12202316048e-05
bloch_wannier,12,-10.02421875,0.003561737336,3.07232217312e-16,1.26859728506e-05
bloch_wannier,12,-9.71578125,0.00366294551244,1.68222421942e-16,1.34171698271e-05
bloch_wannier,12,-9.40734375,0.00364527887557,8.07655466853e-17,1.32880580807e-05
bloch_wannier,12,-9.09890625,0.00350396268106,9.7962306977e-17,1.22777544703e-05
bloch_wannier,12,-8.79046875,0.00323774415984,1.13612594842e-16,1.04829872446e-05
bloch_wannier,12,-8.48203125,0.00284910411892,8.55483556218e-17,8.11739428043e-06
bloch_wannier,12,-8.17359375,0.00234438289872,3.4071803997e-17,5.49613117581e-06
bloch_wannier,12,-7.86515625,0.0017338149552,4.66407254042e-17,3.00611429886e-06
bloch_wannier,12,-7.55671875,0.00103146837132,-1.8867541043e-17,1.06392700104e-06
bloch_wannier,12,-7.24828125,0.00025508776584,-1.46837482934e-16,6.50697682811e-08
bloch_wannier,12,-6.93984375,-0.000574158691879,-2.43565579628e-16,3.2965820346e-07
bloch_wannier,12,-6.63140625,-0.00143202518492,-2.8094296648e-16,2.05069613023e-06
bloch_wannier,12,-6.32296875,-0.00229162185411,-2.7459062205e-16,5.25153072224e-06
bloch_wannier,12,-6.01453125,-0.00312392873023,-2.37006248656e-16,9.75893071157e-06
bloch_wannier,12,-5.70609375,-0.00389838059004,-2.08799571759e-16,1.51973712248e-05
bloch_wannier,12,-5.39765625,-0.004583511487,-1.36874314126e-16,2.10085775515e-05
bloch_wannier,12,-5.08921875,-0.00514764608766,-9.61992452648e-17,2.64982602438e-05
bloch_wannier,12,-4.78078125,-0.00555962359272,-7.11604957727e-17,3.09094144928e-05
bloch_wannier,12,-4.47234375,-0.00578953897154,-5.86381908601e-17,3.3518761503e-05
bloch_wannier,12,-4.16390625,-0.00580948551896,-1.80297658145e-17,3.3750121995e-05
bloch_wannier,12,-3.85546875,-0.00559428237405,3.80863910014e-18,3.12959952806e-05
bloch_wannier,12,-3.54703125,-0.00512217063423,9.74569350824e-17,2.62366320061e-05
bloch_wannier,12,-3.23859375,-0.00437546205931,1.34847934854e-16,1.91446682324e-05
bloch_wannier,12,-2.93015625,-0.00334112508439,1.76889015955e-16,1.11631168295e-05
bloch_wannier,12,-2.62171875,-0.00201129393467,1.73602621509e-16,4.04530329163e-06
bloch_wannier,12,-2.31328125,-0.000383688038964,1.60909148875e-16,1.47216511244e-07
bloch_wannier,12,-2.00484375,0.0015380693573,1.57550264371e-16,2.36565734785e-06
bloch_wannier,12,-1.69640625,0.00374424251017,1.40100632033e-16,1.4019351975e-05
bloch_wannier,12,-1.38796875,0.00621889136559,1.21056352354e-16,3.8674609817e-05
bloch_wannier,12,-1.07953125,0.00893990119074,1.12914282007e-16,7.99218333001e-05
bloch_wannier,12,-0.77109375,0.0118791357312,8.75660327907e-17,0.000141113865719
bloch_wannier,12,-0.46265625,0.015002713417,8.40599677493e-17,0.000225081409874
bloch_wannier,12,-0.15421875,0.0182714035705,3.36830750584e-17,0.000333844188437
bloch_wannier,12,0.15421875,0.0221629427806,-7.39948334337e-18,0.000491196032698
bloch_wannier,12,0.46265625,0.0276444352714,-5.57047133394e-17,0.000764214801477
bloch_wannier,12,0.77109375,0.0343576284956,-8.89335398097e-17,0.00118044663584
bloch_wannier,12,1.07953125,0.042516621107,-1.10626161515e-16,0.00180766307035
bloch_wannier,12,1.38796875,0.0523931141984,-1.27062926442e-16,0.00274503841541
bloch_wannier,12,1.69640625,0.064325707777,-1.66592356099e-16,0.00413779668101
bloch_wannier,12,2.00484375,0.078731758067,-2.20090171653e-16,0.00619868972832
bloch_wannier,12,2.31328125,0.0961222141452,-2.51942296006e-16,0.00923948005218
bloch_wannier,12,2.62171875,0.117119964399,-2.66666290299e-16,0.0137170860609
bloch_wannier,12,2.93015625,0.142482354305,-2.97505880338e-16,0.0203012212882
bloch_wannier,12,3.23859375,0.173128691907,-2.6269061187e-16,0.0299735439614
bloch_wannier,12,3.54703125,0.205793771628,-3.08224212777e-16,0.0423510764408
bloch_wannier,12,3.85546875,0.232721502248,-2.78578353339e-16,0.0541592976086
bloch_wannier,12,4.16390625,0.258105183776,-3.07846580983e-16,0.0666182858921
bloch_wannier,12,4.47234375,0.281768332941,-2.28849242635e-16,0.0793933934482
bloch_wannier,12,4.78078125,0.303545932741,-1.54794349409e-16,0.0921401332837
bloch_wannier,12,5.08921875,0.323285628654,-1.04697297459e-16,0.104513597694
bloch_wannier,12,5.39765625,0.3408488322,5.01350282865e-18,0.116177926412
bloch_wannier,12,5.70609375,0.356111723303,9.1677092429e-17,0.126815559474
bloch_wannier,12,6.01453125,0.368966144006,1.85956424664e-16,0.136136015423
bloch_wannier,12,6.32296875,0.379320377258,1.5491718382e-16,0.143883948603
bloch_wannier,12,6.63140625,0.387099805678,5.59146968334e-17,0.149846259556
bloch_wannier,12,6.93984375,0.392247446418,5.47230320853e-17,0.153858059222
bloch_wannier,12,7.24828125,0.394724359389,3.42753237005e-17,0.155807319895
bloch_wannier,12,7.55671875,0.394509927271,-1.01478130277e-17,0.155638082715
bloch_wannier,12,7.86515625,0.391602006805,5.61930257557e-17,0.153352131733
bloch_wannier,12,8.17359375,0.38601695184,1.78743749885e-16,0.149009087108
bloch_wannier,12,8.48203125,0.377789509584,2.24212919374e-16,0.142724913551
bloch_wannier,12,8.79046875,0.366972592267,2.50379490688e-16,0.134668883475
bloch_wannier,12,9.09890625,0.353636927238,1.0076511563e-16,0.125059076306
bloch_wannier,12,9.40734375,0.33787058908,1.31295821757e-16,0.114156534965
bloch_wannier,12,9.71578125,0.319778417942,6.32318889575e-17,0.102258236581
bloch_wannier,12,10.02421875,0.299481328699,-2.21319154384e-17,0.0896890662394
bloch_wannier,12,10.33265625,0.277115515972,-5.93156018992e-17,0.0767930091924
bloch_wannier,12,10.64109375,0.252831560327,-9.72404889452e-17,0.0639237978974
bloch_wannier,12,10.94953125,0.226793441279,-7.61890112407e-17,0.0514352650073
bloch_wannier,12,11.25796875,0.194901108062,-8.59488016732e-17,0.0379864419236
bloch_wannier,12,11.56640625,0.165821293615,-1.52764746786e-16,0.0274967014162
bloch_wannier,12,11.87484375,0.14276378339,-1.41619718122e-16,0.0203814978479
bloch_wannier,12,12.18328125,0.124881250291,-1.24629542156e-16,0.0155953266743
bloch_wannier,12,12.49171875,0.111514613513,-8.19473715584e-17,0.0124355090269
bloch_wannier,12,12.80015625,0.102168914327,-7.52512543567e-17,0.0104384870547
bloch_wannier,12,13.10859375,0.0964951818302,-7.29702513391e-17,0.00931132011644
bloch_wannier,12,13.41703125,0.094539815615,-9.65477584278e-17,0.00893777673652
bloch_wannier,12,13.72546875,0.092138768512,-1.35053902375e-16,0.0084895526629
bloch_wannier,12,14.03390625,0.089042182226,-1.16323899465e-16,0.00792851021558
bloch_wannier,12,14.34234375,0.0852687129604,-1.19473372531e-16,0.00727075340992
bloch_wannier,12,14.65078125,0.0808433132547,-1.28204418138e-16,0.00653564129801
bloch_wannier,12,14.95921875,0.075797123773,-1.17532553118e-16,0.00574520397225
bloch_wannier,12,15.26765625,0.0701672836393,-9.96636424988e-17,0.00492344769332
bloch_wannier,12,15.57609375,0.0639966589215,-1.36390404116e-16,0.00409557235312
bloch_wannier,12,15.88453125,0.0573334902663,-1.60855529701e-16,0.00328712910612
bloch_wannier,12,16.19296875,0.0502309621396,-1.16500227806e-16,0.00252314955747
bloch_wannier,12,16.50140625,0.0427466975763,-1.11240000962e-16,0.00182728015368
bloch_wannier,12,16.80984375,0.0349421837813,-3.18541593119e-17,0.0012209562074
bloch_wannier,12,17.11828125,0.026882135307,9.93697674281e-17,0.000722649198664
bloch_wannier,12,17.42671875,0.0186338028378,1.77885711443e-16,0.000347218608196
bloch_wannier,12,17.73515625,0.0102662368065,1.77064993573e-16,0.000105395618166
bloch_wannier,12,18.04359375,0.00184951612812,1.39551784818e-16,3.42070990816e-06
bloch_wannier,12,18.35203125,-0.00654604677192,4.78987423563e-17,4.28507283401e-05
bloch_wannier,12,18.66046875,-0.0148507127485,-6.81984450851e-18,0.000220543669139
bloch_wannier,12,18.96890625,-0.0229961221591,4.26413107625e-17,0.000528821634358
bloch_wannier,12,19.27734375,-0.0309160878534,1.49137297214e-17,0.000955804488162
bloch_wannier,12,19.58578125,-0.0385473622236,-4.16186825143e-18,0.00148589913439
bloch_wannier,12,19.89421875,-0.0458303658092,8.07727125443e-17,0.0021004224302
bloch_wannier,12,20.20265625,-0.0527098653972,1.53749393159e-16,0.00277832991019
bloch_wannier,12,20.51109375,-0.0591355902438,1.14808830007e-16,0.00349701803349
bloch_wannier,12,20.81953125,-0.0650627759695,3.2370525626e-17,0.00423316481686
bloch_wannier,12,21.12796875,-0.0704526268205,-3.13923606991e-17,0.0049635726259
bloch_wannier,12,21.43640625,-0.0752726883357,-8.46830883808e-17,0.00566597760928
bloch_wannier,12,21.74484375,-0.0794971239849,-1.22819515832e-16,0.00631979272187
bloch_wannier,12,22.05328125,-0.0831068910188,-7.97216433476e-17,0.0069067553348
bloch_wannier,12,22.36171875,-0.0860898125709,3.1651239398e-17,0.00741145582849
bloch_wannier,12,22.67015625,-0.0884405449348,4.87037303626e-17,0.00782172998837
bloch_wannier,12,22.97859375,-0.0901604408702,2.44141127409e-17,0.0081289050979
bloch_wannier,12,23.28703125,-0.0912573117338,-1.60575416179e-17,0.00832789694488
bloch_wannier,12,23.59546875,-0.091745093143,-7.98350951019e-17,0.00841716211582
bloch_wannier,12,23.90390625,-0.0916434207161,-1.59497742429e-16,0.00839851656056
bloch_wannier,12,24.21234375,-0.0909771241672,-1.64264645873e-16,0.00827683712173
bloch_wannier,12,24.52078125,-0.0897756496119,-1.59628867885e-16,0.00805966726324
bloch_wannier,12,24.82921875,-0.0880724213435,-1.0712776463e-16,0.00775675140131
bloch_wannier,12,25.13765625,-0.0859041555178,-3.65280526576e-17,0.00737952393522
bloch_wannier,12,25.44609375,-0.0833101391338,5.90768601038e-18,0.00694057928249
bloch_wannier,12,25.75453125,-0.0803314883708,-1.30030950322e-17,0.00645314802387
bloch_wannier,12,26.06296875,-0.0770104007391,2.30965288885e-17,0.005930601822
bloch_wannier,12,26.37140625,-0.0733894156032,2.43124651871e-17,0.00538600632258
bloch_wannier,12,26.67984375,-0.0695106974404,3.88694815018e-17,0.00483173705865
bloch_wannier,12,26.98828125,-0.0654153557012,6.43323489291e-17,0.00427916876151
bloch_wannier,12,27.29671875,-0.0611428143538,1.25718594945e-16,0.00373844374711
bloch_wannier,12,27.60515625,-0.056730243136,1.73373412168e-16,0.00321832048627
bloch_wannier,12,27.91359375,-0.0522120612171,1.83752474315e-16,0.00272609933654
bloch_wannier,12,28.22203125,-0.0476195224314,1.78016692201e-16,0.0022676189166
bloch_wannier,12,28.53046875,-0.0429803894962,1.7139670914e-16,0.00184731388125
bloch_wannier,12,28.83890625,-0.0383187027215,1.56965121281e-16,0.00146832297826
bloch_wannier,12,29.14734375,-0.0336546466883,1.66545434726e-16,0.00113263524372
bloch_wannier,12,29.45578125,-0.0290045162628,1.53091367455e-16,0.000841261963636
bloch_wannier,12,29.76421875,-0.0236647923358,1.46580807812e-16,0.000560022396298
bloch_wannier,12,30.07265625,-0.0187341816037,1.33482833747e-16,0.000350969560362
bloch_wannier,12,30.38109375,-0.0147157261455,1.12687723737e-16,0.000216552595988
bloch_wannier,12,30.68953125,-0.0114353993076,8.41741656618e-17,0.000130768357325
bloch_wannier,12,30.99796875,-0.00875099007667,8.54071888945e-17,7.65798273219e-05
bloch_wannier,12,31.30640625,-0.00654629666103,9.60695716705e-17,4.28539999742e-05
bloch_wannier,12,31.61484375,-0.00472638778188,1.4426152216e-16,2.23387414647e-05
bloch_wannier,12,31.92328125,-0.00321374399016,1.19087979923e-16,1.03281504343e-05
bloch_wannier,12,32.23171875,-0.00194512665508,1.37673841706e-16,3.78351770431e-06
bloch_wannier,12,32.54015625,-0.00086905167513,7.81948556314e-17,7.55250814046e-07
bloch_wannier,12,32.84859375,5.62303863904e-05,4.37226331616e-17,3.16185635361e-09
bloch_wannier,12,33.15703125,0.00076878118719,6.15292565768e-18,5.91024513777e-07
bloch_wannier,12,33.46546875,0.00128755668793,3.10776907808e-17,1.65780222463e-06
bloch_wannier,12,33.77390625,0.0017045362317,6.85090707126e-17,2.90544376519e-06
bloch_wannier,12,34.08234375,0.00201848982484,7.4717696686e-17,4.074301173e-06
bloch_wannier,12,34.39078125,0.00223048060298,1.22209933063e-17,4.97504372028e-06
bloch_wannier,12,34.69921875,0.00234377270899,3.71954158236e-17,5.49327051141e-06
bloch_wannier,12,35.00765625,0.0023636910973,-1.25230952668e-16,5.58703560346e-06
bloch_wannier,12,35.31609375,0.00229743693707,-8.77403936748e-17,5.27821647982e-06
bloch_wannier,12,35.62453125,0.00215386332476,-1.50193552975e-16,4.63912722173e-06
bloch_wannier,12,35.93296875,0.00194321694096,-6.27087174376e-17,3.77609207964e-06
bloch_wannier,12,36.24140625,0.00167685207405,1.24736128841e-16,2.81183287824e-06
bloch_wannier,12,36.54984375,0.00136692406445,1.99738974472e-16,1.86848139797e-06
bloch_wannier,12,36.85828125,0.00102606968332,2.37263162293e-16,1.05281899503e-06
bloch_wannier,12,37.16671875,0.000667082235524,3.12272015972e-16,4.44998708952e-07
bloch_wannier,12,37.47515625,0.000302589263505,1.87375169494e-16,9.15602623885e-08
bloch_wannier,12,37.78359375,-5.52593773907e-05,2.49950641207e-17,3.0535987896e-09
bloch_wannier,12,38.09203125,-0.000395085596817,4.83840311531e-20,1.56092628812e-07
bloch_wannier,12,38.40046875,-0.000706552302944,-2.49017690972e-17,4.99216156795e-07
bloch_wannier,12,38.70890625,-0.000980601441878,1.26142374411e-17,9.61579187814e-07
bloch_wannier,12,39.01734375,-0.00120965529544,1.48140048563e-19,1.46326593378e-06
bloch_wannier,12,39.32578125,-0.00138777642612,1.26641019952e-17,1.92592340888e-06
bloch_wannier,12,39.63421875,-0.00151078270538,-1.2309130879e-17,2.28246438286e-06
bloch_wannier,12,39.94265625,-0.00157631499353,6.26637849081e-17,2.48476895882e-06
bloch_wannier,12,40.25109375,-0.00158385622826,6.44104064572e-18,2.50860055179e-06
bloch_wannier,12,40.55953125,-0.00153470189478,-4.97886468212e-17,2.35530990585e-06
bloch_wannier,12,40.86796875,-0.0014159614906,-1.12273930324e-16,2.00494694286e-06
bloch_wannier,12,41.17640625,-0.00128249425069,-6.85607559487e-17,1.64479150306e-06
bloch_wannier,12,41.48484375,-0.0011516774641,-9.22957148753e-18,1.32636098131e-06
bloch_wannier,12,41.79328125,-0.00102465634662,3.76079294097e-17,1.04992062866e-06
bloch_wannier,12,42.10171875,-0.000902329169063,7.19518567493e-17,8.14197929342e-07
bloch_wannier,12,42.41015625,-0.000785403801512,6.88140004218e-17,6.16859131429e-07
bloch_wannier,12,42.71859375,-0.000674447816318,7.81710235321e-17,4.54879856936e-07
bloch_wannier,12,43.02703125,-0.000582289961519,7.19126632502e-17,3.39061599286e-07
bloch_wannier,12,43.33546875,-0.000487448358134,9.06422711027e-17,2.37605901847e-07
bloch_wannier,12,43.64390625,-0.000380907710636,7.8135075237e-17,1.45090684022e-07
bloch_wannier,12,43.95234375,-0.000266232838702,3.12679751178e-17,7.08799244031e-08
bloch_wannier,12,44.26078125,-0.000147104793407,7.18593684379e-17,2.16398202432e-08
bloch_wannier,12,44.56921875,-2.72141060444e-05,8.74623715625e-17,7.40607567798e-10
bloch_wannier,12,44.87765625,8.98431753444e-05,1.03065721679e-16,8.07179615597e-09
bloch_wannier,12,45.18609375,0.000200663948689,1.35849289597e-16,4.02660203033e-08
bloch_wannier,12,45.49453125,0.000302128509897,1.6863400332e-16,9.12816364927e-08
bloch_wannier,12,45.80296875,0.000391480749764,1.84240746326e-16,1.53257177436e-07
bloch_wannier,12,46.11140625,0.000466396171442,2.02972794432e-16,2.17525388735e-07
bloch_wannier,12,46.41984375,0.000525036169483,2.24830372803e-16,2.75662979266e-07
bloch_wannier,12,46.72828125,0.000566087411658,1.86562016002e-16,3.20454957638e-07
bloch_wannier,12,47.03671875,0.000588785588729,1.10813461606e-16,3.46668469495e-07
bloch_wannier,12,47.34515625,0.000592923233522,2.53061267822e-17,3.5155796085e-07
bloch_wannier,12,47.65359375,0.000578841747169,-2.72066162242e-17,3.35057768266e-07
bloch_wannier,12,47.96203125,0.00054740819567,-6.99561807785e-17,2.99655732686e-07
bloch_wannier,12,48.27046875,0.000499977842838,-1.80445497143e-16,2.49977843329e-07
bloch_wannier,12,48.57890625,0.000438343755743,-3.02255896038e-16,1.92145248199e-07
bloch_wannier,12,48.88734375,0.000364675146543,-3.74088227532e-16,1.32987962506e-07
bloch_wannier,12,49.19578125,0.000281446391998,-4.07656058772e-16,7.92120715688e-08
bloch_wannier,12,49.50421875,0.000191358892191,-4.37318628684e-16,3.66182256205e-08
bloch_wannier,12,49.81265625,9.72580879778e-05,-4.79474855507e-16,9.45913567709e-09
bloch_wannier,12,50.12109375,2.04804913191e-06,-4.07621842344e-16,4.19450524673e-12
bloch_wannier,12,50.42953125,-9.13939296391e-05,-2.98286600507e-16,8.35285037487e-09
bloch_wannier,12,50.73796875,-0.000180300329256,-1.5459300602e-16,3.25082087297e-08
bloch_wannier,12,51.04640625,-0.000262091714372,-2.65179683708e-17,6.86920667423e-08
bloch_wannier,12,51.35484375,-0.000334448227554,4.06469403931e-17,1.11855616914e-07
bloch_wannier,12,51.66328125,-0.00039537237134,1.31236977344e-16,1.56319312019e-07
bloch_wannier,12,51.97171875,-0.000443241452112,2.93666768808e-16,1.9646298487e-07
bloch_wannier,12,52.28015625,-0.000476848372724,4.7171249916e-16,2.2738437057e-07
bloch_wannier,12,52.58859375,-0.000495429805545,4.96703071528e-16,2.45450692223e-07
bloch_wannier,12,52.89703125,-0.000498681144277,3.59267837309e-16,2.48682883658e-07
bloch_wannier,12,53.20546875,-0.00048675801127,1.62483539856e-16,2.36933361535e-07
bloch_wannier,12,53.51390625,-0.000460264476547,4.69094226395e-17,2.11843388372e-07
bloch_wannier,12,53.82234375,-0.000420228515041,3.17500025043e-18,1.76592004854e-07
bloch_wannier,12,54.13078125,-0.000368065579465,6.29214923307e-18,1.35472270787e-07
bloch_wannier,12,54.43921875,-0.000305531488561,1.56551023152e-17,9.3349490502e-08
bloch_wannier,12,54.74765625,-0.000234666115478,4.37582577086e-17,5.50681857537e-08
bloch_wannier,12,55.05609375,-0.000157729601441,3.43782244035e-17,2.48786271707e-08
bloch_wannier,12,55.36453125,-7.71330094892e-05,2.81212799679e-17,5.94950115286e-09
bloch_wannier,12,55.67296875,4.63453273203e-06,-5.3100698264e-17,2.14788936442e-11
bloch_wannier,12,55.98140625,8.50800765704e-05,-9.37165322998e-17,7.23861942923e-09
bloch_wannier,12,56.28984375,0.000161780342208,-1.31208370571e-16,2.6172879125e-08
bloch_wannier,12,56.59828125,0.00023245235893,-1.42149405247e-16,5.40340991721e-08
bloch_wannier,12,56.90671875,0.00029501926239,-1.57774752982e-16,8.70363651814e-08
bloch_wannier,12,57.21515625,0.000347669412525,-1.99948951614e-16,1.20874020406e-07
bloch_wannier,12,57.52359375,0.000388907202681,-2.04639307436e-16,1.51248812297e-07
bloch_wannier,12,57.83203125,0.000417594181106,-1.6716037538e-16,1.74384900094e-07
bloch_wannier,12,58.14046875,0.000432979392905,-1.43735731276e-16,1.8747115468e-07
bloch_wannier,12,58.44890625,0.000434718165549,-9.61020034413e-17,1.88979883458e-07
bloch_wannier,12,58.75734375,0.000422878895252,-8.59490579743e-17,1.78826560049e-07
bloch_wannier,12,59.06578125,0.000397937735364,-2.97223357659e-17,1.58354441226e-07
bloch_wannier,12,59.37421875,0.000355004653665,1.98690734802e-17,1.26028304124e-07
bloch_wannier,12,59.68265625,0.000308308845393,8.61523449048e-17,9.50543441474e-08
bloch_wannier,12,59.99109375,0.000263488970986,1.57315913312e-16,6.94264378313e-08
bloch_wannier,12,60.29953125,0.000220420527055,2.2330590891e-16,4.85852087471e-08
bloch_wannier,12,60.60796875,0.000178975565128,2.29558058653e-16,3.20322529129e-08
bloch_wannier,12,60.91640625,0.000139025305187,2.05355538625e-16,1.93280354822e-08
bloch_wannier,12,61.22484375,0.000100442489745,2.24882370532e-16,1.00886937462e-08
bloch_wannier,12,61.53328125,6.31035413687e-05,2.37381091633e-16,3.98205693328e-09
bloch_wannier,12,61.84171875,2.68905829947e-05,2.24891378042e-16,7.23103453793e-10
bloch_wannier,12,62.15015625,-8.30662210412e-06,1.90536780358e-16,6.89999707806e-11
bloch_wannier,12,62.45859375,-4.25887553827e-05,1.7492329321e-16,1.81380208505e-09
bloch_wannier,12,62.76703125,-7.20893456608e-05,1.87421054389e-16,5.19687375781e-09
bloch_wannier,12,63.07546875,-9.45490993639e-05,1.87423804916e-16,8.93953219052e-09
bloch_wannier,12,63.38390625,-0.000113198308579,1.99920237185e-16,1.28138570652e-08
bloch_wannier,12,63.69234375,-0.000127452533068,2.31157353822e-16,1.62441481853e-08
bloch_wannier,12,64.00078125,-0.000136885843447,2.06170212271e-16,1.87377341362e-08
bloch_wannier,12,64.30921875,-0.000141242936587,1.43700003864e-16,1.99495671358e-08
bloch_wannier,12,64.61765625,-0.000140445443237,-1.74900877985e-16,1.97249225261e-08
bloch_wannier,12,64.92609375,-0.000134592287277,-3.37325523982e-16,1.81150837945e-08
bloch_wannier,12,65.23453125,-0.000123954150708,-4.43527088173e-16,1.53646314777e-08
bloch_wannier,12,65.54296875,-0.000108962289584,-5.24740888742e-16,1.18727805515e-08
bloch_wannier,12,65.85140625,-9.01921275551e-05,-3.9980170343e-16,8.13461987291e-09
bloch_wannier,12,66.15984375,-6.83422197378e-05,-4.4353389867e-16,4.67065899869e-09
bloch_wannier,12,66.46828125,-4.42093251606e-05,-3.935602605e-16,1.95446443116e-09
bloch_wannier,12,66.77671875,-1.86604464324e-05,-3.74822166736e-16,3.48212261057e-10
bloch_wannier,12,67.08515625,7.39721299437e-06,-2.74872170684e-16,5.47187600841e-11
bloch_wannier,12,67.39359375,3.30473633627e-05,-9.37101601302e-17,1.09212822523e-09
bloch_wannier,12,67.70203125,5.73957772868e-05,-5.62306967527e-17,3.29427525036e-09
bloch_wannier,12,68.01046875,7.96004416459e-05,5.62139195546e-17,6.33623031022e-09
bloch_wannier,12,68.31890625,9.88997219096e-05,2.31129633666e-16,9.7811549938e-09
bloch_wannier,12,68.62734375,0.000114637620114,1.68656964332e-16,1.31417839455e-08
bloch_wannier,12,68.93578125,0.000126285309091,4.1853850589e-16,1.59479792922e-08
bloch_wannier,12,69.24421875,0.000133458252872,1.99890030468e-16,1.78111052597e-08
bloch_wannier,12,69.55265625,0.000135928372214,2.56113395763e-16,1.84765223726e-08
bloch_wannier,12,69.86109375,0.000133630879994,2.56113677124e-16,1.7857212088e-08
bloch_wannier,12,70.16953125,0.000126665588421,1.56161342932e-16,1.604417129e-08
bloch_wannier,12,70.47796875,0.000113531568242,1.09309894887e-16,1.28894169874e-08
bloch_wannier,12,70.78640625,9.86532257049e-05,-2.18768412346e-17,9.73245894198e-09
bloch_wannier,12,71.09484375,8.38143694885e-05,-8.1222228896e-17,7.02484853276e-09
bloch_wannier,12,71.40328125,6.90340155574e-05,-1.40567623722e-16,4.76569530398e-09
bloch_wannier,12,71.71171875,5.43279760278e-05,-1.79610036499e-16,2.95152897928e-09
bloch_wannier,12,72.02015625,3.97093598606e-05,-1.90540626085e-16,1.57683326054e-09
bloch_wannier,12,72.32859375,2.51890783821e-05,-1.51494634115e-16,6.3448966974e-10
bloch_wannier,12,72.63703125,1.24804157893e-05,-1.45246003553e-16,1.55760778273e-10
bloch_wannier,12,72.94546875,1.12956415156e-06,-1.53053456224e-16,1.27591517249e-12
bloch_wannier,12,73.25390625,-1.01718740158e-05,-9.99519414998e-17,1.03467020994e-10
bloch_wannier,12,73.56234375,-2.10332738332e-05,-2.49857209656e-17,4.42398608144e-10
bloch_wannier,12,73.87078125,-3.1082347692e-05,-1.40521104595e-17,9.66112338045e-10
bloch_wannier,12,74.17921875,-3.99777043224e-05,3.90491096048e-17,1.59821684289e-09
bloch_wannier,12,74.48765625,-4.74202610371e-05,8.59030775529e-17,2.24868115683e-09
bloch_wannier,12,74.79609375,-5.31631347839e-05,1.40565680099e-16,2.82631890006e-09
bloch_wannier,12,75.10453125,-5.70196910547e-05,1.83514787514e-16,3.25124516797e-09
bloch_wannier,12,75.41296875,-5.88694933343e-05,1.66335560001e-16,3.46561724544e-09
bloch_wannier,12,75.72140625,-5.86619674855e-05,1.7492526161e-16,3.44122642927e-09
bloch_wannier,12,76.02984375,-5.64176728437e-05,1.53060227065e-16,3.1829538091e-09
bloch_wannier,12,76.33828125,-5.22271522732e-05,1.26900090663e-16,2.72767543457e-09
bloch_wannier,12,76.64671875,-4.62474143495e-05,1.25337589806e-16,2.13882333401e-09
bloch_wannier,12,76.95515625,-3.86961795219e-05,1.53058056808e-16,1.49739430959e-09
bloch_wannier,12,77.26359375,-2.98440960137e-05,1.34828205447e-16,8.90670066875e-10
bloch_wannier,12,77.57203125,-2.00051979215e-05,1.01712626744e-16,4.00207943877e-10
bloch_wannier,12,77.88046875,-9.52593533075e-06,1.26113976997e-16,9.07434439256e-11
bloch_wannier,12,78.18890625,1.22684756888e-06,1.62033336809e-16,1.50515495727e-12
bloch_wannier,12,78.49734375,1.18785768779e-05,1.44462136162e-16,1.41100588645e-10
bloch_wannier,12,78.80578125,2.20598265952e-05,1.39775583669e-16,4.8663594941e-10
bloch_wannier,12,79.11421875,3.14189746447e-05,1.85065725451e-16,9.87151967725e-10
bloch_wannier,12,79.42265625,3.96342114531e-05,1.8584560365e-16,1.57087071751e-09
bloch_wannier,12,79.73109375,4.64244982226e-05,7.80827421349e-17,2.15523403522e-09
bloch_wannier,12,80.03953125,5.15591083393e-05,-4.69161981947e-18,2.65834165274e-09
bloch_wannier,12,80.34796875,5.48654337012e-05,-5.46686183251e-17,3.01021581522e-09
bloch_wannier,12,80.65640625,5.62347965179e-05,-9.68365368716e-17,3.16235233941e-09
bloch_wannier,12,80.96484375,5.56260743664e-05,-1.57745435772e-16,3.09426014942e-09
bloch_wannier,12,81.27328125,5.30670197539e-05,-1.59306890928e-16,2.81610858556e-09
bloch_wannier,12,81.58171875,4.86532327046e-05,-1.74924035894e-16,2.36713705261e-09
bloch_wannier,12,81.89015625,4.25448234122e-05,-1.78046824929e-16,1.81006199917e-09
bloch_wannier,12,82.19859375,3.49608791839e-05,-1.23383996917e-16,1.22226307331e-09
bloch_wannier,12,82.50703125,2.61719232246e-05,-4.37327245341e-17,6.84969565276e-10
bloch_wannier,12,82.81546875,1.64906198423e-05,3.90421942296e-17,2.71940542782e-10
bloch_wannier,12,83.12390625,6.26103921884e-06,5.7784669591e-17,3.92006120998e-11
bloch_wannier,12,83.43234375,-4.15315695417e-06,-1.71789454341e-17,1.7248712686e-11
bloch_wannier,12,83.74078125,-1.43812114984e-05,-7.96484348556e-17,2.06819244162e-10
bloch_wannier,12,84.04921875,-2.4058028945e-05,-1.29623843385e-16,5.78788756718e-10
bloch_wannier,12,84.35765625,-3.28367643379e-05,-1.59296370748e-16,1.07825309218e-09
bloch_wannier,12,84.66609375,-4.04008192245e-05,-1.2806007342e-16,1.63222619401e-09
bloch_wannier,12,84.97453125,-4.64748396241e-05,-1.20250486818e-16,2.15991071809e-09
bloch_wannier,12,85.28296875,-5.08343434225e-05,-1.15564647283e-16,2.5841304712e-09
bloch_wannier,12,85.59140625,-5.33136496791e-05,-1.06193732356e-16,2.84234524211e-09
bloch_wannier,12,85.89984375,-5.38118382858e-05,-7.49583003468e-17,2.89571393969e-09
bloch_wannier,12,86.20828125,-5.22965334638e-05,-2.96671979703e-17,2.73492741233e-09
bloch_wannier,12,86.51671875,-4.88053766001e-05,2.96795793834e-17,2.38196478508e-09
bloch_wannier,12,86.82515625,-4.34451305517e-05,7.02849052406e-17,1.88747936865e-09
bloch_wannier,12,87.13359375,-3.63884362832e-05,8.82443793689e-17,1.32411829514e-09
bloch_wannier,12,87.44203125,-2.78683209669e-05,4.76373536577e-17,7.76643313512e-10
bloch_wannier,12,87.75046875,-1.81706318878e-05,3.2799364809e-17,3.30171863204e-10
bloch_wannier,12,88.05890625,-7.62464019522e-06,-1.56167517501e-17,5.81351381065e-11
bloch_wannier,12,88.36734375,3.40787958974e-06,-3.59210939931e-17,1.16136432981e-11
bloch_wannier,12,88.67578125,1.45447364038e-05,-8.90225885621e-17,2.11549357056e-10
bloch_wannier,13,-59.06578125,0.000851828316317,-2.82161527807e-17,7.25611480479e-07
bloch_wannier,13,-58.75734375,0.000787697302681,-2.1961224797e-17,6.2046704065e-07
bloch_wannier,13,-58.44890625,0.000726443976821,-3.75714089273e-17,5.27720851459e-07
bloch_wannier,13,-58.14046875,0.000667867640961,-4.06877724949e-17,4.46047185843e-07
bloch_wannier,13,-57.83203125,0.00061178196997,-3.28720612315e-17,3.7427717878e-07
bloch_wannier,13,-57.52359375,0.000558013896231,-8.98700286138e-17,3.11379508387e-07
bloch_wannier,13,-57.21515625,0.000506402910172,-1.23441731914e-16,2.56443907431e-07
bloch_wannier,13,-56.90671875,0.000456800742725,-1.65212966111e-16,2.08666918554e-07
bloch_wannier,13,-56.59828125,0.000409071409547,-2.66331634561e-16,1.67339418109e-07
bloch_wannier,13,-56.28984375,0.000363091609487,-2.34309748386e-16,1.3183551688e-07
bloch_wannier,13,-55.98140625,0.00031875148195,-3.17078051433e-16,1.01602507245e-07
bloch_wannier,13,-55.67296875,0.00028101563532,-3.23320504324e-16,7.89697872942e-08
bloch_wannier,13,-55.36453125,0.000239698645086,-3.623596582e-16,5.74554404561e-08
bloch_wannier,13,-55.05609375,0.000191101744568,-3.17062418848e-16,3.6519876777e-08
bloch_wannier,13,-54.74765625,0.000136813708522,-2.96752779332e-16,1.87179908396e-08
bloch_wannier,13,-54.43921875,7.85998156847e-05,-3.18610409886e-16,6.17793102568e-09
bloch_wannier,13,-54.13078125,1.83451562004e-05,-1.90538009724e-16,3.36544756016e-10
bloch_wannier,13,-53.82234375,-4.20058068291e-05,-1.37430488166e-16,1.76448780736e-09
bloch_wannier,13,-53.51390625,-0.000100511498693,4.99889027061e-17,1.01025613696e-08
bloch_wannier,13,-53.20546875,-0.000155295336774,1.65566484486e-16,2.41166416236e-08
bloch_wannier,13,-52.89703125,-0.00020460570103,2.24919728161e-16,4.18634928938e-08
bloch_wannier,13,-52.58859375,-0.000246871863137,3.40495776967e-16,6.09457168086e-08
bloch_wannier,13,-52.28015625,-0.000280754093933,4.0609420544e-16,7.88228612602e-08
bloch_wannier,13,-51.97171875,-0.000305186353015,3.76423595081e-16,9.31387100666e-08
bloch_wannier,13,-51.66328125,-0.000319410199131,4.45143153196e-16,1.02022875309e-07
bloch_wannier,13,-51.35484375,-0.000322998838129,4.31087675728e-16,1.04328249433e-07
bloch_wannier,13,-51.04640625,-0.000315870537875,3.99851431765e-16,9.97741966973e-08
bloch_wannier,13,-50.73796875,-0.000298290976978,3.48310916742e-16,8.89775069465e-08
bloch_wannier,13,-50.42953125,-0.000270864445733,3.12386881312e-16,7.33675479624e-08
bloch_wannier,13,-50.12109375,-0.000234514172301,2.85832364339e-16,5.49968970099e-08
bloch_wannier,13,-49.81265625,-0.000190452393683,2.74113704203e-16,3.62721142596e-08
bloch_wannier,13,-49.50421875,-0.000140141118497,2.27254486351e-16,1.96395330936e-08
bloch_wannier,13,-49.19578125,-8.52448265483e-05,1.9230319219e-16,7.26668045325e-09
bloch_wannier,13,-48.88734375,-2.75766093042e-05,1.1635513413e-16,7.60469380718e-10
bloch_wannier,13,-48.57890625,3.0960532729e-05,7.80846359244e-17,9.58554586867e-10
bloch_wannier,13,-48.27046875,8.84353618083e-05,5.5431953314e-17,7.82081321816e-09
bloch_wannier,13,-47.96203125,0.000151392869495,1.95035665947e-17,2.29198009341e-08
bloch_wannier,13,-47.65359375,0.000223084366123,-6.71833676022e-17,4.97666344087e-08
bloch_wannier,13,-47.34515625,0.000295223253106,-1.87448380412e-16,8.71567691747e-08
bloch_wannier,13,-47.03671875,0.000367957185192,-2.51489798297e-16,1.35392490134e-07
bloch_wannier,13,-46.72828125,0.000441424767284,-3.29587222977e-16,1.94855825172e-07
bloch_wannier,13,-46.41984375,0.000515753998032,-4.12370058828e-16,2.66002186486e-07
bloch_wannier,13,-46.11140625,0.000591060644735,-4.96714782928e-16,3.49352685754e-07
bloch_wannier,13,-45.80296875,0.000658415157143,-6.12293904171e-16,4.33510519156e-07
bloch_wannier,13,-45.49453125,0.000694736553273,-6.56027871657e-16,4.82658878453e-07
bloch_wannier,13,-45.18609375,0.000707803237545,-6.87264842863e-16,5.00985423079e-07
bloch_wannier,13,-44.87765625,0.000697128829132,-5.62322051631e-16,4.85988604407e-07
bloch_wannier,13,-44.56921875,0.000663011384372,-4.93600057253e-16,4.39584095807e-07
bloch_wannier,13,-44.26078125,0.000606525743998,-3.93639952562e-16,3.67873478132e-07
bloch_wannier,13,-43.95234375,0.000529490564275,-1.37500476286e-16,2.80360257656e-07
bloch_wannier,13,-43.64390625,0.000434411022665,-1.25473484062e-17,1.88712936613e-07
bloch_wannier,13,-43.33546875,0.000324398971251,7.49251629801e-17,1.05234692549e-07
bloch_wannier,13,-43.02703125,0.000203073039521,2.99834692311e-16,4.12386593801e-08
bloch_wannier,13,-42.71859375,7.44418390004e-05,4.18544854883e-16,5.54158739377e-09
bloch_wannier,13,-42.41015625,-5.72260251238e-05,4.74784647344e-16,3.27481795147e-09
bloch_wannier,13,-42.10171875,-0.000187540993645,4.87294754724e-16,3.51716242972e-08
bloch_wannier,13,-41.79328125,-0.000312136196088,5.18545384234e-16,9.74290049083e-08
bloch_wannier,13,-41.48484375,-0.000426811082388,5.62288947255e-16,1.82167700049e-07
bloch_wannier,13,-41.17640625,-0.000527670409333,5.87289595759e-16,2.78436060885e-07
bloch_wannier,13,-40.86796875,-0.00061125407493,5.37323238208e-16,3.73631544118e-07
bloch_wannier,13,-40.55953125,-0.000674653564996,4.40501352311e-16,4.55157432762e-07
bloch_wannier,13,-40.25109375,-0.000715611183231,3.99900385875e-16,5.12099365565e-07
bloch_wannier,13,-39.94265625,-0.00073259876658,2.6871390806e-16,5.36700952795e-07
bloch_wannier,13,-39.63421875,-0.000724873225614,1.78130386059e-16,5.25441193213e-07
bloch_wannier,13,-39.32578125,-0.000692506975234,4.06907899431e-17,4.79565910748e-07
bloch_wannier,13,-39.01734375,-0.000636392111885,-4.36515838416e-17,4.04994920069e-07
bloch_wannier,13,-38.70890625,-0.000558218024897,-1.04570130853e-16,3.11607363319e-07
bloch_wannier,13,-38.40046875,-0.000460422975611,-1.5768223799e-16,2.11989316471e-07
bloch_wannier,13,-38.09203125,-0.00034612101197,-1.97521333966e-16,1.19799754927e-07
bloch_wannier,13,-37.78359375,-0.000219006381908,-2.45561283929e-16,4.79637953166e-08
bloch_wannier,13,-37.47515625,-8.32383409155e-05,-2.55534185224e-16,6.92862139837e-09
bloch_wannier,13,-37.16671875,5.6690105907e-05,-2.56917868998e-16,3.21376810775e-09
bloch_wannier,13,-36.85828125,0.000196095449871,-2.70209973903e-16,3.845342546e-08
bloch_wannier,13,-36.54984375,0.000330254423701,-3.20202997237e-16,1.09067984374e-07
bloch_wannier,13,-36.24140625,0.000454557483871,-3.3271236837e-16,2.06622506143e-07
bloch_wannier,13,-35.93296875,0.00056466014466,-2.7494041571e-16,3.18841078968e-07
bloch_wannier,13,-35.62453125,0.000656627307802,-1.81245565444e-16,4.31159421351e-07
bloch_wannier,13,-35.31609375,0.000727065914569,-1.75007117486e-16,5.28624844127e-07
bloch_wannier,13,-35.00765625,0.000773241578931,-1.87506920773e-16,5.97902539387e-07
bloch_wannier,13,-34.69921875,0.000793175331625,-1.53150453856e-16,6.29127106699e-07
bloch_wannier,13,-34.39078125,0.000785717201756,-1.187906324e-16,6.17351521136e-07
bloch_wannier,13,-34.08234375,0.000750594067144,-1.25860696616e-17,5.63391453632e-07
bloch_wannier,13,-33.77390625,0.000688429995699,5.61393594382e-17,4.73935858978e-07
bloch_wannier,13,-33.46546875,0.000600738153522,7.48913211906e-17,3.60886329097e-07
bloch_wannier,13,-33.15703125,0.000489884244962,3.11753774812e-17,2.39986573462e-07
bloch_wannier,13,-32.84859375,0.000359022347912,4.36855518409e-17,1.288970463e-07
bloch_wannier,13,-32.54015625,0.000212004886264,5.61977046867e-17,4.49460717998e-08
bloch_wannier,13,-32.23171875,5.32693129411e-05,9.99466635857e-17,2.83761970122e-09
bloch_wannier,13,-31.92328125,-0.000112295164957,5.62374199887e-17,1.26102040727e-08
bloch_wannier,13,-31.61484375,-0.000279496826935,3.42284894477e-20,7.81184762665e-08
bloch_wannier,13,-31.30640625,-0.000443002112529,-2.49340446869e-17,1.96250871705e-07
bloch_wannier,13,-30.99796875,-0.000597502789716,-1.86680496112e-17,3.57009583718e-07
bloch_wannier,13,-30.68953125,-0.000737884426975,-4.36391546177e-17,5.44473427573e-07
bloch_wannier,13,-30.38109375,-0.000859390883902,-2.48830517693e-17,7.38552691333e-07
bloch_wannier,13,-30.07265625,-0.000957779605673,6.88351103695e-17,9.17341773043e-07
bloch_wannier,13,-29.76421875,-0.00102946274053,6.57203519218e-17,1.05979353413e-06
bloch_wannier,13,-29.45578125,-0.00107815904355,7.82204638983e-17,1.1624269232e-06
bloch_wannier,13,-29.14734375,-0.00114087923129,5.32398481073e-17,1.30160542039e-06
bloch_wannier,13,-28.83890625,-0.00121038701436,6.88660458549e-17,1.46503672454e-06
bloch_wannier,13,-28.53046875,-0.00128605274386,8.13694606336e-17,1.65393166e-06
bloch_wannier,13,-28.22203125,-0.00136730606592,5.32675773971e-17,1.86952587791e-06
bloch_wannier,13,-27.91359375,-0.00145362004297,5.17163792608e-17,2.11301122933e-06
bloch_wannier,13,-27.60515625,-0.00154449687007,2.83009802134e-17,2.38547058165e-06
bloch_wannier,13,-27.29671875,-0.00163945492832,1.89419979221e-17,2.68781246201e-06
bloch_wannier,13,-26.98828125,-0.00173801697128,2.36393739409e-17,3.02070299247e-06
bloch_wannier,13,-26.67984375,-0.00183969928839,2.20900578834e-17,3.38449347171e-06
bloch_wannier,13,-26.37140625,-0.00194400173447,5.64617393474e-17,3.77914274362e-06
bloch_wannier,13,-26.06296875,-0.00203781887497,2.49560836247e-19,4.15270576718e-06
bloch_wannier,13,-25.75453125,-0.00204945257353,1.58686710527e-17,4.20025585115e-06
bloch_wannier,13,-25.44609375,-0.00199068561161,-9.97093985189e-17,3.96282920429e-06
bloch_wannier,13,-25.13765625,-0.00186311313897,-1.55948689438e-16,3.47119056861e-06
bloch_wannier,13,-24.82921875,-0.00167068155665,-9.35015135133e-17,2.79117686375e-06
bloch_wannier,13,-24.52078125,-0.00141956874082,-9.66558030638e-17,2.01517540991e-06
bloch_wannier,13,-24.21234375,-0.00111798885557,-3.73455310508e-17,1.24989908119e-06
bloch_wannier,13,-23.90390625,-0.000775927821118,5.00716173498e-17,6.02063983585e-07
bloch_wannier,13,-23.59546875,-0.000404817816911,-2.80622580142e-17,1.63877464889e-07
bloch_wannier,13,-23.28703125,-1.71612515129e-05,-4.37274177507e-17,2.94508553488e-10
bloch_wannier,13,-22.97859375,0.00037388364644,-2.81576214397e-17,1.39788981075e-07
bloch_wannier,13,-22.67015625,0.000754942125198,-9.37985667411e-17,5.69937612398e-07
bloch_wannier,13,-22.36171875,0.00111287269911,-7.82247150951e-17,1.23848564443e-06
bloch_wannier,13,-22.05328125,0.0014352125929,-7.51406532471e-17,2.05983518682e-06
bloch_wannier,13,-21.74484375,0.0017106040424,-1.2515097257e-16,2.92616618989e-06
bloch_wannier,13,-21.43640625,0.00192918717392,-4.39657766876e-17,3.72176315203e-06
bloch_wannier,13,-21.12796875,0.00208294617281,-7.05346720829e-17,4.33866475884e-06
bloch_wannier,13,-20.81953125,0.0021659968801,-4.08712404126e-17,4.69154248461e-06
bloch_wannier,13,-20.51109375,0.00217480578018,-2.68164022424e-17,4.72978018152e-06
bloch_wannier,13,-20.20265625,0.00210833250732,-5.96054011628e-17,4.44506596141e-06
bloch_wannier,13,-19.89421875,0.00196809043631,-4.35800988257e-17,3.87337996548e-06
bloch_wannier,13,-19.58578125,0.00175812255742,-7.61563036563e-17,3.09099492691e-06
bloch_wannier,13,-19.27734375,0.00148489258349,-6.28478099606e-17,2.20490598449e-06
bloch_wannier,13,-18.96890625,0.0011570940113,-8.13536677437e-17,1.33886655099e-06
bloch_wannier,13,-18.66046875,0.000785382570883,-1.33627392644e-16,6.16825782646e-07
bloch_wannier,13,-18.35203125,0.000319582167724,-1.67929256645e-16,1.02132761927e-07
bloch_wannier,13,-18.04359375,-0.000215116957009,-1.79577039012e-16,4.62753051929e-08
bloch_wannier,13,-17.73515625,-0.000757131735514,-1.24848762098e-16,5.73248464923e-07
bloch_wannier,13,-17.42671875,-0.00130731710374,-7.16812531258e-17,1.70907800974e-06
bloch_wannier,13,-17.11828125,-0.00186647747086,-4.0377404732e-17,3.48373814924e-06
bloch_wannier,13,-16.80984375,-0.00243533344437,2.21630020297e-17,5.93084898526e-06
bloch_wannier,13,-16.50140625,-0.00301448562575,7.53340584136e-17,9.08712358786e-06
bloch_wannier,13,-16.19296875,-0.00353463042241,1.44115573976e-16,1.2493612223e-05
bloch_wannier,13,-15.88453125,-0.00387054075208,1.75392082126e-16,1.49810857135e-05
bloch_wannier,13,-15.57609375,-0.0040799935196,2.00406029491e-16,1.664634712e-05
bloch_wannier,13,-15.26765625,-0.00415497645078,2.2540350905e-16,1.72638293065e-05
bloch_wannier,13,-14.95921875,-0.00409172338836,3.56584320978e-16,1.67422002869e-05
bloch_wannier,13,-14.65078125,-0.00389087670956,3.94042169552e-16,1.5138921569e-05
bloch_wannier,13,-14.34234375,-0.00355751550361,4.50225012375e-16,1.26559165584e-05
bloch_wannier,13,-14.03390625,-0.0031010473051,4.81404482142e-16,9.61649438844e-06
bloch_wannier,13,-13.72546875,-0.00253496521213,5.00076379679e-16,6.42604862671e-06
bloch_wannier,13,-13.41703125,-0.00187647623148,4.87501589637e-16,3.5211630473e-06
bloch_wannier,13,-13.10859375,-0.00114601056876,4.49929688195e-16,1.31334022372e-06
bloch_wannier,13,-12.80015625,-0.000366625207126,4.87316686215e-16,1.344140425e-07
bloch_wannier,13,-12.49171875,0.000436681615549,3.49782677109e-16,1.90690833358e-07
bloch_wannier,13,-12.18328125,0.00123772560986,2.06001870919e-16,1.5319646853e-06
bloch_wannier,13,-11.87484375,0.00200993962823,-5.02227402108e-17,4.03985730913e-06
bloch_wannier,13,-11.56640625,0.0027272015002,-1.93993286049e-16,7.43762802272e-06
bloch_wannier,13,-11.25796875,0.00336466216829,-3.50248207458e-16,1.13209515067e-05
bloch_wannier,13,-10.94953125,0.00389954948887,-4.81502270456e-16,1.52064862162e-05
bloch_wannier,13,-10.64109375,0.00431192348172,-5.37776439503e-16,1.85926841122e-05
bloch_wannier,13,-10.33265625,0.00458535993801,-5.5655114841e-16,2.10255257611e-05
bloch_wannier,13,-10.02421875,0.00470754110365,-5.44071962888e-16,2.21609432426e-05
bloch_wannier,13,-9.71578125,0.00467073459647,-5.44067455391e-16,2.18157616707e-05
bloch_wannier,13,-9.40734375,0.00447214472627,-4.81572393149e-16,2.00000784527e-05
bloch_wannier,13,-9.09890625,0.00411412388596,-3.81575361046e-16,1.6926015349e-05
bloch_wannier,13,-8.79046875,0.00360423557192,-2.72189119242e-16,1.29905140579e-05
bloch_wannier,13,-8.48203125,0.00295516476521,-1.65909369599e-16,8.73299878952e-06
bloch_wannier,13,-8.17359375,0.00218447574457,-3.73595241835e-17,4.77193427859e-06
bloch_wannier,13,-7.86515625,0.00131422178493,7.6365713196e-17,1.7271789e-06
bloch_wannier,13,-7.55671875,0.000370415495884,2.15478697074e-16,1.37207639591e-07
bloch_wannier,13,-7.24828125,-0.000617627349739,3.2336172737e-16,3.81463543145e-07
bloch_wannier,13,-6.93984375,-0.00161805387475,4.31246274229e-16,2.61809834158e-06
bloch_wannier,13,-6.63140625,-0.00259733008374,4.71972183274e-16,6.74612356391e-06
bloch_wannier,13,-6.32296875,-0.00352116401024,5.12691302598e-16,1.2398595987e-05
bloch_wannier,13,-6.01453125,-0.00435547106931,5.19040549945e-16,1.89701282356e-05
bloch_wannier,13,-5.70609375,-0.00506735515435,4.81645285403e-16,2.56780882604e-05
bloch_wannier,13,-5.39765625,-0.00562607824274,4.12995893051e-16,3.16527563934e-05
bloch_wannier,13,-5.08921875,-0.00600399126003,5.00501212843e-16,3.60479110506e-05
bloch_wannier,13,-4.78078125,-0.00617739970387,3.88075113658e-16,3.81602671014e-05
bloch_wannier,13,-4.47234375,-0.00612733902955,3.25598240997e-16,3.7544283583e-05
bloch_wannier,13,-4.16390625,-0.00584023701467,3.4430430374e-16,3.41083683875e-05
bloch_wannier,13,-3.85546875,-0.00530844319158,1.2559158079e-16,2.81795691182e-05
bloch_wannier,13,-3.54703125,-0.0045306088884,1.00508026762e-16,2.05264168997e-05
bloch_wannier,13,-3.23859375,-0.00351190535924,-4.95465092318e-17,1.23334792523e-05
bloch_wannier,13,-2.93015625,-0.00226407180396,-1.24664215165e-16,5.12602113347e-06
bloch_wannier,13,-2.62171875,-0.000805289660183,-2.74772645246e-16,6.48491436798e-07
bloch_wannier,13,-2.31328125,0.000840115732877,-2.74974149291e-16,7.05794444627e-07
bloch_wannier,13,-2.00484375,0.0026421402777,-3.18924353048e-16,6.98090524704e-06
bloch_wannier,13,-1.69640625,0.00456572265386,-3.50395294946e-16,2.0845823352e-05
bloch_wannier,13,-1.38796875,0.00657150749362,-3.69382155344e-16,4.31847107387e-05
bloch_wannier,13,-1.07953125,0.00861673148729,-3.69632623045e-16,7.4248061524e-05
bloch_wannier,13,-0.77109375,0.0106562102411,-4.88576796952e-16,0.000113554816702
bloch_wannier,13,-0.46265625,0.012643400833,-5.13808454411e-16,0.000159855584624
bloch_wannier,13,-0.15421875,0.0145315128084,-5.39027978238e-16,0.000211164864502
bloch_wannier,13,0.15421875,0.0165445632641,-5.14286209019e-16,0.0002737225736
bloch_wannier,13,0.46265625,0.0193243498697,-4.67773578199e-16,0.000373430497887
bloch_wannier,13,0.77109375,0.0226460904867,-4.24450854702e-16,0.00051284541433
bloch_wannier,13,1.07953125,0.0265723305087,-4.40549365929e-16,0.000706088748664
bloch_wannier,13,1.38796875,0.0311844756814,-4.02069977063e-16,0.000972471523525
bloch_wannier,13,1.69640625,0.036584868167,-3.62125352102e-16,0.00133845257879
bloch_wannier,13,2.00484375,0.0428995372912,-2.55136646091e-16,0.0018403702998
bloch_wannier,13,2.31328125,0.0502817028483,-1.95131727186e-16,0.00252824964132
bloch_wannier,13,2.62171875,0.0589161330877,-7.82756144019e-17,0.00347111073801
bloch_wannier,13,2.93015625,0.0690244867322,3.65064458797e-18,0.00476437976864
bloch_wannier,13,3.23859375,0.0808717994316,1.06838260075e-16,0.00654024794331
bloch_wannier,13,3.54703125,0.093130566699,2.120741134e-16,0.00867330245368
bloch_wannier,13,3.85546875,0.102331691303,2.85960996284e-16,0.010471775045
bloch_wannier,13,4.16390625,0.109996593517,3.22309540617e-16,0.0120992505852
bloch_wannier,13,4.47234375,0.116031804456,3.55929348539e-16,0.0134633796453
bloch_wannier,13,4.78078125,0.120373987214,3.49540952455e-16,0.0144898967978
bloch_wannier,13,5.08921875,0.122990526647,3.1369028428e-16,0.015126669645
bloch_wannier,13,5.39765625,0.123879428094,2.71413674401e-16,0.015346112705
bloch_wannier,13,5.70609375,0.123068538803,2.27002576026e-16,0.015145865243
bloch_wannier,13,6.01453125,0.120614123113,1.8982071006e-16,0.0145477666944
bloch_wannier,13,6.32296875,0.116598838717,1.88360229891e-16,0.0135952891901
bloch_wannier,13,6.63140625,0.11112917617,1.46862319516e-16,0.0123496937962
bloch_wannier,13,6.93984375,0.104332436912,1.21535056802e-16,0.0108852573919
bloch_wannier,13,7.24828125,0.0963533358957,1.22512214854e-16,0.00928396533823
bloch_wannier,13,7.55671875,0.0873503234104,7.14907405428e-17,0.00763007899991
bloch_wannier,13,7.86515625,0.0774917264102,8.83157559681e-17,0.00600496766204
bloch_wannier,13,8.17359375,0.0669518126579,8.76543124447e-17,0.00448254521818
bloch_wannier,13,8.48203125,0.0559068810636,9.32285820686e-17,0.00312557935026
bloch_wannier,13,8.79046875,0.0445314788508,4.50111129658e-17,0.00198305260864
bloch_wannier,13,9.09890625,0.0329948406675,2.45591839693e-17,0.00108865951067
bloch_wannier,13,9.40734375,0.0214576366763,-8.09399253202e-18,0.000460430171733
bloch_wannier,13,9.71578125,0.0100691062432,-3.38350283528e-17,0.000101386900537
bloch_wannier,13,10.02421875,-0.0010353585854,-5.92204100393e-17,1.07196740036e-06
bloch_wannier,13,10.33265625,-0.011736129701,-1.01639462928e-16,0.000137736740359
bloch_wannier,13,10.64109375,-0.0219307248414,-1.28502818996e-16,0.00048095669207
bloch_wannier,13,10.94953125,-0.0315346360788,-1.52314975879e-16,0.000994433272623
bloch_wannier,13,11.25796875,-0.0418670470375,-1.20985575892e-16,0.00175284962764
bloch_wannier,13,11.56640625,-0.054557249151,-7.49210706792e-17,0.00297649343492
bloch_wannier,13,11.87484375,-0.0687014337707,-5.32763586256e-17,0.00471988700215
bloch_wannier,13,12.18328125,-0.0848283950274,-3.52932478405e-17,0.00719585660293
bloch_wannier,13,12.49171875,-0.103531813708,-2.44130126339e-17,0.0107188364497
bloch_wannier,13,12.80015625,-0.12549019756,6.38794771454e-18,0.0157477896836
bloch_wannier,13,13.10859375,-0.151489689684,2.24565577323e-17,0.0229491260804
bloch_wannier,13,13.41703125,-0.178789890648,4.41506485666e-17,0.031965824998
bloch_wannier,13,13.72546875,-0.200734248801,8.0416081187e-17,0.0402942386415
bloch_wannier,13,14.03390625,-0.220811212711,9.00979796894e-17,0.0487575916588
bloch_wannier,13,14.34234375,-0.238866050778,8.52811011795e-17,0.0570569902141
bloch_wannier,13,14.65078125,-0.254761936921,1.01674144875e-16,0.0649036445038
bloch_wannier,13,14.95921875,-0.268380298196,1.20521367179e-16,0.07202798446
bloch_wannier,13,15.26765625,-0.2796210568,1.30487690107e-16,0.078187935406
bloch_wannier,13,15.57609375,-0.288402789297,1.50304364766e-16,0.0831761688744
bloch_wannier,13,15.88453125,-0.29466282386,1.68689699349e-16,0.0868261797651
bloch_wannier,13,16.19296875,-0.298357293432,1.7143598894e-16,0.0890170745439
bloch_wannier,13,16.50140625,-0.299461159161,1.62981446479e-16,0.0896769858459
bloch_wannier,13,16.80984375,-0.29796821433,1.08234324755e-16,0.0887850567512
bloch_wannier,13,17.11828125,-0.293891074505,4.00909188126e-17,0.0863719636738
bloch_wannier,13,17.42671875,-0.287261154925,-1.05023846955e-17,0.0825189711287
bloch_wannier,13,17.73515625,-0.27812863145,-2.74337028276e-17,0.0773555356324
bloch_wannier,13,18.04359375,-0.266562376837,-6.242818432e-17,0.0710555007448
bloch_wannier,13,18.35203125,-0.252649859905,-7.79926721334e-17,0.06383195171
bloch_wannier,13,18.66046875,-0.236496991516,-6.68910163847e-17,0.0559308269962
bloch_wannier,13,18.96890625,-0.218227898241,-6.36621451203e-17,0.0476234155705
bloch_wannier,13,19.27734375,-0.197984602411,-8.58585618072e-17,0.039197902792
bloch_wannier,13,19.58578125,-0.17592658594,-9.14882057651e-17,0.0309501636404
bloch_wannier,13,19.89421875,-0.152230214937,-7.72107202059e-17,0.0231740383398
bloch_wannier,13,20.20265625,-0.127088002882,-5.95963198711e-17,0.0161513604766
bloch_wannier,13,20.51109375,-0.100707691769,-6.41935237088e-17,0.0101420391815
bloch_wannier,13,20.81953125,-0.0733111334085,-1.14499301491e-16,0.00537452228164
bloch_wannier,13,21.12796875,-0.0451329566991,-1.42011129605e-16,0.0020369837804
bloch_wannier,13,21.43640625,-0.0164190112222,-1.25429717236e-16,0.000269583929516
bloch_wannier,13,21.74484375,0.0125754172383,-1.26823165311e-16,0.000158141118717
bloch_wannier,13,22.05328125,0.0415876177821,-1.337436986e-16,0.00172952995279
bloch_wannier,13,22.36171875,0.0703496843308,-7.85044941827e-17,0.00494907808544
bloch_wannier,13,22.67015625,0.0985909501264,-1.28547934247e-17,0.00972017544683
bloch_wannier,13,22.97859375,0.126040605904,-5.28402688377e-18,0.0158862343366
bloch_wannier,13,23.28703125,0.152430474401,-5.1659709874e-17,0.0232350495262
bloch_wannier,13,23.59546875,0.177497907771,-8.92837142449e-17,0.0315055072631
bloch_wannier,13,23.90390625,0.20098876888,-1.19881906793e-16,0.0403964852159
bloch_wannier,13,24.21234375,0.222660452652,-1.17460174822e-16,0.0495776771751
bloch_wannier,13,24.52078125,0.242284899631,-1.01903138115e-16,0.058701972589
bloch_wannier,13,24.82921875,0.259651551022,-6.6547494321e-17,0.067418927948
bloch_wannier,13,25.13765625,0.274570192667,-3.5967803584e-17,0.0753887907013
bloch_wannier,13,25.44609375,0.28687363486,-2.34186237447e-17,0.0822964823779
bloch_wannier,13,25.75453125,0.296420175618,-7.99394695997e-18,0.0878649205134
bloch_wannier,13,26.06296875,0.303095797062,7.19665283337e-18,0.0918670621967
bloch_wannier,13,26.37140625,0.306816047848,4.109996161e-17,0.0941360872168
bloch_wannier,13,26.67984375,0.307527569127,6.60743300838e-17,0.0945732057733
bloch_wannier,13,26.98828125,0.305209227194,7.43867115386e-17,0.0931526723644
bloch_wannier,13,27.29671875,0.299872822642,9.21220761287e-17,0.0899237097591
bloch_wannier,13,27.60515625,0.291563353437,1.23008516132e-16,0.0850091890674
bloch_wannier,13,27.91359375,0.280358817544,1.45269330389e-16,0.0786010665747
bloch_wannier,13,28.22203125,0.266369549489,1.42687658112e-16,0.0709527368951
bloch_wannier,13,28.53046875,0.24973709428,1.27935534503e-16,0.0623686162595
bloch_wannier,13,28.83890625,0.230632631185,1.38864883486e-16,0.0531914105674
bloch_wannier,13,29.14734375,0.209254968814,1.34064491453e-16,0.0437876419732
bloch_wannier,13,29.45578125,0.185828141476,1.2522018624e-16,0.0345320981643
bloch_wannier,13,29.76421875,0.15669183836,1.15903763738e-16,0.0245523322086
bloch_wannier,13,30.07265625,0.128822479624,8.88622891119e-17,0.0165952312565
bloch_wannier,13,30.38109375,0.105251784022,7.61311813049e-17,0.0110779380399
bloch_wannier,13,30.68953125,0.085248955184,3.6413070488e-17,0.00726738435997
bloch_wannier,13,30.99796875,0.0682036584732,2.36637160695e-17,0.00465173902913
bloch_wannier,13,31.30640625,0.053606246824,3.24793418894e-17,0.00287362969855
bloch_wannier,13,31.61484375,0.0410313921292,2.93340117948e-17,0.00168357514006
bloch_wannier,13,31.92328125,0.0301245872569,7.24318191348e-18,0.000907490757399
bloch_wannier,13,32.23171875,0.0205910811235,-9.59911608965e-19,0.000423992621835
bloch_wannier,13,32.54015625,0.0121868923779,9.43991597525e-18,0.00014852034583
bloch_wannier,13,32.84859375,0.00471161897875,-1.61946924093e-17,2.21993534009e-05
bloch_wannier,13,33.15703125,-0.00120397111666,3.27098103728e-18,1.44954644976e-06
bloch_wannier,13,33.46546875,-0.00578591107211,-6.17621722495e-17,3.34767669343e-05
bloch_wannier,13,33.77390625,-0.00974231051843,-1.13010594601e-17,9.49126142375e-05
bloch_wannier,13,34.08234375,-0.013007747297,-3.90129926889e-17,0.000169201489742
bloch_wannier,13,34.39078125,-0.0155376681894,-7.93091490346e-17,0.000241419132764
bloch_wannier,13,34.69921875,-0.0173090026573,-7.90922231259e-17,0.000299601572991
bloch_wannier,13,35.00765625,-0.0183201847823,-1.47686205227e-16,0.000335629170458
bloch_wannier,13,35.31609375,-0.0185905898688,-2.72594574149e-16,0.000345610031671
bloch_wannier,13,35.62453125,-0.0181594083177,-2.22670785062e-16,0.000329764110447
bloch_wannier,13,35.93296875,-0.0170839948182,-1.94690651333e-16,0.000291862878947
bloch_wannier,13,36.24140625,-0.0154377452048,-1.76151036166e-16,0.000238323977009
bloch_wannier,13,36.54984375,-0.0133075660869,-1.04570554574e-16,0.000177091315158
bloch_wannier,13,36.85828125,-0.010791013229,-9.86316692141e-17,0.000116445966508
bloch_wannier,13,37.16671875,-0.0079931833403,-1.11468452955e-16,6.38909799117e-05
bloch_wannier,13,37.47515625,-0.00502345018216,-4.31143241792e-17,2.52350517327e-05
bloch_wannier,13,37.78359375,-0.00199213955526,-1.55932888259e-16,3.96862000763e-06
bloch_wannier,13,38.09203125,0.000992761305257,-1.37557210589e-16,9.85575009215e-07
bloch_wannier,13,38.40046875,0.00382876614678,-1.16039761315e-16,1.46594502067e-05
bloch_wannier,13,38.70890625,0.00642183454317,-8.90263709825e-17,4.12399588999e-05
bloch_wannier,13,39.01734375,0.00868901669372,-3.85465428463e-17,7.54990111038e-05
bloch_wannier,13,39.32578125,0.0105607249302,-2.31580754972e-17,0.000111528911052
bloch_wannier,13,39.63421875,0.0119825699531,5.59275526158e-17,0.000143581982681
bloch_wannier,13,39.94265625,0.0129167127996,1.00323556784e-16,0.000166841469546
bloch_wannier,13,40.25109375,0.0133426978709,1.35801623169e-16,0.000178027586474
bloch_wannier,13,40.55953125,0.0132577475951,1.67828281851e-16,0.000175767871296
bloch_wannier,13,40.86796875,0.0125865107479,1.9367966573e-16,0.000158420252808
bloch_wannier,13,41.17640625,0.0117955735966,1.96900064695e-16,0.000139135556473
bloch_wannier,13,41.48484375,0.010991236487,1.72010270783e-16,0.000120807279512
bloch_wannier,13,41.79328125,0.0101874547987,9.24585096043e-17,0.000103784235276
bloch_wannier,13,42.10171875,0.00939622716802,9.56789441427e-17,8.8289084993e-05
bloch_wannier,13,42.41015625,0.00862794916579,8.64024197628e-17,7.44415068075e-05
bloch_wannier,13,42.71859375,0.00789173617175,5.5257208853e-17,6.22794998045e-05
bloch_wannier,13,43.02703125,0.00727800880535,3.03440719797e-17,5.29694121708e-05
bloch_wannier,13,43.33546875,0.00652929373725,5.44746633209e-18,4.26316767073e-05
bloch_wannier,13,43.64390625,0.00559209374308,-1.94260565694e-17,3.12715124314e-05
bloch_wannier,13,43.95234375,0.00450021954363,-9.42572309414e-17,2.02519759409e-05
bloch_wannier,13,44.26078125,0.00329137634032,-2.19050674339e-16,1.08331582136e-05
bloch_wannier,13,44.56921875,0.00200595227408,-2.37634477892e-16,4.02384452589e-06
bloch_wannier,13,44.87765625,0.000685752466358,-3.2493183884e-16,4.70256445115e-07
bloch_wannier,13,45.18609375,-0.000627283679929,-4.18477151284e-16,3.93484815105e-07
bloch_wannier,13,45.49453125,-0.00189234432249,-4.62051745436e-16,3.58096703488e-06
bloch_wannier,13,45.80296875,-0.00307094972708,-5.49366446698e-16,9.43073222626e-06
bloch_wannier,13,46.11140625,-0.00412806527492,-5.36742838981e-16,1.7040922914e-05
bloch_wannier,13,46.41984375,-0.00503309183693,-5.61620301992e-16,2.5332013439e-05
bloch_wannier,13,46.72828125,-0.00576070643124,-4.42836785109e-16,3.31857385869e-05
bloch_wannier,13,47.03671875,-0.00629153082452,-2.99089071277e-16,3.95833601159e-05
bloch_wannier,13,47.34515625,-0.00661261107032,-1.16843371013e-17,4.37266251673e-05
bloch_wannier,13,47.65359375,-0.00671769673911,8.82817193766e-17,4.51274494786e-05
bloch_wannier,13,47.96203125,-0.00660731461456,2.75680427456e-16,4.36566064158e-05
bloch_wannier,13,48.27046875,-0.0062886377307,3.75594587988e-16,3.9546964508e-05
bloch_wannier,13,48.57890625,-0.0057751566282,4.25508298287e-16,3.33524340803e-05
bloch_wannier,13,48.88734375,-0.00508616544148,4.81647588999e-16,2.58690788981e-05
bloch_wannier,13,49.19578125,-0.0042460807275,4.87791782493e-16,1.80292015444e-05
bloch_wannier,13,49.50421875,-0.00328361566235,4.56438543519e-16,1.0782131818e-05
bloch_wannier,13,49.81265625,-0.00223083623111,4.00085947425e-16,4.97663029002e-06
bloch_wannier,13,50.12109375,-0.00112212921009,3.78085410276e-16,1.25917396413e-06
bloch_wannier,13,50.42953125,6.88599606114e-06,3.32655857842e-16,4.7416941754e-11
bloch_wannier,13,50.73796875,0.00112046830488,2.76295815544e-16,1.25544922224e-06
bloch_wannier,13,51.04640625,0.00218385503887,2.4024491158e-16,4.76922283078e-06
bloch_wannier,13,51.35484375,0.00316431818396,1.91710014427e-16,1.00129095693e-05
bloch_wannier,13,51.66328125,0.0040321455336,7.44710949842e-17,1.62581976042e-05
bloch_wannier,13,51.97171875,0.00476151800437,-1.46390347276e-17,2.26720537059e-05
bloch_wannier,13,52.28015625,0.00533125781171,-9.1235466677e-17,2.84223098549e-05
bloch_wannier,13,52.58859375,0.00572542631593,-1.35013257795e-16,3.27805064992e-05
bloch_wannier,13,52.89703125,0.00593375506166,-2.19374272404e-16,3.52094491318e-05
bloch_wannier,13,53.20546875,0.00595189869474,-3.13082607353e-16,3.54250980725e-05
bloch_wannier,13,53.51390625,0.00578150389318,-3.50544185207e-16,3.34257872669e-05
bloch_wannier,13,53.82234375,0.0054300940293,-3.62995298309e-16,2.94859211671e-05
bloch_wannier,13,54.13078125,0.00491077482289,-5.00367332442e-16,2.41157093612e-05
bloch_wannier,13,54.43921875,0.00424177158618,-4.56555883777e-16,1.79926261893e-05
bloch_wannier,13,54.74765625,0.00344581364356,-4.06481813445e-16,1.18736316661e-05
bloch_wannier,13,55.05609375,0.00254938598723,-4.25113255318e-16,6.4993689119e-06
bloch_wannier,13,55.36453125,0.00158187207479,-2.43829617245e-16,2.50231926099e-06
bloch_wannier,13,55.67296875,0.000574614775978,-2.49953338002e-16,3.30182140772e-07
bloch_wannier,13,55.98140625,-0.000440075253299,-1.49875887118e-16,1.93666228566e-07
bloch_wannier,13,56.28984375,-0.0014299331146,-1.12272219293e-16,2.04470871222e-06
bloch_wannier,13,56.59828125,-0.0023637440239,2.52777719541e-17,5.58728581051e-06
bloch_wannier,13,56.90671875,-0.00321230786561,1.28875426539e-17,1.03189218235e-05
bloch_wannier,13,57.21515625,-0.00394933473151,5.04602476113e-17,1.55972448215e-05
bloch_wannier,13,57.52359375,-0.00455224450641,5.05340827639e-17,2.07229300461e-05
bloch_wannier,13,57.83203125,-0.00500284663352,1.00565859207e-16,2.50284744386e-05
bloch_wannier,13,58.14046875,-0.00528787996459,1.13094914122e-16,2.79616745199e-05
bloch_wannier,13,58.44890625,-0.00539939695748,2.0681468401e-16,2.91534875044e-05
bloch_wannier,13,58.75734375,-0.00533498129335,2.50536314764e-16,2.84620254004e-05
bloch_wannier,13,59.06578125,-0.00509779310139,3.00483861186e-16,2.59874945046e-05
bloch_wannier,13,59.37421875,-0.00463429161226,3.19168321223e-16,2.14766587474e-05
bloch_wannier,13,59.68265625,-0.00412540140258,3.15982463047e-16,1.70189367324e-05
bloch_wannier,13,59.99109375,-0.00363281237663,2.9718091569e-16,1.31973257638e-05
bloch_wannier,13,60.29953125,-0.00315596218675,3.50222649082e-16,9.96009732417e-06
bloch_wannier,13,60.60796875,-0.00269421786453,3.37671953312e-16,7.25880990156e-06
bloch_wannier,13,60.91640625,-0.00224690516371,3.56358395904e-16,5.04858281472e-06
bloch_wannier,13,61.22484375,-0.00181333581821,3.09452242475e-16,3.28818678961e-06
bloch_wannier,13,61.53328125,-0.00139283325694,3.26580199813e-16,1.93998448163e-06
bloch_wannier,13,61.84171875,-0.000984757298418,3.12474307972e-16,9.69746936787e-07
bloch_wannier,13,62.15015625,-0.000588528339282,1.93731374125e-16,3.46365606138e-07
bloch_wannier,13,62.45859375,-0.000203651550609,1.62448869314e-16,4.14739540655e-08
bloch_wannier,13,62.76703125,0.00012604966823,1.04623056213e-16,1.58885188609e-08
bloch_wannier,13,63.07546875,0.00039895598744,1.10836709027e-16,1.59165879914e-07
bloch_wannier,13,63.38390625,0.000650128996796,1.06120643555e-16,4.22667712474e-07
bloch_wannier,13,63.69234375,0.000871347389866,1.32643617464e-16,7.59246273826e-07
bloch_wannier,13,64.00078125,0.00105557619427,1.21688676093e-16,1.11424110191e-06
bloch_wannier,13,64.30921875,0.00119718348557,4.35829067055e-17,1.43324829811e-06
bloch_wannier,13,64.61765625,0.00129210676322,2.95153650074e-17,1.66953988755e-06
bloch_wannier,13,64.92609375,0.0013379641814,-5.63875211525e-17,1.7901481507e-06
bloch_wannier,13,65.23453125,0.00133410770372,-1.12610716667e-16,1.77984336512e-06
bloch_wannier,13,65.54296875,0.00128161720143,-1.86007410281e-16,1.64254265101e-06
bloch_wannier,13,65.85140625,0.00118323647528,-3.00004466262e-16,1.40004855644e-06
bloch_wannier,13,66.15984375,0.00104325408796,-3.31222694362e-16,1.08837909205e-06
bloch_wannier,13,66.46828125,0.00086733368596,-3.39009993076e-16,7.52267722801e-07
bloch_wannier,13,66.77671875,0.000662300108759,-3.38984883704e-16,4.38641434062e-07
bloch_wannier,13,67.08515625,0.000435888979432,-3.49889536187e-16,1.8999920239e-07
bloch_wannier,13,67.39359375,0.000196468599443,-2.889512422e-16,3.8599910567e-08
bloch_wannier,13,67.70203125,-4.72562018169e-05,-2.40506569473e-16,2.23314861016e-09
bloch_wannier,13,68.01046875,-0.000286548110489,-2.06118356567e-16,8.2109819625e-08
bloch_wannier,13,68.31890625,-0.000512938950059,-2.01405326036e-16,2.63106366488e-07
bloch_wannier,13,68.62734375,-0.000718518746438,-1.73268315873e-16,5.16269188983e-07
bloch_wannier,13,68.93578125,-0.000896202614211,-1.29907478615e-16,8.03179125719e-07
bloch_wannier,13,69.24421875,-0.00103996666889,-1.14662629234e-16,1.0815306724e-06
bloch_wannier,13,69.55265625,-0.0011450452815,-5.2569460956e-17,1.31112869668e-06
bloch_wannier,13,69.86109375,-0.00120808334939,-5.46465818559e-18,1.45946537906e-06
bloch_wannier,13,70.16953125,-0.00122723881436,6.20353721993e-17,1.50611510746e-06
bloch_wannier,13,70.47796875,-0.00119836009632,7.86256264193e-17,1.43606692046e-06
bloch_wannier,13,70.78640625,-0.00116425377068,1.31331138159e-16,1.35548684254e-06
bloch_wannier,13,71.09484375,-0.00112944717207,2.00825576052e-16,1.27565091451e-06
bloch_wannier,13,71.40328125,-0.00109454976733,2.68758234274e-16,1.19803919317e-06
bloch_wannier,13,71.71171875,-0.00106012839379,3.06236464069e-16,1.12387221131e-06
bloch_wannier,13,72.02015625,-0.00102671050977,3.29658899808e-16,1.05413447087e-06
bloch_wannier,13,72.32859375,-0.000994787559736,3.53081518623e-16,9.89602289006e-07
bloch_wannier,13,72.63703125,-0.000968361689104,3.99931338885e-16,9.37724360924e-07
bloch_wannier,13,72.94546875,-0.000913603763173,4.15542318472e-16,8.34671836084e-07
bloch_wannier,13,73.25390625,-0.000829046302638,4.68632093867e-16,6.87317771917e-07
bloch_wannier,13,73.56234375,-0.000717719089969,3.8115942142e-16,5.15120692106e-07
bloch_wannier,13,73.87078125,-0.000583499388695,2.81189797052e-16,3.40471536607e-07
bloch_wannier,13,74.17921875,-0.000430979202665,1.43735486323e-16,1.8574307313e-07
bloch_wannier,13,74.48765625,-0.000265310661607,-6.24382508117e-17,7.03897471623e-08
bloch_wannier,13,74.79609375,-9.2034650038e-05,-1.68659732398e-16,8.47037680762e-09
bloch_wannier,13,75.10453125,8.31017114163e-05,-2.31151922413e-16,6.90589444031e-09
bloch_wannier,13,75.41296875,0.000254332812133,-3.87349747167e-16,6.46851793272e-08
bloch_wannier,13,75.72140625,0.000416061483219,-4.24851998416e-16,1.73107157819e-07
bloch_wannier,13,76.02984375,0.000563039143281,-4.37364146387e-16,3.17013076867e-07
bloch_wannier,13,76.33828125,0.000690533445209,-3.99897314738e-16,4.76836438952e-07
bloch_wannier,13,76.64671875,0.000794478148496,-3.81168821693e-16,6.31195528438e-07
bloch_wannier,13,76.95515625,0.000871600543043,-4.3115486006e-16,7.59687506633e-07
bloch_wannier,13,77.26359375,0.00091952249582,-4.18666580408e-16,8.45521620319e-07
bloch_wannier,13,77.57203125,0.000936832056714,-3.31209661422e-16,8.77654302487e-07
bloch_wannier,13,77.88046875,0.000923123516395,-2.49996018014e-16,8.52157026521e-07
bloch_wannier,13,78.18890625,0.000879004826369,-1.81272798836e-16,7.72649484781e-07
bloch_wannier,13,78.49734375,0.000806072337155,-7.81871428869e-17,6.49752612727e-07
bloch_wannier,13,78.80578125,0.000706853851526,-3.21010173052e-18,4.99642367417e-07
bloch_wannier,13,79.11421875,0.000584721993264,1.37364024602e-16,3.41899809406e-07
bloch_wannier,13,79.42265625,0.000443780826356,2.09222638213e-16,1.96941421841e-07
bloch_wannier,13,79.73109375,0.000288729495978,1.87376866826e-16,8.3364721848e-08
bloch_wannier,13,80.03953125,0.000124707375025,2.2019409329e-16,1.55519293855e-08
bloch_wannier,13,80.34796875,-4.28742334614e-05,2.31927880243e-16,1.83819989491e-09
bloch_wannier,13,80.65640625,-0.000208508383999,1.69672643648e-16,4.3475746198e-08
bloch_wannier,13,80.96484375,-0.000366771083928,1.12882694235e-16,1.34521028006e-07
bloch_wannier,13,81.27328125,-0.000512496466298,8.98644543363e-17,2.62652627968e-07
bloch_wannier,13,81.58171875,-0.000640942945191,2.66285582213e-17,4.1080785899e-07
bloch_wannier,13,81.89015625,-0.000747945069927,-2.33349313953e-17,5.59421827629e-07
bloch_wannier,13,82.19859375,-0.000830046272581,-3.11337196474e-17,6.88976814626e-07
bloch_wannier,13,82.50703125,-0.000884608331786,2.5096630075e-17,7.82531900665e-07
bloch_wannier,13,82.81546875,-0.000909894134376,5.63350976912e-17,8.27907335773e-07
bloch_wannier,13,83.12390625,-0.000905121180603,1.50040626168e-16,8.19244351576e-07
bloch_wannier,13,83.43234375,-0.000870484220676,2.12507126361e-16,7.57742778447e-07
bloch_wannier,13,83.74078125,-0.000807146400226,2.06252295515e-16,6.51485311397e-07
bloch_wannier,13,84.04921875,-0.000717199298398,2.12488354372e-16,5.14374833623e-07
bloch_wannier,13,84.35765625,-0.000603593232924,1.18768328646e-16,3.64324790832e-07
bloch_wannier,13,84.66609375,-0.000470040150242,5.75633165464e-20,2.20937742839e-07
bloch_wannier,13,84.97453125,-0.000320892286,1.25334463705e-17,1.02971859214e-07
bloch_wannier,13,85.28296875,-0.000161000544764,7.49846072765e-17,2.59211754142e-08
bloch_wannier,13,85.59140625,4.44281634819e-06,1.06199717307e-16,1.97386171037e-11
bloch_wannier,13,85.89984375,0.000170072126817,6.24499141684e-17,2.89245283199e-08
bloch_wannier,13,86.20828125,0.000330521465256,6.20659699425e-18,1.09244438995e-07
bloch_wannier,13,86.51671875,0.000480597492122,8.1153108378e-17,2.30973949434e-07
bloch_wannier,13,86.82515625,0.00061544642237,1.06124890946e-16,3.78774298808e-07
bloch_wannier,13,87.13359375,0.000730709806484,1.24851997851e-16,5.33936821291e-07
bloch_wannier,13,87.44203125,0.000822664155896,1.4358195929e-16,6.76776313397e-07
bloch_wannier,13,87.75046875,0.000888339973438,1.56068064722e-16,7.89147908408e-07
bloch_wannier,13,88.05890625,0.000925616414141,1.34198739976e-16,8.56765746127e-07
bloch_wannier,13,88.36734375,0.000933288585186,3.42446132105e-17,8.71027583238e-07
bloch_wannier,13,88.67578125,0.000911105371031,1.86296443714e-17,8.30112997122e-07
bloch_wannier,14,-59.06578125,0.00178239575658,3.84413343807e-16,3.17693463309e-06
bloch_wannier,14,-58.75734375,0.00161866180213,4.62481719677e-16,2.62006602966e-06
bloch_wannier,14,-58.44890625,0.00145999907203,4.81203511695e-16,2.13159729033e-06
bloch_wannier,14,-58.14046875,0.00130604873493,4.87431732416e-16,1.70576329802e-06
bloch_wannier,14,-57.83203125,0.00115647316416,4.82728109042e-16,1.33743017943e-06
bloch_wannier,14,-57.52359375,0.00101095523321,3.24971664693e-16,1.02203048355e-06
bloch_wannier,14,-57.21515625,0.000869198335901,2.89033627832e-16,7.55505747133e-07
bloch_wannier,14,-56.90671875,0.000730927079069,2.2498418394e-16,5.34254394916e-07
bloch_wannier,14,-56.59828125,0.000595888619085,1.17205616553e-16,3.55083246355e-07
bloch_wannier,14,-56.28984375,0.000463854636576,-1.08755740399e-17,2.15161123873e-07
bloch_wannier,14,-55.98140625,0.000334623965057,-7.33621422296e-17,1.1197319799e-07
bloch_wannier,14,-55.67296875,0.000222994057054,-1.13981795249e-16,4.97263494813e-08
bloch_wannier,14,-55.36453125,0.000120500385373,-1.56162097951e-16,1.45203428751e-08
bloch_wannier,14,-55.05609375,1.56136654323e-05,-1.68669091269e-16,2.43786548233e-10
bloch_wannier,14,-54.74765625,-8.81819849492e-05,-2.53017304266e-16,7.77606246958e-09
bloch_wannier,14,-54.43921875,-0.000187471270834,-2.23355861248e-16,3.5145477388e-08
bloch_wannier,14,-54.13078125,-0.000279018758249,-2.31175915332e-16,7.7851467455e-08
bloch_wannier,14,-53.82234375,-0.000359873290328,-2.09321057457e-16,1.29508785092e-07
bloch_wannier,14,-53.51390625,-0.000427462434301,-2.46811779938e-16,1.82724132739e-07
bloch_wannier,14,-53.20546875,-0.000479673952255,-2.37447562705e-16,2.30087100472e-07
bloch_wannier,14,-52.89703125,-0.000514921723903,-1.74981137316e-16,2.65144381747e-07
bloch_wannier,14,-52.58859375,-0.000532194065765,-8.75242137716e-17,2.83230523635e-07
bloch_wannier,14,-52.28015625,-0.00053108297126,-8.98667305267e-17,2.82049122362e-07
bloch_wannier,14,-51.97171875,-0.000511793421393,-6.79996085392e-17,2.61932506181e-07
bloch_wannier,14,-51.66328125,-0.00047513256565,-2.11420623815e-17,2.25750954941e-07
bloch_wannier,14,-51.35484375,-0.00042247922652,3.27454007651e-17,1.78488696841e-07
bloch_wannier,14,-51.04640625,-0.000355734817633,8.27301681954e-17,1.26547260476e-07
bloch_wannier,14,-50.73796875,-0.000277257364449,1.03042770061e-16,7.68716461412e-08
bloch_wannier,14,-50.42953125,-0.000189780858629,1.13985862692e-16,3.60167743018e-08
bloch_wannier,14,-50.12109375,-9.63226453471e-05,1.49137100396e-16,9.27805200667e-09
bloch_wannier,14,-49.81265625,-8.19220777714e-08,2.0420122787e-16,6.71122682638e-15
bloch_wannier,14,-49.50421875,9.56672942308e-05,2.32910450872e-16,9.15223118545e-09
bloch_wannier,14,-49.19578125,0.000187685205803,2.21745313631e-16,3.52257364774e-08
bloch_wannier,14,-48.88734375,0.000272873698582,1.6440955727e-16,7.44600553776e-08
bloch_wannier,14,-48.57890625,0.000348378714773,1.5621951908e-16,1.21367728907e-07
bloch_wannier,14,-48.27046875,0.000411684191444,1.5388461894e-16,1.69483873485e-07
bloch_wannier,14,-47.96203125,0.000468283791108,7.97075442707e-17,2.19289709014e-07
bloch_wannier,14,-47.65359375,0.000532635974496,6.25359710911e-17,2.83701081327e-07
bloch_wannier,14,-47.34515625,0.000597302665351,1.5690833979e-17,3.56770474035e-07
bloch_wannier,14,-47.03671875,0.000662419526151,-3.04241410461e-18,4.38799628626e-07
bloch_wannier,14,-46.72828125,0.000728105474697,2.82010011025e-17,5.30137582284e-07
bloch_wannier,14,-46.41984375,0.000794461486772,4.07032757697e-17,6.31169053964e-07
bloch_wannier,14,-46.11140625,0.000861569373455,1.06305773212e-16,7.42301785276e-07
bloch_wannier,14,-45.80296875,0.000921459952164,1.81277998089e-16,8.49088443442e-07
bloch_wannier,14,-45.49453125,0.0009419415193,1.81280506358e-16,8.87253825781e-07
bloch_wannier,14,-45.18609375,0.000930319986831,2.43749825127e-16,8.65495277898e-07
bloch_wannier,14,-44.87765625,0.000886950847355,1.87520846142e-16,7.86681805624e-07
bloch_wannier,14,-44.56921875,0.000813259345285,1.75017673137e-16,6.61390762694e-07
bloch_wannier,14,-44.26078125,0.000711694527851,9.3793270438e-17,5.06509100974e-07
bloch_wannier,14,-43.95234375,0.000585649196975,-5.61519464558e-17,3.42984981917e-07
bloch_wannier,14,-43.64390625,0.000439348341916,-1.56123050338e-16,1.93026965544e-07
bloch_wannier,14,-43.33546875,0.000277709671335,-2.37354809962e-16,7.71226615527e-08
bloch_wannier,14,-43.02703125,0.000106180786017,-3.12340706589e-16,1.12743593193e-08
bloch_wannier,14,-42.71859375,-6.94416902086e-05,-3.62338807737e-16,4.82214833902e-09
bloch_wannier,14,-42.41015625,-0.000243205099317,-3.87348384416e-16,5.91487203338e-08
bloch_wannier,14,-42.10171875,-0.000409199522901,-3.8112163867e-16,1.67444249542e-07
bloch_wannier,14,-41.79328125,-0.000561755799031,-3.13984273779e-16,3.15569577745e-07
bloch_wannier,14,-41.48484375,-0.000695636245881,-2.20294556409e-16,4.83909786583e-07
bloch_wannier,14,-41.17640625,-0.000806211774694,-1.09812973099e-16,6.49977425655e-07
bloch_wannier,14,-40.86796875,-0.000889619500151,2.13653705941e-17,7.91422855049e-07
bloch_wannier,14,-40.55953125,-0.000942895575173,1.57623152137e-16,8.8905206568e-07
bloch_wannier,14,-40.25109375,-0.000964078770072,2.3570898544e-16,9.29447874903e-07
bloch_wannier,14,-39.94265625,-0.000952281257697,2.87248792366e-16,9.06839593762e-07
bloch_wannier,14,-39.63421875,-0.000907724126641,3.1224254584e-16,8.23963090086e-07
bloch_wannier,14,-39.32578125,-0.0008317362898,3.43487222665e-16,6.91785255769e-07
bloch_wannier,14,-39.01734375,-0.000726716648745,4.18464974258e-16,5.28117087563e-07
bloch_wannier,14,-38.70890625,-0.000596060576935,3.68504381414e-16,3.55288211376e-07
bloch_wannier,14,-38.40046875,-0.000444052957888,3.3104055178e-16,1.97183029409e-07
bloch_wannier,14,-38.09203125,-0.000275731119858,3.12319942661e-16,7.60276504581e-08
bloch_wannier,14,-37.78359375,-9.67220102155e-05,2.1238867776e-16,9.35514726013e-09
bloch_wannier,14,-37.47515625,8.69411822947e-05,1.24952131218e-16,7.5587691788e-09
bloch_wannier,14,-37.16671875,0.000269017049554,6.87507612835e-17,7.2370172951e-08
bloch_wannier,14,-36.85828125,0.000443262211547,-1.24398644345e-17,1.96481388186e-07
bloch_wannier,14,-36.54984375,0.000603639065766,-1.24202239344e-17,3.64380121719e-07
bloch_wannier,14,-36.24140625,0.000744518227325,-1.06109084208e-16,5.54307390819e-07
bloch_wannier,14,-35.93296875,0.000860868981839,-2.34159856444e-16,7.41095403892e-07
bloch_wannier,14,-35.62453125,0.000948431424252,-2.68508041236e-16,8.99522166508e-07
bloch_wannier,14,-35.31609375,0.0010038645155,-2.99736623639e-16,1.00774396549e-06
bloch_wannier,14,-35.00765625,0.00102486503828,-2.43510384019e-16,1.05034834668e-06
bloch_wannier,14,-34.69921875,0.00101025334989,-1.84945852813e-16,1.02061183096e-06
bloch_wannier,14,-34.39078125,0.000960022885951,-1.20431441052e-16,9.2164394155e-07
bloch_wannier,14,-34.08234375,0.000875351529394,-6.08017738022e-17,7.66240300013e-07
bloch_wannier,14,-33.77390625,0.000758574188964,1.65466709517e-18,5.75434800162e-07
bloch_wannier,14,-33.46546875,0.00061311718994,1.88163077995e-17,3.759126886e-07
bloch_wannier,14,-33.15703125,0.000443396327171,-3.06923671056e-18,1.96600302949e-07
bloch_wannier,14,-32.84859375,0.000254681626146,3.15472660367e-18,6.48627306965e-08
bloch_wannier,14,-32.54015625,5.2932962806e-05,6.48241834698e-21,2.80189855142e-09
bloch_wannier,14,-32.23171875,-0.000155388329174,7.49458608143e-17,2.41455328436e-08
bloch_wannier,14,-31.92328125,-0.000363525916211,3.11908519135e-17,1.32151091757e-07
bloch_wannier,14,-31.61484375,-0.000564646408524,1.24249991577e-17,3.18825566659e-07
bloch_wannier,14,-31.30640625,-0.000752061787246,-1.88333236051e-17,5.65596931836e-07
bloch_wannier,14,-30.99796875,-0.00091944911278,-2.51008968401e-17,8.45386670992e-07
bloch_wannier,14,-30.68953125,-0.00106106034433,-6.26006844124e-17,1.12584905432e-06
bloch_wannier,14,-30.38109375,-0.00117191536485,-4.38730376379e-17,1.37338562237e-06
bloch_wannier,14,-30.07265625,-0.00124797179533,3.1082538532e-17,1.55743360194e-06
bloch_wannier,14,-29.76421875,-0.00128626588369,1.85837004594e-17,1.65447992354e-06
bloch_wannier,14,-29.45578125,-0.00128482666344,2.96619121376e-18,1.6507795551e-06
bloch_wannier,14,-29.14734375,-0.00128910295126,-7.19992228768e-17,1.66178641896e-06
bloch_wannier,14,-28.83890625,-0.00129840456262,-9.38651216946e-17,1.68585440823e-06
bloch_wannier,14,-28.53046875,-0.00131192013572,-7.51255542758e-17,1.7211344425e-06
bloch_wannier,14,-28.22203125,-0.00132889687232,-6.73187905768e-17,1.76596689726e-06
bloch_wannier,14,-27.91359375,-0.00134862946649,1.07672203735e-17,1.81880143789e-06
bloch_wannier,14,-27.60515625,-0.00137045093199,5.60558359625e-17,1.87813575698e-06
bloch_wannier,14,-27.29671875,-0.00139372511623,1.14619306319e-16,1.94246969962e-06
bloch_wannier,14,-26.98828125,-0.00141784073939,1.51025082327e-16,2.01027236227e-06
bloch_wannier,14,-26.67984375,-0.0014422068404,2.42678390114e-16,2.07996057049e-06
bloch_wannier,14,-26.37140625,-0.00146624955035,3.07488840553e-16,2.14988774392e-06
bloch_wannier,14,-26.06296875,-0.00148667178623,3.090481081e-16,2.21019299998e-06
bloch_wannier,14,-25.75453125,-0.00145164525397,3.55905454111e-16,2.10727394338e-06
bloch_wannier,14,-25.44609375,-0.00136485328819,3.54354314512e-16,1.8628244983e-06
bloch_wannier,14,-25.13765625,-0.00122909491648,3.15326726369e-16,1.51067431371e-06
bloch_wannier,14,-24.82921875,-0.0010489343113,2.96607567081e-16,1.10026318943e-06
bloch_wannier,14,-24.52078125,-0.000830548558885,2.24792958326e-16,6.89810908666e-07
bloch_wannier,14,-24.21234375,-0.000581517116266,4.36583040903e-17,3.38162156511e-07
bloch_wannier,14,-23.90390625,-0.000310560054338,-5.62617004349e-17,9.64475473502e-08
bloch_wannier,14,-23.59546875,-2.723403567e-05,-1.34315430501e-16,7.41692698874e-10
bloch_wannier,14,-23.28703125,0.000258403474258,-1.71762895193e-16,6.67723555084e-08
bloch_wannier,14,-22.97859375,0.000536150072064,-2.18581937542e-16,2.87456899774e-07
bloch_wannier,14,-22.67015625,0.000796021877233,-2.15426575325e-16,6.33650829034e-07
bloch_wannier,14,-22.36171875,0.00102861175015,-2.49756999379e-16,1.05804213254e-06
bloch_wannier,14,-22.05328125,0.00122542951854,-2.49732896154e-16,1.50167750491e-06
bloch_wannier,14,-21.74484375,0.00137921200115,-2.65331748731e-16,1.90222574412e-06
bloch_wannier,14,-21.43640625,0.00148419158763,-2.5751004969e-16,2.2028246688e-06
bloch_wannier,14,-21.12796875,0.00153631350651,-2.34077138347e-16,2.36025919028e-06
bloch_wannier,14,-20.81953125,0.00153339364354,-1.84100902329e-16,2.35129606603e-06
bloch_wannier,14,-20.51109375,0.00147521080402,-1.84108027672e-16,2.17624691629e-06
bloch_wannier,14,-20.20265625,0.00136352957655,-1.17356099169e-16,1.85921290614e-06
bloch_wannier,14,-19.89421875,0.001202052375,-1.43145055496e-16,1.44492991224e-06
bloch_wannier,14,-19.58578125,0.000996301728011,-8.03090685488e-17,9.92617133237e-07
bloch_wannier,14,-19.27734375,0.000753436364459,7.90111209283e-18,5.6766635529e-07
bloch_wannier,14,-18.96890625,0.000482007022163,9.37651418311e-17,2.32330769415e-07
bloch_wannier,14,-18.66046875,0.000191660102678,1.87435697584e-16,3.67335949586e-08
bloch_wannier,14,-18.35203125,-0.000153479601921,3.12334914154e-16,2.35559882059e-08
bloch_wannier,14,-18.04359375,-0.000546712287425,3.99745795835e-16,2.98894325221e-07
bloch_wannier,14,-17.73515625,-0.00094101134287,3.71585674229e-16,8.8550234741e-07
bloch_wannier,14,-17.42671875,-0.00133556957428,3.52796132182e-16,1.78374608774e-06
bloch_wannier,14,-17.11828125,-0.00172951473437,3.05894831317e-16,2.99122121639e-06
bloch_wannier,14,-16.80984375,-0.00212190461368,3.37082148414e-16,4.50247918957e-06
bloch_wannier,14,-16.50140625,-0.00251172326956,3.05799038399e-16,6.30875378284e-06
bloch_wannier,14,-16.19296875,-0.00285222226818,3.36992710296e-16,8.13517186709e-06
bloch_wannier,14,-15.88453125,-0.00304435025258,2.80745513607e-16,9.26806846036e-06
bloch_wannier,14,-15.57609375,-0.0031264868442,2.80735454776e-16,9.77491998695e-06
bloch_wannier,14,-15.26765625,-0.00309528421982,3.11974646993e-16,9.58078440146e-06
bloch_wannier,14,-14.95921875,-0.002951464041,1.62062479093e-16,8.71113998529e-06
bloch_wannier,14,-14.65078125,-0.00269981460898,1.37105000461e-16,7.28899892287e-06
bloch_wannier,14,-14.34234375,-0.00234904386512,1.22064734943e-17,5.51800708028e-06
bloch_wannier,14,-14.03390625,-0.00191149224908,-6.27048322834e-17,3.65380261828e-06
bloch_wannier,14,-13.72546875,-0.00140271429599,-1.18866192751e-16,1.96760739617e-06
bloch_wannier,14,-13.41703125,-0.000840942466439,-1.18797395544e-16,7.07184231861e-07
bloch_wannier,14,-13.10859375,-0.000246450902502,-1.93689481721e-16,6.07380473441e-08
bloch_wannier,14,-12.80015625,0.000359159554105,-2.87321428826e-16,1.28995585305e-07
bloch_wannier,14,-12.49171875,0.000953730787485,-3.43472282648e-16,9.09602414998e-07
bloch_wannier,14,-12.18328125,0.00151534481475,-3.43403504765e-16,2.29626990758e-06
bloch_wannier,14,-11.87484375,0.00202312141719,-2.82432346619e-16,4.09302026869e-06
bloch_wannier,14,-11.56640625,0.00245798786769,-2.22153391132e-16,6.04170435773e-06
bloch_wannier,14,-11.25796875,0.00280339320588,-1.6520414964e-16,7.85901346678e-06
bloch_wannier,14,-10.94953125,0.00304594103484,-8.3962481502e-17,9.27775678771e-06
bloch_wannier,14,-10.64109375,0.00317591724026,-6.20818043087e-17,1.0086450317e-05
bloch_wannier,14,-10.33265625,0.00318769229682,-3.08449912817e-17,1.01613821792e-05
bloch_wannier,14,-10.02421875,0.00307998183138,-1.836403361e-17,9.48628808161e-06
bloch_wannier,14,-9.71578125,0.00285595373611,1.90909760592e-17,8.15647174277e-06
bloch_wannier,14,-9.40734375,0.00252317522352,8.15209644421e-17,6.36641320858e-06
bloch_wannier,14,-9.09890625,0.00209339862747,8.77154061886e-17,4.38231781351e-06
bloch_wannier,14,-8.79046875,0.00158219030619,2.51820592282e-17,2.50332616501e-06
bloch_wannier,14,-8.48203125,0.00100841251302,8.75825337113e-17,1.01689579643e-06
bloch_wannier,14,-8.17359375,0.000393573385339,-3.74342463595e-17,1.54900009647e-07
bloch_wannier,14,-7.86515625,-0.000238934917407,4.99473325094e-17,5.70898947563e-08
bloch_wannier,14,-7.55671875,-0.000864685587419,1.23882549557e-17,7.4768116509e-07
bloch_wannier,14,-7.24828125,-0.00145912613328,1.0602156998e-16,2.12904907282e-06
bloch_wannier,14,-6.93984375,-0.00199851629129,8.72142911378e-17,3.99406736655e-06
bloch_wannier,14,-6.63140625,-0.00246086248133,1.49628412057e-16,6.05584415203e-06
bloch_wannier,14,-6.32296875,-0.00282681569109,1.93313115112e-16,7.99088695137e-06
bloch_wannier,14,-6.01453125,-0.00308050004785,2.18270344537e-16,9.48948054478e-06
bloch_wannier,14,-5.70609375,-0.00321024081397,2.40119215574e-16,1.03056460837e-05
bloch_wannier,14,-5.39765625,-0.00320916309651,2.43242884657e-16,1.029872778e-05
bloch_wannier,14,-5.08921875,-0.0030756361355,2.46382774093e-16,9.45953763798e-06
bloch_wannier,14,-4.78078125,-0.0028135425361,2.53442829776e-16,7.91602160245e-06
bloch_wannier,14,-4.47234375,-0.00243235711362,2.55832164352e-16,5.91636112817e-06
bloch_wannier,14,-4.16390625,-0.00194702597475,2.49644526075e-16,3.79091014634e-06
bloch_wannier,14,-3.85546875,-0.00137764288713,1.90367050495e-16,1.89789992447e-06
bloch_wannier,14,-3.54703125,-0.00074892669699,1.12355618526e-16,5.60891197464e-07
bloch_wannier,14,-3.23859375,-8.95103323972e-05,2.49773349446e-17,8.01209960586e-09
bloch_wannier,14,-2.93015625,0.000568941437402,-1.86715473681e-17,3.23694359193e-07
bloch_wannier,14,-2.62171875,0.00119276204525,-4.35834481758e-17,1.42268129659e-06
bloch_wannier,14,-2.31328125,0.00174743183035,-9.97391885153e-17,3.05351800171e-06
bloch_wannier,14,-2.00484375,0.00219881133,-1.12178058869e-16,4.83477126494e-06
bloch_wannier,14,-1.69640625,0.00251442109866,-1.24633556219e-16,6.32231346137e-06
bloch_wannier,14,-1.38796875,0.00266472710503,-1.24615149042e-16,7.10077054429e-06
bloch_wannier,14,-1.07953125,0.0026243890885,-1.62102534222e-16,6.88741808785e-06
bloch_wannier,14,-0.77109375,0.00237342889215,-2.24604009979e-16,5.63316470611e-06
bloch_wannier,14,-0.46265625,0.00189827678063,-3.18368312326e-16,3.60345473589e-06
bloch_wannier,14,-0.15421875,0.00119265610353,-3.24701800136e-16,1.42242858129e-06
bloch_wannier,14,0.15421875,0.000113580013335,-3.68563468242e-16,1.29004194291e-08
bloch_wannier,14,0.46265625,-0.00138929032969,-3.37512145779e-16,1.93012762017e-06
bloch_wannier,14,0.77109375,-0.00322033760053,-3.25242235998e-16,1.03705742614e-05
bloch_wannier,14,1.07953125,-0.00544023140981,-3.53625928481e-16,2.95961177923e-05
bloch_wannier,14,1.38796875,-0.00812241845989,-3.57077938759e-16,6.59736816375e-05
bloch_wannier,14,1.69640625,-0.0113546692915,-2.85632422026e-16,0.00012892851472
bloch_wannier,14,2.00484375,-0.0152410199061,-2.28322926363e-16,0.00023228868778
bloch_wannier,14,2.31328125,-0.0199041479209,-1.61737947196e-16,0.000396175104456
bloch_wannier,14,2.62171875,-0.0254882347709,-7.34009932594e-17,0.000649650111734
bloch_wannier,14,2.93015625,-0.0321623784915,-3.67358949357e-17,0.00103441859023
bloch_wannier,14,3.23859375,-0.0401246361656,4.8472027123e-18,0.00160998642742
bloch_wannier,14,3.54703125,-0.0484856820725,7.05888754108e-17,0.00235086136603
bloch_wannier,14,3.85546875,-0.0553834839206,7.73821626298e-17,0.00306733029118
bloch_wannier,14,4.16390625,-0.0618371072266,1.82377238341e-16,0.00382382783016
bloch_wannier,14,4.47234375,-0.0677373115035,2.17380127292e-16,0.00458834336972
bloch_wannier,14,4.78078125,-0.0729695150157,2.0190256594e-16,0.00532455012163
bloch_wannier,14,5.08921875,-0.0774162014047,2.11509499489e-16,0.00599326823993
bloch_wannier,14,5.39765625,-0.0809598252625,2.17322604927e-16,0.00655449330654
bloch_wannier,14,5.70609375,-0.0834861418594,2.06861724799e-16,0.00696993588257
bloch_wannier,14,6.01453125,-0.0848878658704,1.63741427994e-16,0.00720594977203
bloch_wannier,14,6.32296875,-0.0850685463021,1.30141277199e-16,0.00723665756995
bloch_wannier,14,6.63140625,-0.0839465305528,1.0997569335e-16,0.00704701999184
bloch_wannier,14,6.93984375,-0.0814588802191,1.06375921277e-16,0.00663554916654
bloch_wannier,14,7.24828125,-0.077565095338,7.32747485728e-17,0.00601634401479
bloch_wannier,14,7.55671875,-0.0722505025378,5.22476632573e-19,0.00522013511696
bloch_wannier,14,7.86515625,-0.0655291662335,-5.21449699032e-17,0.00429407162726
bloch_wannier,14,8.17359375,-0.0574461905551,-1.23191665239e-16,0.0033000648093
bloch_wannier,14,8.48203125,-0.0480792929972,-1.66359733732e-16,0.00231161841511
bloch_wannier,14,8.79046875,-0.0375395485284,-2.43840688536e-16,0.00140921770372
bloch_wannier,14,9.09890625,-0.0259712246562,-2.45254682953e-16,0.000674504510145
bloch_wannier,14,9.40734375,-0.0135506531143,-2.75749856908e-16,0.000183620199824
bloch_wannier,14,9.71578125,-0.000484111742597,-2.58141539464e-16,2.3436417932e-07
bloch_wannier,14,10.02421875,0.0129952800615,-2.14323039214e-16,0.000168877303876
bloch_wannier,14,10.33265625,0.0266316180918,-1.54477190957e-16,0.00070924308219
bloch_wannier,14,10.64109375,0.0401511571048,-8.09801716427e-17,0.00161211541685
bloch_wannier,14,10.94953125,0.0532680463393,1.0572643199e-18,0.00283748476081
bloch_wannier,14,11.25796875,0.0676143955667,4.49819362339e-17,0.00457170648785
bloch_wannier,14,11.56640625,0.085613868222,8.31069125395e-17,0.00732973443193
bloch_wannier,14,11.87484375,0.105619243827,1.09764276983e-16,0.0111554246667
bloch_wannier,14,12.18328125,0.127946059575,1.00785259203e-16,0.0163701941609
bloch_wannier,14,12.49171875,0.152954857307,8.35449624634e-17,0.0233951883739
bloch_wannier,14,12.80015625,0.181057880972,8.34726110238e-17,0.0327819562622
bloch_wannier,14,13.10859375,0.212726701345,8.14942909119e-17,0.0452526494653
bloch_wannier,14,13.41703125,0.244271206242,5.76359868459e-17,0.0596684221988
bloch_wannier,14,13.72546875,0.266646562755,4.12445129827e-17,0.0711003894289
bloch_wannier,14,14.03390625,0.283592792426,2.77021420759e-17,0.0804248719159
bloch_wannier,14,14.34234375,0.294730840859,-6.07442836404e-19,0.0868662685534
bloch_wannier,14,14.65078125,0.29980105843,-4.28138377673e-18,0.0898806746359
bloch_wannier,14,14.95921875,0.298669488531,-2.74560472336e-17,0.0892034633794
bloch_wannier,14,15.26765625,0.291331521657,-2.93307943418e-17,0.0848740555108
bloch_wannier,14,15.57609375,0.277912814228,-3.90757864047e-17,0.077235532312
bloch_wannier,14,15.88453125,0.258667429947,-9.23365599046e-17,0.0669088393152
bloch_wannier,14,16.19296875,0.233973221932,-1.15712524601e-16,0.0547434685815
bloch_wannier,14,16.50140625,0.204324534491,-7.84446277172e-17,0.0417485153951
bloch_wannier,14,16.80984375,0.170322362807,-1.59194926167e-18,0.0290097072721
bloch_wannier,14,17.11828125,0.132662165719,6.30994861592e-17,0.0175992502131
bloch_wannier,14,17.42671875,0.0921195797767,9.99117600594e-17,0.00848601697824
bloch_wannier,14,17.73515625,0.0495343307155,7.82980013898e-17,0.00245364991944
bloch_wannier,14,18.04359375,0.00579268019584,4.79528973612e-17,3.35551438512e-05
bloch_wannier,14,18.35203125,-0.0381912198094,8.20751502735e-18,0.00145856927053
bloch_wannier,14,18.66046875,-0.0814946661581,-5.99568118034e-17,0.00664138061221
bloch_wannier,14,18.96890625,-0.123206020632,-1.13870246663e-16,0.0151797235201
bloch_wannier,14,19.27734375,-0.162444177835,-1.32341009837e-16,0.0263881109125
bloch_wannier,14,19.58578125,-0.198377460606,-1.67976938808e-16,0.0393536168766
bloch_wannier,14,19.89421875,-0.23024152902,-2.23807966032e-16,0.0530111616855
bloch_wannier,14,20.20265625,-0.257355908675,-2.41379657876e-16,0.0662320637301
bloch_wannier,14,20.51109375,-0.279138772546,-2.23353856041e-16,0.0779184543386
bloch_wannier,14,20.81953125,-0.295119647544,-2.01347562595e-16,0.0870956063665
bloch_wannier,14,21.12796875,-0.304949761336,-1.65410596006e-16,0.092994356939
bloch_wannier,14,21.43640625,-0.308409795925,-1.24935514133e-16,0.0951166022223
bloch_wannier,14,21.74484375,-0.305414870866,-1.10805656248e-16,0.093278243346
bloch_wannier,14,22.05328125,-0.296016639566,-9.36465772236e-17,0.0876258508999
bloch_wannier,14,22.36171875,-0.280402445454,-9.72005798643e-17,0.0786255314167
bloch_wannier,14,22.67015625,-0.258891549592,-1.00032444813e-16,0.0670248344499
bloch_wannier,14,22.97859375,-0.231928505945,-6.1981074067e-17,0.0537908318697
bloch_wannier,14,23.28703125,-0.200073823696,2.07893111695e-17,0.0400295349285
bloch_wannier,14,23.59546875,-0.163992116109,8.57265772495e-17,0.0268934141459
bloch_wannier,14,23.90390625,-0.124437991261,1.104831095e-16,0.0154848136691
bloch_wannier,14,24.21234375,-0.0822399901604,1.1682220061e-16,0.00676341598159
bloch_wannier,14,24.52078125,-0.0382829211327,1.31185558161e-16,0.00146558205046
bloch_wannier,14,24.82921875,0.00651102496444,1.37061676569e-16,4.23934460875e-05
bloch_wannier,14,25.13765625,0.0512019670899,1.39020759254e-16,0.00262164143388
bloch_wannier,14,25.44609375,0.0948524044503,1.34800563725e-16,0.00899697863
bloch_wannier,14,25.75453125,0.136547227268,1.29852821816e-16,0.0186451452746
bloch_wannier,14,26.06296875,0.175413231663,1.2582758651e-16,0.0307698018423
bloch_wannier,14,26.37140625,0.210637713696,1.12010184668e-16,0.0443682464309
bloch_wannier,14,26.67984375,0.241485738384,8.70660783993e-17,0.058315361843
bloch_wannier,14,26.98828125,0.267315709257,3.91790280388e-17,0.0714576884157
bloch_wannier,14,27.29671875,0.287592902097,1.0426896971e-17,0.0827096773365
bloch_wannier,14,27.60515625,0.301900672043,-5.58602381757e-18,0.0911440157803
bloch_wannier,14,27.91359375,0.309949095137,-9.28568190935e-18,0.0960684415763
bloch_wannier,14,28.22203125,0.311580862495,-7.91452162974e-18,0.0970826338731
bloch_wannier,14,28.53046875,0.306774306328,-2.52921669039e-17,0.0941104750231
bloch_wannier,14,28.83890625,0.295643500516,-8.69495915069e-18,0.0874050793976
bloch_wannier,14,29.14734375,0.278435443024,-1.66589704657e-17,0.0775262959319
bloch_wannier,14,29.45578125,0.255524391611,-2.72736077931e-17,0.0652927147083
bloch_wannier,14,29.76421875,0.223048943473,-1.77804494113e-17,0.0497508311843
bloch_wannier,14,30.07265625,0.190457932559,-2.39191288871e-17,0.0362742240746
bloch_wannier,14,30.38109375,0.161543419204,-2.51174826851e-17,0.0260962762883
bloch_wannier,14,30.68953125,0.135815447563,-1.71009952992e-17,0.0184458357968
bloch_wannier,14,30.99796875,0.112847698956,-1.86844506135e-17,0.0127346031597
bloch_wannier,14,31.30640625,0.0922699044395,4.46706690703e-18,0.00851373526528
bloch_wannier,14,31.61484375,0.0737614199952,-4.63230612206e-18,0.00544074707971
bloch_wannier,14,31.92328125,0.0570458498213,-2.89345749094e-17,0.00325422898183
bloch_wannier,14,32.23171875,0.0418866264051,-2.22013173282e-17,0.0017544894716
bloch_wannier,14,32.54015625,0.028083477768,-7.49314573371e-18,0.000788681723546
bloch_wannier,14,32.84859375,0.0154697330567,-5.91434684246e-18,0.000239312640846
bloch_wannier,14,33.15703125,0.00527713530081,2.25110223844e-17,2.7848156983e-05
bloch_wannier,14,33.46546875,-0.00299730372013,3.55536128075e-17,8.98382959072e-06
bloch_wannier,14,33.77390625,-0.0105013328643,1.83749473195e-18,0.000110277991926
bloch_wannier,14,34.08234375,-0.0170485719697,5.2574051338e-17,0.000290653806207
bloch_wannier,14,34.39078125,-0.022489677545,2.22341056368e-17,0.000505785596078
bloch_wannier,14,34.69921875,-0.0267155891827,-2.82600128768e-17,0.000713722705377
bloch_wannier,14,35.00765625,-0.029659483715,5.57149657175e-17,0.00087968497424
bloch_wannier,14,35.31609375,-0.0312974062332,6.48849893601e-17,0.000979527636927
bloch_wannier,14,35.62453125,-0.0316475868424,1.08571624002e-16,0.00100156975295
bloch_wannier,14,35.93296875,-0.0307684909729,5.87026885985e-17,0.000946700036752
bloch_wannier,14,36.24140625,-0.0287556880838,5.84905516263e-18,0.000826889597173
bloch_wannier,14,36.54984375,-0.0257376576054,-2.18931765995e-17,0.000662427019011
bloch_wannier,14,36.85828125,-0.0218706810041,-1.51725343481e-17,0.000478326687584
bloch_wannier,14,37.16671875,-0.0173329940692,-3.4919819119e-17,0.000300432683402
bloch_wannier,14,37.47515625,-0.0123183932165,-2.8058633431e-17,0.000151742811437
bloch_wannier,14,37.78359375,-0.00702950325585,3.50598107821e-17,4.9413916024e-05
bloch_wannier,14,38.09203125,-0.00167092131944,6.38278817023e-17,2.79197805575e-06
bloch_wannier,14,38.40046875,0.00355754764563,6.44681844806e-17,1.26561452509e-05
bloch_wannier,14,38.70890625,0.00846735422749,3.61767441985e-17,7.16960876138e-05
bloch_wannier,14,39.01734375,0.0128871692362,-1.56012309936e-17,0.000166079130923
bloch_wannier,14,39.32578125,0.0166681701717,1.11396204832e-18,0.000277827896871
bloch_wannier,14,39.63421875,0.0196884931438,-5.57647334738e-17,0.000387636762272
bloch_wannier,14,39.94265625,0.0218567216777,-1.12113311995e-16,0.000477716282494
bloch_wannier,14,40.25109375,0.0231143152614,-1.51784399222e-16,0.000534271570003
bloch_wannier,14,40.55953125,0.0234369146093,-2.34518625343e-16,0.000549288966401
bloch_wannier,14,40.86796875,0.0227412114544,-2.50221509906e-16,0.000517162698412
bloch_wannier,14,41.17640625,0.0218414306563,-2.75319998072e-16,0.000477048093115
bloch_wannier,14,41.48484375,0.0208651296874,-1.56745150664e-16,0.000435353636871
bloch_wannier,14,41.79328125,0.0198429112505,-5.37936120224e-17,0.000393741126897
bloch_wannier,14,42.10171875,0.0188021646881,1.47967494796e-17,0.00035352139696
bloch_wannier,14,42.41015625,0.017767507923,3.34112631691e-17,0.000315684337795
bloch_wannier,14,42.71859375,0.0167612072241,9.57587688731e-17,0.00028093806761
bloch_wannier,14,43.02703125,0.0159167942632,1.0814950651e-16,0.000253344339618
bloch_wannier,14,43.33546875,0.0146821558759,1.64221974712e-16,0.000215565701165
bloch_wannier,14,43.64390625,0.0129953896204,1.76509553822e-16,0.000168880151385
bloch_wannier,14,43.95234375,0.010920900164,1.57514279535e-16,0.000119266060392
bloch_wannier,14,44.26078125,0.0085338939495,2.63422216978e-16,7.28273459414e-05
bloch_wannier,14,44.56921875,0.00591781536991,2.25619394554e-16,3.50205387524e-05
bloch_wannier,14,44.87765625,0.00316158207283,2.69011372723e-16,9.99560120324e-06
bloch_wannier,14,45.18609375,0.000356706630452,2.6242080035e-16,1.27239620209e-07
bloch_wannier,14,45.49453125,-0.00240560623186,2.5583544039e-16,5.78694134276e-06
bloch_wannier,14,45.80296875,-0.00503729838212,1.86795334857e-16,2.53743749905e-05
bloch_wannier,14,46.11140625,-0.00745614788696,1.86499111226e-16,5.55941413121e-05
bloch_wannier,14,46.41984375,-0.00958823019856,1.86238006449e-16,9.19341583406e-05
bloch_wannier,14,46.72828125,-0.0113700797694,1.86019792811e-16,0.000129278713962
bloch_wannier,14,47.03671875,-0.0127504910761,8.90210910872e-17,0.000162575022681
bloch_wannier,14,47.34515625,-0.013691909855,-7.92384955751e-18,0.000187468395477
bloch_wannier,14,47.65359375,-0.0141713784849,-1.07545312587e-16,0.000200827968162
bloch_wannier,14,47.96203125,-0.0141810134901,-2.04766584768e-16,0.000201101143607
bloch_wannier,14,48.27046875,-0.0137280076498,-2.6718184955e-16,0.000188458194034
bloch_wannier,14,48.57890625,-0.0128341637471,-2.20219328745e-16,0.000164715759089
bloch_wannier,14,48.88734375,-0.0115349811398,-2.07566076363e-16,0.000133055789896
bloch_wannier,14,49.19578125,-0.00987832966426,-1.69880749872e-16,9.75813969558e-05
bloch_wannier,14,49.50421875,-0.00792275750526,-1.13417593556e-16,6.27700864872e-05
bloch_wannier,14,49.81265625,-0.00573549022742,-1.0690265637e-16,3.28958481488e-05
bloch_wannier,14,50.12109375,-0.00339018686863,-5.6638845947e-17,1.14933670042e-05
bloch_wannier,14,50.42953125,-0.000964525602198,1.86231022799e-17,9.30309637296e-07
bloch_wannier,14,50.73796875,0.00146230419583,-1.23150677841e-17,2.13833356115e-06
bloch_wannier,14,51.04640625,0.00381212468861,1.00420037825e-16,1.45322946415e-05
bloch_wannier,14,51.35484375,0.00601022881141,7.57009311439e-17,3.61228503655e-05
bloch_wannier,14,51.66328125,0.00798770052163,1.5715506618e-16,6.38033596232e-05
bloch_wannier,14,51.97171875,0.00968352570363,7.61507802721e-17,9.37706700529e-05
bloch_wannier,14,52.28015625,0.0110464305696,9.50589105793e-17,0.00012202362833
bloch_wannier,14,52.58859375,0.012036393454,2.64623298705e-17,0.000144874767381
bloch_wannier,14,52.89703125,0.012625786517,2.02874355036e-17,0.000159410485172
bloch_wannier,14,53.20546875,0.0128001157176,2.03087846733e-17,0.000163842962384
bloch_wannier,14,53.51390625,0.0125583401185,3.9020398301e-17,0.000157711906532
bloch_wannier,14,53.82234375,0.0119127647455,3.89413381196e-17,0.000141913963881
bloch_wannier,14,54.13078125,0.0108885144531,2.31982181362e-17,0.000118559746995
bloch_wannier,14,54.43921875,0.00952260912478,-1.5818049702e-17,9.06800845434e-05
bloch_wannier,14,54.74765625,0.00786267268966,-6.61931479525e-17,6.18216218247e-05
bloch_wannier,14,55.05609375,0.00596531948952,-1.17963868852e-16,3.55850366121e-05
bloch_wannier,14,55.36453125,0.00389427116337,-1.40082258822e-16,1.51653478938e-05
bloch_wannier,14,55.67296875,0.0017182651394,-1.05989834604e-16,2.95243508927e-06
bloch_wannier,14,55.98140625,-0.000491178186055,-5.62838197766e-17,2.41256010456e-07
bloch_wannier,14,56.28984375,-0.00266205862039,-5.65496759541e-17,7.08655609841e-06
bloch_wannier,14,56.59828125,-0.00472419706161,-7.55434376773e-17,2.23180378769e-05
bloch_wannier,14,56.90671875,-0.00661146203757,-6.32804125791e-17,4.37114302743e-05
bloch_wannier,14,57.21515625,-0.00826385262375,-8.84710688621e-17,6.82912601871e-05
bloch_wannier,14,57.52359375,-0.00962937337065,-1.26120742121e-16,9.27248315114e-05
bloch_wannier,14,57.83203125,-0.0106656437324,-1.51235945438e-16,0.000113755956227
bloch_wannier,14,58.14046875,-0.0113411930822,-1.76306973172e-16,0.000128622660527
bloch_wannier,14,58.44890625,-0.0116364024556,-1.38860680695e-16,0.000135405862108
bloch_wannier,14,58.75734375,-0.0115440653676,-8.26257048662e-17,0.000133265445211
bloch_wannier,14,59.06578125,-0.011069552048,-3.88380743465e-17,0.000122534982543
bloch_wannier,14,59.37421875,-0.010100657472,-7.48404798393e-18,0.000102023281366
bloch_wannier,14,59.68265625,-0.00902879310445,-2.60940050563e-17,8.15191049229e-05
bloch_wannier,14,59.99109375,-0.00798398087415,-3.22131266607e-17,6.37439505988e-05
bloch_wannier,14,60.29953125,-0.00696604902557,-2.5841391763e-17,4.85258390266e-05
bloch_wannier,14,60.60796875,-0.00597461767883,-3.82141248398e-17,3.56960564082e-05
bloch_wannier,14,60.91640625,-0.00500916303703,-5.68371133452e-17,2.50917143316e-05
bloch_wannier,14,61.22484375,-0.00406907767102,-1.19192728089e-16,1.65573930928e-05
bloch_wannier,14,61.53328125,-0.00315372786933,-1.40945389767e-16,9.94599947381e-06
bloch_wannier,14,61.84171875,-0.00226250901379,-1.80661344958e-16,5.11894703749e-06
bloch_wannier,14,62.15015625,-0.00139489993189,-1.93830126164e-16,1.94574581999e-06
bloch_wannier,14,62.45859375,-0.00055051718515,-2.36284912087e-16,3.03069171146e-07
bloch_wannier,14,62.76703125,0.00017371890419,-2.93591212956e-16,3.01782576731e-08
bloch_wannier,14,63.07546875,0.000777177683259,-3.16943838818e-16,6.04005151355e-07
bloch_wannier,14,63.38390625,0.00133639746145,-3.80907864694e-16,1.78595817498e-06
bloch_wannier,14,63.69234375,0.00183274279911,-3.43364634723e-16,3.35894616768e-06
bloch_wannier,14,64.00078125,0.00225011741314,-2.98022233127e-16,5.06302837292e-06
bloch_wannier,14,64.30921875,0.00257547069828,-1.79287979046e-16,6.63304931771e-06
bloch_wannier,14,64.61765625,0.00279919304376,-1.18351607514e-16,7.83548169621e-06
bloch_wannier,14,64.92609375,0.00291538822225,1.59747175847e-17,8.4994884864e-06
bloch_wannier,14,65.23453125,0.00292201538297,9.09404195741e-17,8.53817389831e-06
bloch_wannier,14,65.54296875,0.00282089763324,1.50275241118e-16,7.95746345722e-06
bloch_wannier,14,65.85140625,0.00261759869459,1.81485715177e-16,6.8518229259e-06
bloch_wannier,14,66.15984375,0.00232117352132,2.06437710362e-16,5.38784651606e-06
bloch_wannier,14,66.46828125,0.00194380292728,2.54806320841e-16,3.77836982011e-06
bloch_wannier,14,66.77671875,0.00150032604566,2.90672687235e-16,2.25097824328e-06
bloch_wannier,14,67.08515625,0.00100768772565,2.9842119919e-16,1.01543455242e-06
bloch_wannier,14,67.39359375,0.000484320645418,2.5150404871e-16,2.34566487578e-07
bloch_wannier,14,67.70203125,-5.05160907315e-05,2.32697327502e-16,2.55187542279e-09
bloch_wannier,14,68.01046875,-0.000577418860535,2.45126948922e-16,3.33412540502e-07
bloch_wannier,14,68.31890625,-0.00107751846576,2.4096606194e-16,1.16104604405e-06
bloch_wannier,14,68.62734375,-0.00153313296499,2.04403925402e-16,2.35049668835e-06
bloch_wannier,14,68.93578125,-0.00192837235538,1.67653961614e-16,3.718619941e-06
bloch_wannier,14,69.24421875,-0.00224967489211,1.31693936753e-16,5.06103712021e-06
bloch_wannier,14,69.55265625,-0.00248625732881,9.65251713873e-17,6.18147550505e-06
bloch_wannier,14,69.86109375,-0.00263046443132,-9.69275028415e-18,6.91934312442e-06
bloch_wannier,14,70.16953125,-0.0026780066562,-9.87193798731e-17,7.17171965064e-06
bloch_wannier,14,70.47796875,-0.00262034740151,-1.78362514697e-16,6.8662205046e-06
bloch_wannier,14,70.78640625,-0.00255062426151,-2.62689477771e-16,6.50568412342e-06
bloch_wannier,14,71.09484375,-0.00247808114535,-3.18904261599e-16,6.14088616295e-06
bloch_wannier,14,71.40328125,-0.00240413428676,-3.62624725118e-16,5.77986166879e-06
bloch_wannier,14,71.71171875,-0.00233010877523,-4.03221641906e-16,5.42940690441e-06
bloch_wannier,14,72.02015625,-0.00225724446933,-4.68806997698e-16,5.09515259431e-06
bloch_wannier,14,72.32859375,-0.00218670229564,-5.68751545969e-16,4.78166692977e-06
bloch_wannier,14,72.63703125,-0.00212750784648,-6.37462112936e-16,4.52628963682e-06
bloch_wannier,14,72.94546875,-0.00200559949756,-6.74929628667e-16,4.0224293446e-06
bloch_wannier,14,73.25390625,-0.00181772273746,-7.12389065598e-16,3.30411595029e-06
bloch_wannier,14,73.56234375,-0.00157069100193,-6.06158551541e-16,2.46707022354e-06
bloch_wannier,14,73.87078125,-0.00127320616045,-5.62392600757e-16,1.62105392702e-06
bloch_wannier,14,74.17921875,-0.000935557035375,-3.81186098874e-16,8.7526696644e-07
bloch_wannier,14,74.48765625,-0.000569268985712,-1.49999496137e-16,3.24067178094e-07
bloch_wannier,14,74.79609375,-0.000186716292715,3.74595790471e-17,3.48629739652e-08
bloch_wannier,14,75.10453125,0.000199289818814,2.18672002953e-16,3.97164318829e-08
bloch_wannier,14,75.41296875,0.000575924010916,3.90512667831e-16,3.31688466349e-07
bloch_wannier,14,75.72140625,0.00093076676106,4.8113869943e-16,8.66326763493e-07
bloch_wannier,14,76.02984375,0.00125220783586,5.12413435607e-16,1.5680244642e-06
bloch_wannier,14,76.33828125,0.00152982038934,5.0151505349e-16,2.34035042365e-06
bloch_wannier,14,76.64671875,0.00175469380619,4.71868990092e-16,3.07895035349e-06
bloch_wannier,14,76.95515625,0.00191971482416,4.3753029124e-16,3.6853050061e-06
bloch_wannier,14,77.26359375,0.0020197882083,3.92251258747e-16,4.07954440639e-06
bloch_wannier,14,77.57203125,0.00205199025562,3.34469766013e-16,4.21066400918e-06
bloch_wannier,14,77.88046875,0.00201565061632,2.47006276895e-16,4.06284740709e-06
bloch_wannier,14,78.18890625,0.00191236025505,1.4079336608e-16,3.65712174509e-06
bloch_wannier,14,78.49734375,0.00174590576783,5.01904053886e-17,3.04818695015e-06
bloch_wannier,14,78.80578125,0.00152213264013,1.58040929858e-17,2.31688777414e-06
bloch_wannier,14,79.11421875,0.00124874230397,-4.35765925713e-17,1.55935734173e-06
bloch_wannier,14,79.42265625,0.000935029955257,-1.74803569447e-16,8.74281017228e-07
bloch_wannier,14,79.73109375,0.000591571959809,-2.12328076119e-16,3.49957383632e-07
bloch_wannier,14,80.03953125,0.000229873250582,-2.12372371436e-16,5.2841711333e-08
bloch_wannier,14,80.34796875,-0.000138013650114,-2.37405721386e-16,1.90477676177e-08
bloch_wannier,14,80.65640625,-0.000499885497893,-1.93720518508e-16,2.49885511003e-07
bloch_wannier,14,80.96484375,-0.000843788150954,-1.87515560237e-16,7.11978443691e-07
bloch_wannier,14,81.27328125,-0.0011584063905,-1.6881286726e-16,1.34190536556e-06
bloch_wannier,14,81.58171875,-0.00143343116185,-1.25117028682e-16,2.05472489577e-06
bloch_wannier,14,81.89015625,-0.00165989244925,-6.89210943941e-17,2.75524294309e-06
bloch_wannier,14,82.19859375,-0.00183044716028,-4.39536845234e-17,3.35053680656e-06
bloch_wannier,14,82.50703125,-0.00193961289376,-3.77199792704e-17,3.76209817763e-06
bloch_wannier,14,82.81546875,-0.00198394025013,-9.08255385033e-17,3.93601891608e-06
bloch_wannier,14,83.12390625,-0.00196211835537,-1.04878783041e-16,3.84990844048e-06
bloch_wannier,14,83.43234375,-0.00187501044515,-1.62653551746e-16,3.51566416941e-06
bloch_wannier,14,83.74078125,-0.00172561862341,-2.21982461421e-16,2.97775963346e-06
bloch_wannier,14,84.04921875,-0.00151897919699,-2.54363852801e-16,2.3072978009e-06
bloch_wannier,14,84.35765625,-0.00126199222136,-2.60969897311e-16,1.59262436678e-06
bloch_wannier,14,84.66609375,-0.00096319100145,-2.57809767615e-16,9.27736905273e-07
bloch_wannier,14,84.97453125,-0.000632459208258,-1.96860291205e-16,4.00004650111e-07
bloch_wannier,14,85.28296875,-0.00028070493626,-1.09358174935e-16,7.87952612409e-08
bloch_wannier,14,85.59140625,8.04976142465e-05,-5.93373467825e-17,6.47986589938e-09
bloch_wannier,14,85.89984375,0.000439287133822,1.25479455576e-17,1.92973185942e-07
bloch_wannier,14,86.20828125,0.000783902550775,5.63196681722e-17,6.14503209112e-07
bloch_wannier,14,86.51671875,0.00110306616449,1.62559015837e-16,1.21675496324e-06
bloch_wannier,14,86.82515625,0.0013863501709,2.50052746918e-16,1.92196679634e-06
bloch_wannier,14,87.13359375,0.00162451475319,3.12552655664e-16,2.63904818335e-06
bloch_wannier,14,87.44203125,0.00180980685694,3.500577926e-16,3.27540085943e-06
bloch_wannier,14,87.75046875,0.00193621006225,4.31285237124e-16,3.74890940517e-06
bloch_wannier,14,88.05890625,0.00199963756464,4.50034227352e-16,3.99855038993e-06
bloch_wannier,14,88.36734375,0.00199806212826,4.12551589219e-16,3.99225226838e-06
bloch_wannier,14,88.67578125,0.00193157892108,4.21914058674e-16,3.73099712835e-06
bloch_wannier,15,-59.06578125,-0.00252346869281,1.28286077622e-15,6.36789424361e-06
bloch_wannier,15,-58.75734375,-0.00250875617052,1.23834203711e-15,6.29385752314e-06
bloch_wannier,15,-58.44890625,-0.00250221309341,1.14619398565e-15,6.26107036485e-06
bloch_wannier,15,-58.14046875,-0.0025032820585,1.06342085814e-15,6.26642106443e-06
bloch_wannier,15,-57.83203125,-0.00251145848836,9.90022368677e-16,6.30742373875e-06
bloch_wannier,15,-57.52359375,-0.00252628080847,1.01970436877e-15,6.38209472325e-06
bloch_wannier,15,-57.21515625,-0.00254732233053,9.91604456026e-16,6.48885105564e-06
bloch_wannier,15,-56.90671875,-0.00257418464965,9.76001989478e-16,6.62642661049e-06
bloch_wannier,15,-56.59828125,-0.00260649241592,8.79190643474e-16,6.79380271425e-06
bloch_wannier,15,-56.28984375,-0.00264388938848,7.82382180779e-16,6.99015109852e-06
bloch_wannier,15,-55.98140625,-0.00268603572447,7.01194094353e-16,7.21478791313e-06
bloch_wannier,15,-55.67296875,-0.00272710026706,7.32452730628e-16,7.43707586662e-06
bloch_wannier,15,-55.36453125,-0.00267104537992,7.82397566111e-16,7.13448342158e-06
bloch_wannier,15,-55.05609375,-0.00252504367423,7.13597032081e-16,6.37584555675e-06
bloch_wannier,15,-54.74765625,-0.00229379733703,8.13419205764e-16,5.26150622334e-06
bloch_wannier,15,-54.43921875,-0.00198489504467,7.32032231372e-16,3.93980833835e-06
bloch_wannier,15,-54.13078125,-0.00160856530036,5.50653868501e-16,2.58748232553e-06
bloch_wannier,15,-53.82234375,-0.00117734037606,3.9423270135e-16,1.3861303611e-06
bloch_wannier,15,-53.51390625,-0.000705641815122,6.91176003118e-17,4.97930371249e-07
bloch_wannier,15,-53.20546875,-0.000209301105023,-1.43564126238e-16,4.38069525637e-08
bloch_wannier,15,-52.89703125,0.000294968661329,-3.09397288527e-16,8.70065111661e-08
bloch_wannier,15,-52.58859375,0.000790132625387,-4.76787060439e-16,6.243095657e-07
bloch_wannier,15,-52.28015625,0.00125940687812,-5.86376728087e-16,1.58610568465e-06
bloch_wannier,15,-51.97171875,0.00168682492382,-7.18978768049e-16,2.84537832362e-06
bloch_wannier,15,-51.66328125,0.00205777889888,-7.89078076076e-16,4.23445399666e-06
bloch_wannier,15,-51.35484375,0.00235951731645,-8.30635893723e-16,5.56732196662e-06
bloch_wannier,15,-51.04640625,0.00258158248197,-8.69805919354e-16,6.66456811124e-06
bloch_wannier,15,-50.73796875,0.00271617266429,-8.16782041248e-16,7.37759394222e-06
bloch_wannier,15,-50.42953125,0.00275841655158,-7.5745876979e-16,7.60886187203e-06
bloch_wannier,15,-50.12109375,0.00270655039148,-7.51182310615e-16,7.32541502164e-06
bloch_wannier,15,-49.81265625,0.00256199141726,-7.38606261767e-16,6.56380002212e-06
bloch_wannier,15,-49.50421875,0.00232930459309,-6.82250764344e-16,5.42565988739e-06
bloch_wannier,15,-49.19578125,0.00201606325805,-5.44637663854e-16,4.06451106045e-06
bloch_wannier,15,-48.88734375,0.00163260779402,-3.57008189679e-16,2.66540820911e-06
bloch_wannier,15,-48.57890625,0.00119170986988,-5.68988356595e-17,1.42017241397e-06
bloch_wannier,15,-48.27046875,0.000708153008761,1.49528573951e-16,5.01480683817e-07
bloch_wannier,15,-47.96203125,0.000119283147474,5.05945429844e-16,1.42284692712e-08
bloch_wannier,15,-47.65359375,-0.000551488354411,7.81196722834e-16,3.04139405051e-07
bloch_wannier,15,-47.34515625,-0.00122593669154,1.01896765375e-15,1.50292077165e-06
bloch_wannier,15,-47.03671875,-0.00190476785862,1.18802325158e-15,3.62814059524e-06
bloch_wannier,15,-46.72828125,-0.00258864474442,1.40081122748e-15,6.7010816128e-06
bloch_wannier,15,-46.41984375,-0.00327817266552,1.5854905711e-15,1.07464160249e-05
bloch_wannier,15,-46.11140625,-0.0039738843926,1.79828525207e-15,1.57917571657e-05
bloch_wannier,15,-45.80296875,-0.00459318444531,1.93294821422e-15,2.10973433487e-05
bloch_wannier,15,-45.49453125,-0.00497509505029,2.05185899695e-15,2.47515707594e-05
bloch_wannier,15,-45.18609375,-0.00518932864746,2.08009220573e-15,2.69291318114e-05
bloch_wannier,15,-44.87765625,-0.00522812921166,1.97079038984e-15,2.73333350538e-05
bloch_wannier,15,-44.56921875,-0.00508959034001,1.86451163871e-15,2.59039298291e-05
bloch_wannier,15,-44.26078125,-0.00477774107509,1.71167208354e-15,2.28268097806e-05
bloch_wannier,15,-43.95234375,-0.00430243612697,1.39428447348e-15,1.85109566267e-05
bloch_wannier,15,-43.64390625,-0.00367905327169,1.09610325116e-15,1.35354329759e-05
bloch_wannier,15,-43.33546875,-0.00292800698708,7.7317253741e-16,8.57322491641e-06
bloch_wannier,15,-43.02703125,-0.00207409340371,3.51011240868e-16,4.3018634473e-06
bloch_wannier,15,-42.71859375,-0.00114568720515,-1.75830752599e-16,1.31259917204e-06
bloch_wannier,15,-42.41015625,-0.000173816027286,-6.99573834219e-16,3.02120113414e-08
bloch_wannier,15,-42.10171875,0.000808857980241,-1.22488480477e-15,6.542512322e-07
bloch_wannier,15,-41.79328125,0.00176911659071,-1.6564769628e-15,3.12977351153e-06
bloch_wannier,15,-41.48484375,0.0026742889635,-1.95060227912e-15,7.15182146028e-06
bloch_wannier,15,-41.17640625,0.00349334414748,-2.06663719071e-15,1.22034533327e-05
bloch_wannier,15,-40.86796875,0.00419793678021,-2.11076589981e-15,1.76226732106e-05
bloch_wannier,15,-40.55953125,0.00476337143797,-2.07360380382e-15,2.2689707456e-05
bloch_wannier,15,-40.25109375,0.00516945351404,-1.9363982388e-15,2.67232496338e-05
bloch_wannier,15,-39.94265625,0.0054011979765,-1.74911730854e-15,2.91729395813e-05
bloch_wannier,15,-39.63421875,0.00544937177693,-1.5023851707e-15,2.96956527632e-05
bloch_wannier,15,-39.32578125,0.00531085091206,-1.28990616838e-15,2.82051374101e-05
bloch_wannier,15,-39.01734375,0.00498877901902,-9.47696384862e-16,2.48879161006e-05
bloch_wannier,15,-38.70890625,0.00449252072714,-6.13196758113e-16,2.01827424838e-05
bloch_wannier,15,-38.40046875,0.00383740959492,-3.43420527491e-16,1.47257123992e-05
bloch_wannier,15,-38.09203125,0.00304429712077,-5.48276394863e-18,9.26774495954e-06
bloch_wannier,15,-37.78359375,0.00213891581623,3.70489103806e-16,4.57496086892e-06
bloch_wannier,15,-37.47515625,0.0011510754629,7.14637849584e-16,1.3249747213e-06
bloch_wannier,15,-37.16671875,0.000113717238868,1.10722947495e-15,1.29316104158e-08
bloch_wannier,15,-36.85828125,-0.000938144784404,1.45922333521e-15,8.80115636504e-07
bloch_wannier,15,-36.54984375,-0.00196856136783,1.70344301552e-15,3.87523385893e-06
bloch_wannier,15,-36.24140625,-0.00294182878219,1.84143005635e-15,8.65435658375e-06
bloch_wannier,15,-35.93296875,-0.00382367444306,1.92314163403e-15,1.46204862465e-05
bloch_wannier,15,-35.62453125,-0.00458240899166,1.87671844155e-15,2.09984721668e-05
bloch_wannier,15,-35.31609375,-0.00519000702471,1.65841508159e-15,2.69361729165e-05
bloch_wannier,15,-35.00765625,-0.00562308061065,1.39940686182e-15,3.16190355538e-05
bloch_wannier,15,-34.69921875,-0.00586371283246,1.14653668786e-15,3.43831281816e-05
bloch_wannier,15,-34.39078125,-0.00590012277979,9.31033256165e-16,3.48114488166e-05
bloch_wannier,15,-34.08234375,-0.00572713855111,7.15411191388e-16,3.28001159836e-05
bloch_wannier,15,-33.77390625,-0.00534646076575,4.7468316022e-16,2.85846427197e-05
bloch_wannier,15,-33.46546875,-0.00476670564308,1.62000987716e-16,2.27214826877e-05
bloch_wannier,15,-33.15703125,-0.00400322367913,-1.89829489694e-16,1.60257998251e-05
bloch_wannier,15,-32.84859375,-0.00307769712199,-4.70691305076e-16,9.47221957471e-06
bloch_wannier,15,-32.54015625,-0.00201752658841,-7.25469780316e-16,4.07041353494e-06
bloch_wannier,15,-32.23171875,-0.000855024049898,-9.52780061458e-16,7.31066125903e-07
bloch_wannier,15,-31.92328125,0.000373564176126,-1.12937030583e-15,1.39550193684e-07
bloch_wannier,15,-31.61484375,0.00162917507339,-1.25033785541e-15,2.65421141975e-06
bloch_wannier,15,-31.30640625,0.00287115300904,-1.34943292149e-15,8.24351960132e-06
bloch_wannier,15,-30.99796875,0.00405854223993,-1.44537352302e-15,1.64717651133e-05
bloch_wannier,15,-30.68953125,0.00515140719285,-1.48035159801e-15,2.65369960665e-05
bloch_wannier,15,-30.38109375,0.00611213849546,-1.43404284757e-15,3.73582369877e-05
bloch_wannier,15,-30.07265625,0.00690670268402,-1.372022269e-15,4.77025419654e-05
bloch_wannier,15,-29.76421875,0.00750579480124,-1.24429666588e-15,5.63369555983e-05
bloch_wannier,15,-29.45578125,0.00794470841107,-1.0290212742e-15,6.3118391737e-05
bloch_wannier,15,-29.14734375,0.0084915893534,-8.23177663138e-16,7.21070897468e-05
bloch_wannier,15,-28.83890625,0.00908174598377,-6.04864421684e-16,8.24781101138e-05
bloch_wannier,15,-28.53046875,0.00970980185801,-4.05313874792e-16,9.42802521218e-05
bloch_wannier,15,-28.22203125,0.0103707167826,-1.80793647524e-16,0.000107551766585
bloch_wannier,15,-27.91359375,0.0110596737326,6.24519150239e-17,0.000122316383072
bloch_wannier,15,-27.60515625,0.0117719768658,2.49460582904e-16,0.000138579439328
bloch_wannier,15,-27.29671875,0.0125029589973,4.17717445526e-16,0.000156323983688
bloch_wannier,15,-26.98828125,0.0132478972766,7.04660811032e-16,0.000175506782252
bloch_wannier,15,-26.67984375,0.0140019361412,7.79198497776e-16,0.000196054215702
bloch_wannier,15,-26.37140625,0.0147600169336,9.16204636548e-16,0.000217858099879
bloch_wannier,15,-26.06296875,0.0154273350185,1.11573293928e-15,0.000238002665773
bloch_wannier,15,-25.75453125,0.0154642003024,1.06573545951e-15,0.000239141490992
bloch_wannier,15,-25.44609375,0.0149554666464,1.25343591054e-15,0.00022366598261
bloch_wannier,15,-25.13765625,0.0139155263651,1.26651924115e-15,0.000193641874017
bloch_wannier,15,-24.82921875,0.01237740215,1.11746089061e-15,0.000153200083984
bloch_wannier,15,-24.52078125,0.0103917181729,9.06185364803e-16,0.000107987806584
bloch_wannier,15,-24.21234375,0.0080250605988,7.76337645664e-16,6.44015976144e-05
bloch_wannier,15,-23.90390625,0.00535777966524,4.90483390866e-16,2.87058029412e-05
bloch_wannier,15,-23.59546875,0.00248130461139,2.42230101009e-16,6.15687257451e-06
bloch_wannier,15,-23.28703125,-0.000504940395295,6.90038921417e-17,2.549648028e-07
bloch_wannier,15,-22.97859375,-0.00349691717539,-1.29207366166e-16,1.22284297315e-05
bloch_wannier,15,-22.67015625,-0.00638953844358,-2.80621858227e-16,4.0826201522e-05
bloch_wannier,15,-22.36171875,-0.00908029685731,-4.50111054798e-16,8.24517910169e-05
bloch_wannier,15,-22.05328125,-0.0114728353182,-5.61983772696e-16,0.000131625950238
bloch_wannier,15,-21.74484375,-0.0134803366726,-6.82664361889e-16,0.000181719476808
bloch_wannier,15,-21.43640625,-0.0150286160676,-8.28593421868e-16,0.000225859300906
bloch_wannier,15,-21.12796875,-0.0160588082584,-9.02974652871e-16,0.000257885322681
bloch_wannier,15,-20.81953125,-0.0165295548737,-9.65178691542e-16,0.000273226184324
bloch_wannier,15,-20.51109375,-0.0164186126177,-9.15264952712e-16,0.000269570840289
bloch_wannier,15,-20.20265625,-0.0157238221427,-9.40646885757e-16,0.000247238582776
bloch_wannier,15,-19.89421875,-0.0144633982494,-7.78937054624e-16,0.000209189888921
bloch_wannier,15,-19.58578125,-0.0126755244992,-6.0503190386e-16,0.000160668921329
bloch_wannier,15,-19.27734375,-0.0104172585342,-4.06404958837e-16,0.000108519275368
bloch_wannier,15,-18.96890625,-0.00776277762462,-1.70520045733e-16,6.02607164492e-05
bloch_wannier,15,-18.66046875,-0.00480101644564,1.52649815335e-16,2.30497589113e-05
bloch_wannier,15,-18.35203125,-0.00114216476199,2.38035917477e-16,1.30454034353e-06
bloch_wannier,15,-18.04359375,0.00306039443867,4.35561315605e-16,9.36601412023e-06
bloch_wannier,15,-17.73515625,0.00731729338368,5.08114443346e-16,5.35427824628e-05
bloch_wannier,15,-17.42671875,0.011629404516,4.43200658014e-16,0.000135243049397
bloch_wannier,15,-17.11828125,0.015996988183,4.65714483297e-16,0.000255903630927
bloch_wannier,15,-16.80984375,0.0204194294199,4.50714783613e-16,0.000416953097834
bloch_wannier,15,-16.50140625,0.0248949581398,4.41932081208e-16,0.000619758940782
bloch_wannier,15,-16.19296875,0.0288852989208,4.36547801017e-16,0.000834360493742
bloch_wannier,15,-15.88453125,0.0313713718051,3.96095093006e-16,0.000984162968931
bloch_wannier,15,-15.57609375,0.0327965149261,3.60928764529e-16,0.0010756113913
bloch_wannier,15,-15.26765625,0.033103556984,3.57631271557e-16,0.00109584548499
bloch_wannier,15,-14.95921875,0.0322720542455,3.18740914683e-16,0.00104148548522
bloch_wannier,15,-14.65078125,0.0303193165236,2.51446663875e-16,0.000919260954458
bloch_wannier,15,-14.34234375,0.0273002326139,2.48471831958e-16,0.000745302700775
bloch_wannier,15,-14.03390625,0.0233058886208,2.35117157585e-16,0.000543164444406
bloch_wannier,15,-13.72546875,0.0184610098601,2.14435514244e-16,0.000340808885056
bloch_wannier,15,-13.41703125,0.0129202936894,2.17574628542e-16,0.000166933989022
bloch_wannier,15,-13.10859375,0.00686373558138,2.55364903195e-16,4.71108661311e-05
bloch_wannier,15,-12.80015625,0.000491082954157,2.74593039829e-16,2.41162467863e-07
bloch_wannier,15,-12.49171875,-0.00598442028816,2.40779316181e-16,3.58132861854e-05
bloch_wannier,15,-12.18328125,-0.0123428117666,1.22563740711e-16,0.000152345002306
bloch_wannier,15,-11.87484375,-0.0183645060754,-6.45604080457e-17,0.000337255083394
bloch_wannier,15,-11.56640625,-0.0238374901967,-1.58289317698e-16,0.000568225938878
bloch_wannier,15,-11.25796875,-0.0285643955072,-3.33652885799e-16,0.000815924690692
bloch_wannier,15,-10.94953125,-0.0323692237946,-4.56438729527e-16,0.00104776664907
bloch_wannier,15,-10.64109375,-0.0351035122429,-5.57966332066e-16,0.00123225657179
bloch_wannier,15,-10.33265625,-0.0366517364814,-5.945716248e-16,0.0013433497871
bloch_wannier,15,-10.02421875,-0.0369357711799,-6.30331380485e-16,0.00136425119265
bloch_wannier,15,-9.71578125,-0.0359182537692,-5.96548950833e-16,0.00129012095383
bloch_wannier,15,-9.40734375,-0.0336047279705,-5.720905068e-16,0.00112927774197
bloch_wannier,15,-9.09890625,-0.0300444790468,-4.94847825768e-16,0.000902670721191
bloch_wannier,15,-8.79046875,-0.0253300110667,-3.42903739497e-16,0.00064160946064
bloch_wannier,15,-8.48203125,-0.0195951568733,-1.81776703568e-16,0.00038397017289
bloch_wannier,15,-8.17359375,-0.0130118527143,-5.35370576787e-17,0.000169308311058
bloch_wannier,15,-7.86515625,-0.00578565040298,5.6378013438e-17,3.34737505855e-05
bloch_wannier,15,-7.55671875,0.00184992078371,1.61375849376e-16,3.42220690602e-06
bloch_wannier,15,-7.24828125,0.00963999368213,2.56915540469e-16,9.29294781915e-05
bloch_wannier,15,-6.93984375,0.0173158227959,3.30655197124e-16,0.0002998377191
bloch_wannier,15,-6.63140625,0.0246028545163,3.88997442955e-16,0.00060530045035
bloch_wannier,15,-6.32296875,0.0312291766599,4.82072924465e-16,0.000975261474854
bloch_wannier,15,-6.01453125,0.0369341004481,5.66299816497e-16,0.00136412777591
bloch_wannier,15,-5.70609375,0.0414766195757,6.10579291114e-16,0.00172030997143
bloch_wannier,15,-5.39765625,0.044643489944,6.21279236788e-16,0.00199304119438
bloch_wannier,15,-5.08921875,0.0462566800972,6.07871129232e-16,0.00213968045361
bloch_wannier,15,-4.78078125,0.0461799563215,5.73555689287e-16,0.00213258836585
bloch_wannier,15,-4.47234375,0.0443243874382,5.09012689959e-16,0.00196465132178
bloch_wannier,15,-4.16390625,0.0406525820426,3.86151481595e-16,0.00165263242673
bloch_wannier,15,-3.85546875,0.0351815045858,2.58062583615e-16,0.00123773826492
bloch_wannier,15,-3.54703125,0.027983755389,1.54378466476e-16,0.000783090565674
bloch_wannier,15,-3.23859375,0.0191872423524,3.8325102534e-17,0.000368150269089
bloch_wannier,15,-2.93015625,0.00897321761124,-8.31722388375e-17,8.05186342987e-05
bloch_wannier,15,-2.62171875,-0.00242730058653,-2.20005495363e-16,5.89178813735e-06
bloch_wannier,15,-2.31328125,-0.0147386532875,-3.36019723908e-16,0.00021722790073
bloch_wannier,15,-2.00484375,-0.0276470999678,-4.34906654625e-16,0.000764362136627
bloch_wannier,15,-1.69640625,-0.0408086542829,-4.96948625304e-16,0.00166534626438
bloch_wannier,15,-1.38796875,-0.0538579995558,-5.25476144629e-16,0.00290068411615
bloch_wannier,15,-1.07953125,-0.0664182523493,-5.698984467e-16,0.00441138424514
bloch_wannier,15,-0.77109375,-0.0781113137549,-5.47656011779e-16,0.00610137733651
bloch_wannier,15,-0.46265625,-0.0885685262818,-5.30799057496e-16,0.00784438384773
bloch_wannier,15,-0.15421875,-0.0974413401745,-5.02345602023e-16,0.00949481477501
bloch_wannier,15,0.15421875,-0.105491050563,-4.61864330642e-16,0.011128361749
bloch_wannier,15,0.46265625,-0.116510200632,-4.11891868911e-16,0.0135746268513
bloch_wannier,15,0.77109375,-0.129398642611,-3.90533955026e-16,0.0167440087095
bloch_wannier,15,1.07953125,-0.144172324392,-3.36872580199e-16,0.0207856591206
bloch_wannier,15,1.38796875,-0.16088135435,-2.97732411833e-16,0.0258828101776
bloch_wannier,15,1.69640625,-0.179608206183,-2.88684409634e-16,0.0322591077283
bloch_wannier,15,2.00484375,-0.200466615363,-2.91703798003e-16,0.0401868638752
bloch_wannier,15,2.31328125,-0.223601100504,-3.16079310657e-16,0.0499974521465
bloch_wannier,15,2.62171875,-0.249187058743,-3.66396881315e-16,0.0620941902448
bloch_wannier,15,2.93015625,-0.27743139807,-3.30091949856e-16,0.0769681806353
bloch_wannier,15,3.23859375,-0.308573681766,-3.85070405464e-16,0.0952177170783
bloch_wannier,15,3.54703125,-0.338830692138,-4.38988647567e-16,0.114806237934
bloch_wannier,15,3.85546875,-0.355884979778,-3.91844029369e-16,0.126654118831
bloch_wannier,15,4.16390625,-0.363312950557,-4.33707855854e-16,0.131996300042
bloch_wannier,15,4.47234375,-0.360896388686,-4.19068840745e-16,0.130246203367
bloch_wannier,15,4.78078125,-0.34868576964,-3.71324915214e-16,0.12158176595
bloch_wannier,15,5.08921875,-0.326999123851,-3.05718362315e-16,0.106928426999
bloch_wannier,15,5.39765625,-0.296413556993,-2.06402145617e-16,0.0878609967691
bloch_wannier,15,5.70609375,-0.257749656126,-6.67618946633e-17,0.0664348852331
bloch_wannier,15,6.01453125,-0.212049207091,3.78554612956e-18,0.0449648662279
bloch_wannier,15,6.32296875,-0.160546833008,6.05039460064e-17,0.0257752855888
bloch_wannier,15,6.63140625,-0.104636331403,1.0223075569e-16,0.0109487618495
bloch_wannier,15,6.93984375,-0.0458326337293,1.90733238934e-16,0.00210063031456
bloch_wannier,15,7.24828125,0.0142695681794,2.02754274882e-16,0.000203620576028
bloch_wannier,15,7.55671875,0.0740393922109,2.50884297458e-16,0.00548183159896
bloch_wannier,15,7.86515625,0.131854335537,2.82161526977e-16,0.0173855657998
bloch_wannier,15,8.17359375,0.186144618965,3.47451921544e-16,0.0346498191697
bloch_wannier,15,8.48203125,0.235436087654,3.32019796626e-16,0.0554301513697
bloch_wannier,15,8.79046875,0.278390489612,3.22130172201e-16,0.0775012647066
bloch_wannier,15,9.09890625,0.313842025802,2.45430856539e-16,0.0984968171598
bloch_wannier,15,9.40734375,0.340829168533,2.1335217394e-16,0.116164522123
bloch_wannier,15,9.71578125,0.358620875407,1.61690125563e-16,0.128608932277
bloch_wannier,15,10.02421875,0.36673648067,6.8071390488e-17,0.134495646254
bloch_wannier,15,10.33265625,0.364958720186,-9.40028202819e-18,0.13319486744
bloch_wannier,15,10.64109375,0.353339535547,-1.55211834561e-16,0.12484882738
bloch_wannier,15,10.94953125,0.332198501854,-3.17835143043e-16,0.110355844634
bloch_wannier,15,11.25796875,0.297455307984,-3.43052097224e-16,0.0884796602481
bloch_wannier,15,11.56640625,0.261122069714,-4.15783030612e-16,0.068184735292
bloch_wannier,15,11.87484375,0.2275068461,-3.92443331406e-16,0.0517593650225
bloch_wannier,15,12.18328125,0.196289895939,-3.44693202279e-16,0.0385297232476
bloch_wannier,15,12.49171875,0.167178873686,-2.84470719989e-16,0.027948775807
bloch_wannier,15,12.80015625,0.139905739263,-2.40126301422e-16,0.0195736158786
bloch_wannier,15,13.10859375,0.114223959164,-1.85751090988e-16,0.0130471128471
bloch_wannier,15,13.41703125,0.0927811657196,-1.47833411881e-16,0.00860834471228
bloch_wannier,15,13.72546875,0.0718881692138,-1.35996403441e-16,0.00516790887291
bloch_wannier,15,14.03390625,0.0492502831675,-1.15361978296e-16,0.00242559039208
bloch_wannier,15,14.34234375,0.0254898890704,-8.08165591742e-17,0.000649734444821
bloch_wannier,15,14.65078125,0.00125392992789,-1.24090134322e-16,1.57234026406e-06
bloch_wannier,15,14.95921875,-0.0228039105487,-1.1983068252e-16,0.000520018336313
bloch_wannier,15,15.26765625,-0.0460410532503,-1.38681844209e-16,0.00211977858439
bloch_wannier,15,15.57609375,-0.0678434017313,-1.86457728043e-16,0.00460272715848
bloch_wannier,15,15.88453125,-0.0876417779481,-2.42396928633e-16,0.0076810812419
bloch_wannier,15,16.19296875,-0.104926970335,-1.92778837628e-16,0.0110096691038
bloch_wannier,15,16.50140625,-0.119262990787,-1.3311834733e-16,0.0142236609714
bloch_wannier,15,16.80984375,-0.130298189925,-1.05145553644e-17,0.0169776182978
bloch_wannier,15,17.11828125,-0.137773942261,1.66296285967e-16,0.0189816591662
bloch_wannier,15,17.42671875,-0.141530682628,3.16011809803e-16,0.0200309341253
bloch_wannier,15,17.73515625,-0.141511150683,3.847185601e-16,0.0200254057677
bloch_wannier,15,18.04359375,-0.137760779105,3.49015748671e-16,0.0189780322595
bloch_wannier,15,18.35203125,-0.130425241206,2.84731681968e-16,0.0170107435436
bloch_wannier,15,18.66046875,-0.119745252745,2.59158786089e-16,0.0143389255551
bloch_wannier,15,18.96890625,-0.106048798566,2.20944519974e-16,0.0112463476773
bloch_wannier,15,19.27734375,-0.0897410252143,1.58605156851e-16,0.00805345160651
bloch_wannier,15,19.58578125,-0.0712921039603,1.32535163254e-16,0.00508256408708
bloch_wannier,15,19.89421875,-0.0512234228958,1.74265304632e-16,0.00262383905316
bloch_wannier,15,20.20265625,-0.0300925106113,1.24030174609e-16,0.00090555919489
bloch_wannier,15,20.51109375,-0.00847712613567,6.72734907831e-17,7.186166752e-05
bloch_wannier,15,20.81953125,0.0130410304331,2.6189577305e-17,0.000170068474756
bloch_wannier,15,21.12796875,0.0338925253653,-4.84851023907e-17,0.00114870327564
bloch_wannier,15,21.43640625,0.0535358617868,-1.17789989533e-16,0.00286608849725
bloch_wannier,15,21.74484375,0.0714721771982,-1.26878162919e-16,0.00510827211346
bloch_wannier,15,22.05328125,0.0872585631731,-2.73355244226e-16,0.00761405684703
bloch_wannier,15,22.36171875,0.100519644749,-4.32945574124e-16,0.0101041989804
bloch_wannier,15,22.67015625,0.110957109335,-4.43153823797e-16,0.012311480112
bloch_wannier,15,22.97859375,0.118356935678,-3.63791606775e-16,0.0140083642232
bloch_wannier,15,23.28703125,0.122594140748,-3.19339155291e-16,0.0150293233458
bloch_wannier,15,23.59546875,0.123634934457,-2.59019847568e-16,0.0152855970181
bloch_wannier,15,23.90390625,0.121536246741,-6.10479905891e-17,0.014771059272
bloch_wannier,15,24.21234375,0.116442666691,1.01138189094e-16,0.013558894626
bloch_wannier,15,24.52078125,0.108580906848,1.6962481026e-16,0.0117898133319
bloch_wannier,15,24.82921875,0.0982519755936,1.42679566891e-16,0.00965345070805
bloch_wannier,15,25.13765625,0.0858213045717,1.15363303812e-16,0.00736529631839
bloch_wannier,15,25.44609375,0.0717071347118,1.42100964246e-16,0.00514191316858
bloch_wannier,15,25.75453125,0.0563675119606,2.03110933606e-16,0.00317729640463
bloch_wannier,15,26.06296875,0.0402862810378,3.08270583358e-16,0.00162298443986
bloch_wannier,15,26.37140625,0.0239584914,3.06198334101e-16,0.000574009310162
bloch_wannier,15,26.67984375,0.00787564343201,3.09648723183e-16,6.20257594682e-05
bloch_wannier,15,26.98828125,-0.00748879561899,3.30457212153e-16,5.60820598231e-05
bloch_wannier,15,27.29671875,-0.0216931872962,2.83257203056e-16,0.000470594375067
bloch_wannier,15,27.60515625,-0.034340433291,2.16238543348e-16,0.00117926535861
bloch_wannier,15,27.91359375,-0.045089240665,1.78598802578e-16,0.00203303962375
bloch_wannier,15,28.22203125,-0.0536636233416,1.85018420985e-16,0.00287978447014
bloch_wannier,15,28.53046875,-0.0598603754208,1.8540567788e-16,0.00358326454552
bloch_wannier,15,28.83890625,-0.0635543123503,1.39083667168e-16,0.00403915061832
bloch_wannier,15,29.14734375,-0.0647011420272,6.16449804865e-17,0.00418623777962
bloch_wannier,15,29.45578125,-0.0633378976,1.0896035456e-17,0.00401168927239
bloch_wannier,15,29.76421875,-0.058999166608,-4.15386830617e-17,0.00348090166044
bloch_wannier,15,30.07265625,-0.053918602573,-1.25629060974e-16,0.00290721570343
bloch_wannier,15,30.38109375,-0.0487608790928,-1.53539486073e-16,0.0023776233299
bloch_wannier,15,30.68953125,-0.0435917172484,-2.0332115132e-16,0.00190023781266
bloch_wannier,15,30.99796875,-0.0384630933414,-2.65573998041e-16,0.00147940954939
bloch_wannier,15,31.30640625,-0.0334161350078,-3.9962193011e-16,0.00111663807886
bloch_wannier,15,31.61484375,-0.0284835707259,-4.0866356779e-16,0.000811313801297
bloch_wannier,15,31.92328125,-0.0236918139696,-4.67602024016e-16,0.000561302049172
bloch_wannier,15,32.23171875,-0.0190627505517,-5.26448305699e-16,0.000363388458596
bloch_wannier,15,32.54015625,-0.0146152871696,-4.97732662379e-16,0.000213606619049
bloch_wannier,15,32.84859375,-0.0103667104467,-4.18927745452e-16,0.000107468685487
bloch_wannier,15,33.15703125,-0.00681071248933,-4.58424855124e-16,4.63858046122e-05
bloch_wannier,15,33.46546875,-0.00367138938479,-3.47756115246e-16,1.34791000147e-05
bloch_wannier,15,33.77390625,-0.000586070698256,-4.74445598543e-16,3.43478863354e-07
bloch_wannier,15,34.08234375,0.00233796432175,-4.1363147996e-16,5.46607716979e-06
bloch_wannier,15,34.39078125,0.00500369621354,-2.02741237943e-16,2.50369757974e-05
bloch_wannier,15,34.69921875,0.00732730781521,-4.15131474421e-18,5.36894398189e-05
bloch_wannier,15,35.00765625,0.00924058786858,9.47178961944e-17,8.5388464157e-05
bloch_wannier,15,35.31609375,0.0106927296544,2.68813257209e-16,0.000114334467461
bloch_wannier,15,35.62453125,0.0116514802061,3.80717408949e-16,0.000135756990994
bloch_wannier,15,35.93296875,0.0121036182941,3.86708322556e-16,0.00014649757581
bloch_wannier,15,36.24140625,0.0120547622936,3.67994779514e-16,0.000145317293956
bloch_wannier,15,36.54984375,0.0115285315011,3.0113686997e-16,0.000132907038571
bloch_wannier,15,36.85828125,0.0105651057047,3.64934328874e-16,0.000111621458551
bloch_wannier,15,37.16671875,0.00921924717695,3.07130509636e-16,8.49945185097e-05
bloch_wannier,15,37.47515625,0.00755786612413,2.98701160234e-16,5.71213403503e-05
bloch_wannier,15,37.78359375,0.0056572244852,2.65419068049e-16,3.2004188876e-05
bloch_wannier,15,38.09203125,0.00359988340473,2.35349291643e-16,1.29591605276e-05
bloch_wannier,15,38.40046875,0.00147150641605,2.49049280304e-16,2.16533113249e-06
bloch_wannier,15,38.70890625,-0.000642366807306,2.50246903401e-16,4.12635115129e-07
bloch_wannier,15,39.01734375,-0.0026594623834,2.76377993545e-16,7.07274016873e-06
bloch_wannier,15,39.32578125,-0.00450372103697,1.64975529864e-16,2.02835031788e-05
bloch_wannier,15,39.63421875,-0.00610795357161,1.53390265647e-16,3.73070968329e-05
bloch_wannier,15,39.94265625,-0.00741611463677,4.16840737926e-17,5.49987563058e-05
bloch_wannier,15,40.25109375,-0.00838512114308,-1.07696712595e-16,7.03102565841e-05
bloch_wannier,15,40.55953125,-0.0089861587183,-2.57285973211e-16,8.07510485105e-05
bloch_wannier,15,40.86796875,-0.00923939397237,-3.69589837388e-16,8.53664009768e-05
bloch_wannier,15,41.17640625,-0.00944932612523,-3.94459196308e-16,8.9289764221e-05
bloch_wannier,15,41.48484375,-0.00959668978594,-4.31858152051e-16,9.20964548476e-05
bloch_wannier,15,41.79328125,-0.00969534442656,-3.88072739483e-16,9.39997035496e-05
bloch_wannier,15,42.10171875,-0.00975833378617,-4.94237314011e-16,9.52250782822e-05
bloch_wannier,15,42.41015625,-0.00979791362991,-5.56685631894e-16,9.59991114992e-05
bloch_wannier,15,42.71859375,-0.00982558739926,-6.78487900106e-16,9.65421677405e-05
bloch_wannier,15,43.02703125,-0.00984900556566,-7.78427819648e-16,9.70029106325e-05
bloch_wannier,15,43.33546875,-0.0095329334569,-8.62942393227e-16,9.08768202937e-05
bloch_wannier,15,43.64390625,-0.00889681407049,-9.02347002887e-16,7.91533006048e-05
bloch_wannier,15,43.95234375,-0.00796733543627,-9.20053056672e-16,6.3478433954e-05
bloch_wannier,15,44.26078125,-0.00678052002325,-8.78557700713e-16,4.59754517857e-05
bloch_wannier,15,44.56921875,-0.00538038672313,-8.19418083577e-16,2.89485612904e-05
bloch_wannier,15,44.87765625,-0.00381737307531,-6.73302150277e-16,1.45723371961e-05
bloch_wannier,15,45.18609375,-0.00214657231284,-4.96988018532e-16,4.60777269427e-06
bloch_wannier,15,45.49453125,-0.000425844970118,-3.08988908761e-16,1.81343938575e-07
bloch_wannier,15,45.80296875,0.0012861320164,-9.13112389922e-17,1.6541355636e-06
bloch_wannier,15,46.11140625,0.00293181463905,1.79504120803e-16,8.59553707774e-06
bloch_wannier,15,46.41984375,0.00445667642026,4.00411338519e-16,1.98619647149e-05
bloch_wannier,15,46.72828125,0.00581096804043,6.21415193423e-16,3.37673495669e-05
bloch_wannier,15,47.03671875,0.00695129655371,7.8944013926e-16,4.83205237776e-05
bloch_wannier,15,47.34515625,0.00784197527056,9.76347747759e-16,6.1496576144e-05
bloch_wannier,15,47.65359375,0.00845610338921,1.05096470148e-15,7.1505684529e-05
bloch_wannier,15,47.96203125,0.00877634367658,1.1382423069e-15,7.70242083294e-05
bloch_wannier,15,48.27046875,0.00879537662483,1.05701955911e-15,7.73586499725e-05
bloch_wannier,15,48.57890625,0.00851602021209,9.50977568177e-16,7.25226002527e-05
bloch_wannier,15,48.88734375,0.00795101532608,8.54468023797e-16,6.32186447155e-05
bloch_wannier,15,49.19578125,0.00712248771839,7.36243019542e-16,5.07298312986e-05
bloch_wannier,15,49.50421875,0.0060611077007,5.96285179026e-16,3.67370265595e-05
bloch_wannier,15,49.81265625,0.0048049783469,3.5960802441e-16,2.30878169142e-05
bloch_wannier,15,50.12109375,0.00339829143081,1.23016168765e-16,1.15483846487e-05
bloch_wannier,15,50.42953125,0.00188979744686,-1.12444291811e-16,3.57133439016e-06
bloch_wannier,15,50.73796875,0.000331141617099,-3.37529616355e-16,1.09654770575e-07
bloch_wannier,15,51.04640625,-0.00122487838134,-5.99025163559e-16,1.50032704908e-06
bloch_wannier,15,51.35484375,-0.00272607523511,-8.05889871782e-16,7.43148618747e-06
bloch_wannier,15,51.66328125,-0.00412259750731,-9.59713753099e-16,1.69958102073e-05
bloch_wannier,15,51.97171875,-0.00536856173878,-1.07457871991e-15,2.88214551431e-05
bloch_wannier,15,52.28015625,-0.00642353857506,-1.07398101868e-15,4.12618478252e-05
bloch_wannier,15,52.58859375,-0.00725384556472,-1.03915169693e-15,5.26182754769e-05
bloch_wannier,15,52.89703125,-0.00783360596938,-9.13881747422e-16,6.13653824834e-05
bloch_wannier,15,53.20546875,-0.00814554087862,-7.10675107996e-16,6.63498362053e-05
bloch_wannier,15,53.51390625,-0.00818147087114,-5.70095582226e-16,6.69364656153e-05
bloch_wannier,15,53.82234375,-0.00794251310914,-4.89019000079e-16,6.30835144889e-05
bloch_wannier,15,54.13078125,-0.00743896978405,-4.01845245713e-16,5.5338271448e-05
bloch_wannier,15,54.43921875,-0.00668991392017,-2.58586919633e-16,4.47549482593e-05
bloch_wannier,15,54.74765625,-0.00572248836625,-1.84170127948e-16,3.27468731019e-05
bloch_wannier,15,55.05609375,-0.00457094304692,-7.86222790329e-17,2.08935203382e-05
bloch_wannier,15,55.36453125,-0.00327544391452,5.1832309088e-17,1.07285328371e-05
bloch_wannier,15,55.67296875,-0.00188069427159,1.86915972096e-16,3.53701094319e-06
bloch_wannier,15,55.98140625,-0.000434415000639,3.31341052092e-16,1.8871639278e-07
bloch_wannier,15,56.28984375,0.00101426544177,4.99191299944e-16,1.02873438637e-06
bloch_wannier,15,56.59828125,0.00241645776381,6.14748639399e-16,5.83926812426e-06
bloch_wannier,15,56.90671875,0.00372514091359,6.72573520492e-16,1.38766748261e-05
bloch_wannier,15,57.21515625,0.00489671997187,6.78156832019e-16,2.39778664829e-05
bloch_wannier,15,57.52359375,0.00589246195421,6.83839764726e-16,3.47211078818e-05
bloch_wannier,15,57.83203125,0.00667976286696,6.77146642132e-16,4.46192319589e-05
bloch_wannier,15,58.14046875,0.00723320510943,6.76833087276e-16,5.2319256155e-05
bloch_wannier,15,58.44890625,0.00753537136646,6.23561763111e-16,5.67818216304e-05
bloch_wannier,15,58.75734375,0.00757738925759,5.86055512513e-16,5.74168279611e-05
bloch_wannier,15,59.06578125,0.00735918993416,4.95596558293e-16,5.4157676487e-05
bloch_wannier,15,59.37421875,0.00681673727408,3.49097643265e-16,4.64679070639e-05
bloch_wannier,15,59.68265625,0.00620836026173,2.08883152134e-16,3.85437371394e-05
bloch_wannier,15,59.99109375,0.00560797502068,1.15517189733e-16,3.14493838326e-05
bloch_wannier,15,60.29953125,0.00501657952942,-9.0892368454e-18,2.5166070175e-05
bloch_wannier,15,60.60796875,0.00443502664807,-1.49318925291e-16,1.96694613691e-05
bloch_wannier,15,60.91640625,0.00386405926246,-2.89554610991e-16,1.49309539838e-05
bloch_wannier,15,61.22484375,0.00330434399279,-4.07931911922e-16,1.09186892227e-05
bloch_wannier,15,61.53328125,0.00275650391567,-4.76339347192e-16,7.59831383712e-06
bloch_wannier,15,61.84171875,0.00222115074005,-5.38506782765e-16,4.93351061001e-06
bloch_wannier,15,62.15015625,0.00169891687976,-5.56952131739e-16,2.88631856433e-06
bloch_wannier,15,62.45859375,0.00119048787927,-6.50370192307e-16,1.41726139068e-06
bloch_wannier,15,62.76703125,0.000755025606592,-7.81312037656e-16,5.70063666609e-07
bloch_wannier,15,63.07546875,0.000363442787234,-9.1227874308e-16,1.32090659592e-07
bloch_wannier,15,63.38390625,-2.88385740881e-05,-8.62079900951e-16,8.31663355435e-10
bloch_wannier,15,63.69234375,-0.000408293430706,-1.03053592272e-15,1.66703525558e-07
bloch_wannier,15,64.00078125,-0.000762137949157,-1.08655911853e-15,5.80854253545e-07
bloch_wannier,15,64.30921875,-0.00107875032367,-9.8017947916e-16,1.16370226082e-06
bloch_wannier,15,64.61765625,-0.00134804443002,-8.92567870741e-16,1.8172237853e-06
bloch_wannier,15,64.92609375,-0.0015617844662,-6.05081362306e-16,2.43917071888e-06
bloch_wannier,15,65.23453125,-0.0017138308998,-3.67606400219e-16,2.93721635309e-06
bloch_wannier,15,65.54296875,-0.00180031050802,-1.14550899773e-16,3.24111792527e-06
bloch_wannier,15,65.85140625,-0.00181970597107,1.90004956037e-16,3.31132982115e-06
bloch_wannier,15,66.15984375,-0.0017728632688,3.96912749987e-16,3.14304416985e-06
bloch_wannier,15,66.46828125,-0.0016629179412,5.90509760224e-16,2.76529607916e-06
bloch_wannier,15,66.77671875,-0.00149514400988,7.47372446518e-16,2.23545561027e-06
bloch_wannier,15,67.08515625,-0.00127673192892,8.59696039898e-16,1.63004441832e-06
bloch_wannier,15,67.39359375,-0.00101650425623,9.93860702192e-16,1.03328090294e-06
bloch_wannier,15,67.70203125,-0.000724579734181,1.02493068222e-15,5.25015791186e-07
bloch_wannier,15,68.01046875,-0.000411998078664,1.01225943946e-15,1.69742416823e-07
bloch_wannier,15,68.31890625,-9.03189484904e-05,9.99583042503e-16,8.15751245642e-09
bloch_wannier,15,68.62734375,0.000228790732439,1.01189639807e-15,5.23451992499e-08
bloch_wannier,15,68.93578125,0.000533966717094,9.05523238035e-16,2.85120454964e-07
bloch_wannier,15,69.24421875,0.000814540539913,7.49187422852e-16,6.63476291162e-07
bloch_wannier,15,69.55265625,0.00106090244094,5.30400248569e-16,1.12551398919e-06
bloch_wannier,15,69.86109375,0.00126482197107,2.74154674979e-16,1.59977461849e-06
bloch_wannier,15,70.16953125,0.00141971574507,8.6654693318e-17,2.01559279681e-06
bloch_wannier,15,70.47796875,0.00153651505295,-1.88282744571e-16,2.36087850795e-06
bloch_wannier,15,70.78640625,0.00166437195779,-5.63179634379e-16,2.77013401387e-06
bloch_wannier,15,71.09484375,0.00178890409724,-8.25627304934e-16,3.20017786913e-06
bloch_wannier,15,71.40328125,0.00191133461552,-1.02247950571e-15,3.6532000125e-06
bloch_wannier,15,71.71171875,0.00203282987622,-1.18497226852e-15,4.13239730567e-06
bloch_wannier,15,72.02015625,0.00215449907956,-1.32247683307e-15,4.64186628381e-06
bloch_wannier,15,72.32859375,0.00227739423565,-1.44436440669e-15,5.18652450457e-06
bloch_wannier,15,72.63703125,0.00238771735835,-1.51080207406e-15,5.70119418338e-06
bloch_wannier,15,72.94546875,0.0024025877375,-1.50378254045e-15,5.77242783639e-06
bloch_wannier,15,73.25390625,0.00233671409843,-1.4574778262e-15,5.46023277782e-06
bloch_wannier,15,73.56234375,0.00219269032904,-1.35314817826e-15,4.80789087907e-06
bloch_wannier,15,73.87078125,0.0019756895896,-1.18962520111e-15,3.90334935445e-06
bloch_wannier,15,74.17921875,0.00169328147477,-1.01688977693e-15,2.86720215281e-06
bloch_wannier,15,74.48765625,0.00135517150288,-8.11325655097e-16,1.83648980222e-06
bloch_wannier,15,74.79609375,0.000972871773882,-6.20573298607e-16,9.46479488416e-07
bloch_wannier,15,75.10453125,0.000559313830225,-3.86073713257e-16,3.12831960681e-07
bloch_wannier,15,75.41296875,0.00012841658194,-2.32776268853e-16,1.64908185172e-08
bloch_wannier,15,75.72140625,-0.0003053764382,-7.16683410876e-17,9.3254769008e-08
bloch_wannier,15,76.02984375,-0.000727575285374,1.06612472003e-16,5.29365795887e-07
bloch_wannier,15,76.33828125,-0.0011241216314,2.7238460317e-16,1.26364944218e-06
bloch_wannier,15,76.64671875,-0.00148185102673,5.09976095738e-16,2.19588246542e-06
bloch_wannier,15,76.95515625,-0.0017889243772,7.27235897779e-16,3.20025042733e-06
bloch_wannier,15,77.26359375,-0.00203521466625,8.94484669342e-16,4.1420987377e-06
bloch_wannier,15,77.57203125,-0.00221263645022,1.09605333128e-15,4.89576006083e-06
bloch_wannier,15,77.88046875,-0.00231540754922,1.28977085684e-15,5.36111211899e-06
bloch_wannier,15,78.18890625,-0.00234023458699,1.39598518409e-15,5.47669792213e-06
bloch_wannier,15,78.49734375,-0.00228641652694,1.40454442028e-15,5.22770053468e-06
bloch_wannier,15,78.80578125,-0.00215586302786,1.31544964734e-15,4.64774539488e-06
bloch_wannier,15,79.11421875,-0.00195302721389,1.15056814791e-15,3.81431529821e-06
bloch_wannier,15,79.42265625,-0.00168475523162,1.06295711858e-15,2.83840019048e-06
bloch_wannier,15,79.73109375,-0.00136005766092,9.32755928125e-16,1.84975684103e-06
bloch_wannier,15,80.03953125,-0.000989810371357,7.71293560303e-16,9.79724571246e-07
bloch_wannier,15,80.34796875,-0.000586394689675,5.6491155499e-16,3.43858732079e-07
bloch_wannier,15,80.65640625,-0.0001632886949,3.70231658177e-16,2.66631978822e-08
bloch_wannier,15,80.96484375,0.00026537697702,1.31038207835e-16,7.04249399321e-08
bloch_wannier,15,81.27328125,0.00068528430649,-7.84766779856e-17,4.69614580722e-07
bloch_wannier,15,81.58171875,0.00108239886902,-2.69237427876e-16,1.17158731166e-06
bloch_wannier,15,81.89015625,0.00144343127803,-5.81795682177e-16,2.08349385438e-06
bloch_wannier,15,82.19859375,0.00175627407695,-9.00573708666e-16,3.08449863336e-06
bloch_wannier,15,82.50703125,0.00201039987726,-1.24586853416e-15,4.04170766649e-06
bloch_wannier,15,82.81546875,0.00219720780769,-1.5583280809e-15,4.82772215016e-06
bloch_wannier,15,83.12390625,0.00231030702532,-1.7364337724e-15,5.33751855126e-06
bloch_wannier,15,83.43234375,0.00234572808622,-1.71458908064e-15,5.50244025448e-06
bloch_wannier,15,83.74078125,0.00230205531534,-1.59977434924e-15,5.29945867487e-06
bloch_wannier,15,84.04921875,0.00218047587808,-1.44899480287e-15,4.75447505488e-06
bloch_wannier,15,84.35765625,0.00198474395503,-1.22008481762e-15,3.93920856703e-06
bloch_wannier,15,84.66609375,0.00172106117139,-9.75518649053e-16,2.96205155567e-06
bloch_wannier,15,84.97453125,0.00139787714427,-7.21157716386e-16,1.95406051048e-06
bloch_wannier,15,85.28296875,0.0010256165974,-4.97613908086e-16,1.05188940486e-06
bloch_wannier,15,85.59140625,0.00061634187063,-2.28172178104e-16,3.79877301492e-07
bloch_wannier,15,85.89984375,0.000183361744696,-8.79122186864e-18,3.3621529418e-08
bloch_wannier,15,86.20828125,-0.000259200757573,2.31599730164e-16,6.71850327264e-08
bloch_wannier,15,86.51671875,-0.000696867599618,5.25588293228e-16,4.85624451398e-07
bloch_wannier,15,86.82515625,-0.00111527711345,8.17632037265e-16,1.2438430398e-06
bloch_wannier,15,87.13359375,-0.00150065225801,1.02533376517e-15,2.25195719946e-06
bloch_wannier,15,87.44203125,-0.00184025056579,1.15177319081e-15,3.38652214488e-06
bloch_wannier,15,87.75046875,-0.00212278117024,1.24593220422e-15,4.50619989671e-06
bloch_wannier,15,88.05890625,-0.00233877535734,1.29095542238e-15,5.4698701721e-06
bloch_wannier,15,88.36734375,-0.00248089857437,1.32266175597e-15,6.1548577363e-06
bloch_wannier,15,88.67578125,-0.0025441937079,1.31801231043e-15,6.4729216233e-06
wannier_stark,11,-59.06578125,1.75822545901e-12,0,3.0913567647e-24
wannier_stark,11,-58.75734375,3.63460529472e-12,0,1.32103556484e-23
wannier_stark,11,-58.44890625,5.75476941708e-12,0,3.31173710437e-23
wannier_stark,11,-58.14046875,8.26018829608e-12,0,6.82307106867e-23
wannier_stark,11,-57.83203125,1.13175321864e-11,0,1.28086534789e-22
wannier_stark,11,-57.52359375,1.512963859e-11,0,2.28905963865e-22
wannier_stark,11,-57.21515625,1.99488018684e-11,0,3.97954695983e-22
wannier_stark,11,-56.90671875,2.60932447713e-11,0,6.80857422693e-22
wannier_stark,11,-56.59828125,3.39678324441e-11,0,1.15381364095e-21
wannier_stark,11,-56.28984375,4.40903575989e-11,0,1.9439596332e-21
wannier_stark,11,-55.98140625,5.71250776322e-11,0,3.26327449448e-21
wannier_stark,11,-55.67296875,7.19392508218e-11,0,5.1752558088e-21
wannier_stark,11,-55.36453125,8.58807115346e-11,0,7.37549661368e-21
wannier_stark,11,-55.05609375,1.01143295614e-10,0,1.02299662476e-20
wannier_stark,11,-54.74765625,1.1795192049e-10,0,1.39126555472e-20
wannier_stark,11,-54.43921875,1.36552006017e-10,0,1.86464503473e-20
wannier_stark,11,-54.13078125,1.5721272534e-10,0,2.47158410089e-20
wannier_stark,11,-53.82234375,1.80230516093e-10,0,3.24830389311e-20
wannier_stark,11,-53.51390625,2.05932892633e-10,0,4.24083562681e-20
wannier_stark,11,-53.20546875,2.34682602426e-10,0,5.50759238813e-20
wannier_stark,11,-52.89703125,2.66882172511e-10,0,7.12260940043e-20
wannier_stark,11,-52.58859375,3.02978895249e-10,0,9.17962109663e-20
wannier_stark,11,-52.28015625,3.43470306254e-10,0,1.17971851279e-19
wannier_stark,11,-51.97171875,3.88910211601e-10,0,1.51251152688e-19
wannier_stark,11,-51.66328125,4.39915326023e-10,0,1.9352549407e-19
wannier_stark,11,-51.35484375,4.97172589001e-10,0,2.47180583254e-19
wannier_stark,11,-51.04640625,5.61447231306e-10,0,3.15222993541e-19
wannier_stark,11,-50.73796875,6.33591670792e-10,0,4.01438405297e-19
wannier_stark,11,-50.42953125,7.14555323073e-10,0,5.10589309733e-19
wannier_stark,11,-50.12109375,8.0539542013e-10,0,6.48661782767e-19
wannier_stark,11,-49.81265625,9.07288938005e-10,0,8.23173217027e-19
wannier_stark,11,-49.50421875,1.0215457435e-09,0,1.04355570607e-18
wannier_stark,11,-49.19578125,1.14962307934e-09,0,1.32163322454e-18
wannier_stark,11,-48.88734375,1.29314151742e-09,0,1.67221498408e-18
wannier_stark,11,-48.57890625,1.45390252114e-09,0,2.11383254098e-18
wannier_stark,11,-48.27046875,1.63390776933e-09,0,2.66965459869e-18
wannier_stark,11,-47.96203125,1.86657859602e-09,0,3.4841156551e-18
wannier_stark,11,-47.65359375,2.24729478444e-09,0,5.05033384816e-18
wannier_stark,11,-47.34515625,2.768403614e-09,0,7.66405856999e-18
wannier_stark,11,-47.03671875,3.46210587411e-09,0,1.19861770836e-17
wannier_stark,11,-46.72828125,4.371207255e-09,0,1.91074528662e-17
wannier_stark,11,-46.41984375,5.55170990544e-09,0,3.08214828742e-17
wannier_stark,11,-46.11140625,7.07619976634e-09,0,5.00726031332e-17
wannier_stark,11,-45.80296875,8.80625267924e-09,0,7.75500862507e-17
wannier_stark,11,-45.49453125,1.04131549246e-08,0,1.08433795484e-16
wannier_stark,11,-45.18609375,1.2147726343e-08,0,1.47567255304e-16
wannier_stark,11,-44.87765625,1.40300479382e-08,0,1.96842245149e-16
wannier_stark,11,-44.56921875,1.6081644797e-08,0,2.58619299378e-16
wannier_stark,11,-44.26078125,1.83257004361e-08,0,3.35831296472e-16
wannier_stark,11,-43.95234375,2.07872824323e-08,0,4.3211111092e-16
wannier_stark,11,-43.64390625,2.34935811833e-08,0,5.51948356814e-16
wannier_stark,11,-43.33546875,2.64741636657e-08,0,7.00881341799e-16
wannier_stark,11,-43.02703125,2.97612440945e-08,0,8.85731650051e-16
wannier_stark,11,-42.71859375,3.3389973429e-08,0,1.11489032559e-15
wannier_stark,11,-42.41015625,3.73987497311e-08,0,1.39866648145e-15
wannier_stark,11,-42.10171875,4.1829551443e-08,0,1.74971137392e-15
wannier_stark,11,-41.79328125,4.67282957297e-08,0,2.1835336218e-15
wannier_stark,11,-41.48484375,5.21452241128e-08,0,2.71912439777e-15
wannier_stark,11,-41.17640625,5.81353177115e-08,0,3.37971516542e-15
wannier_stark,11,-40.86796875,6.47587445061e-08,0,4.19369499e-15
wannier_stark,11,-40.55953125,7.20813411382e-08,0,5.19571974029e-15
wannier_stark,11,-40.25109375,8.0175131874e-08,0,6.42805177101e-15
wannier_stark,11,-39.94265625,8.91188874632e-08,0,7.94217610267e-15
wannier_stark,11,-39.63421875,9.89987267475e-08,0,9.80074789763e-15
wannier_stark,11,-39.32578125,1.09908763986e-07,0,1.20799364008e-14
wannier_stark,11,-39.01734375,1.21951804981e-07,0,1.48722427382e-14
wannier_stark,11,-38.70890625,1.35240095224e-07,0,1.82898833563e-14
wannier_stark,11,-38.40046875,1.49896123367e-07,0,2.24688478005e-14
wannier_stark,11,-38.09203125,1.66053483477e-07,0,2.7573759375e-14
wannier_stark,11,-37.78359375,1.83857799625e-07,0,3.38036904831e-14
wannier_stark,11,-37.47515625,2.03467716462e-07,0,4.13991116422e-14
wannier_stark,11,-37.16671875,2.2505595955e-07,0,5.06501849291e-14
wannier_stark,11,-36.85828125,2.48810469307e-07,0,6.19066496368e-14
wannier_stark,11,-36.54984375,2.74935612482e-07,0,7.55895910108e-14
wannier_stark,11,-36.24140625,3.03653475178e-07,0,9.22054329876e-14
wannier_stark,11,-35.93296875,3.35205241467e-07,0,1.12362553907e-13
wannier_stark,11,-35.62453125,3.69852661679e-07,0,1.36790991351e-13
wannier_stark,11,-35.31609375,4.07879614477e-07,0,1.66365779906e-13
wannier_stark,11,-35.00765625,4.49593766781e-07,0,2.02134555128e-13
wannier_stark,11,-34.69921875,4.95328335611e-07,0,2.45350160059e-13
wannier_stark,11,-34.39078125,5.4544395581e-07,0,2.9750910893e-13
wannier_stark,11,-34.08234375,6.0033065752e-07,0,3.60396898359e-13
wannier_stark,11,-33.77390625,6.60409957138e-07,0,4.36141311487e-13
wannier_stark,11,-33.46546875,7.26137065293e-07,0,5.27275037593e-13
wannier_stark,11,-33.15703125,7.98003215141e-07,0,6.36809131375e-13
wannier_stark,11,-32.84859375,8.76538113999e-07,0,7.68319065293e-13
wannier_stark,11,-32.54015625,9.62312520993e-07,0,9.26045388059e-13
wannier_stark,11,-32.23171875,1.05594095297e-06,0,1.11501129615e-12
wannier_stark,11,-31.92328125,1.15808452048e-06,0,1.34115975657e-12
wannier_stark,11,-31.61484375,1.26945389506e-06,0,1.61151319167e-12
wannier_stark,11,-31.30640625,1.39081240844e-06,0,1.93435915547e-12
wannier_stark,11,-30.99796875,1.52297928357e-06,0,2.31946589817e-12
wannier_stark,11,-30.68953125,1.66683299654e-06,0,2.77833223835e-12
wannier_stark,11,-30.38109375,1.82331476767e-06,0,3.32447674199e-12
wannier_stark,11,-30.07265625,1.99343217883e-06,0,3.97377185161e-12
wannier_stark,11,-29.76421875,2.17826291328e-06,0,4.74482931936e-12
wannier_stark,11,-29.45578125,2.4100364914e-06,0,5.80827588988e-12
wannier_stark,11,-29.14734375,2.80527334508e-06,0,7.86955854062e-12
wannier_stark,11,-28.83890625,3.35424774835e-06,0,1.12509779573e-11
wannier_stark,11,-28.53046875,4.0866164589e-06,0,1.67004340822e-11
wannier_stark,11,-28.22203125,5.04189959012e-06,0,2.54207514768e-11
wannier_stark,11,-27.91359375,6.27156095989e-06,0,3.93324768736e-11
wannier_stark,11,-27.60515625,7.84171667995e-06,0,6.14925204886e-11
wannier_stark,11,-27.29671875,9.83661106083e-06,0,9.6758917162e-11
wannier_stark,11,-26.98828125,1.23630382934e-05,0,1.52844715844e-10
wannier_stark,11,-26.67984375,1.55559366875e-05,0,2.41987166225e-10
wannier_stark,11,-26.37140625,1.95854419178e-05,0,3.83589535115e-10
wannier_stark,11,-26.06296875,2.40650953622e-05,0,5.79128814791e-10
wannier_stark,11,-25.75453125,2.80911760079e-05,0,7.89114169507e-10
wannier_stark,11,-25.44609375,3.22862151644e-05,0,1.04239968964e-09
wannier_stark,11,-25.13765625,3.66722937168e-05,0,1.34485712645e-09
wannier_stark,11,-24.82921875,4.12717855146e-05,0,1.70336027956e-09
wannier_stark,11,-24.52078125,4.61074294616e-05,0,2.12589505156e-09
wannier_stark,11,-24.21234375,5.12023949258e-05,0,2.62168524614e-09
wannier_stark,11,-23.90390625,5.65803406511e-05,0,3.2013349482e-09
wannier_stark,11,-23.59546875,6.22654672826e-05,0,3.87698841592e-09
wannier_stark,11,-23.28703125,6.82825635447e-05,0,4.66250848424e-09
wannier_stark,11,-22.97859375,7.4657046051e-05,0,5.57367452506e-09
wannier_stark,11,-22.67015625,8.14149926625e-05,0,6.62840103023e-09
wannier_stark,11,-22.36171875,8.85831692557e-05,0,7.84697787539e-09
wannier_stark,11,-22.05328125,9.61890497115e-05,0,9.25233328441e-09
wannier_stark,11,-21.74484375,0.000104260828884,0,1.08703204396e-08
wannier_stark,11,-21.43640625,0.000112827428268,0,1.27300285696e-08
wannier_stark,11,-21.12796875,0.000121918494035,0,1.48641191877e-08
wannier_stark,11,-20.81953125,0.000131564387082,0,1.73091879482e-08
wannier_stark,11,-20.51109375,0.000141796164685,0,2.01061523194e-08
wannier_stark,11,-20.20265625,0.000152645553341,0,2.33006649547e-08
wannier_stark,11,-19.89421875,0.000164144912327,0,2.69435522428e-08
wannier_stark,11,-19.58578125,0.000176327187517,0,3.10912770575e-08
wannier_stark,11,-19.27734375,0.000189225854941,0,3.58064241782e-08
wannier_stark,11,-18.96890625,0.000202874853595,0,4.1158206221e-08
wannier_stark,11,-18.66046875,0.000217308506963,0,4.72229871987e-08
wannier_stark,11,-18.35203125,0.000234923359696,0,5.51889849307e-08
wannier_stark,11,-18.04359375,0.000266723737374,0,7.11415520789e-08
wannier_stark,11,-17.73515625,0.000311914122464,0,9.72904197924e-08
wannier_stark,11,-17.42671875,0.000372723286202,0,1.38922648077e-07
wannier_stark,11,-17.11828125,0.000452148545959,0,2.04438307613e-07
wannier_stark,11,-16.80984375,0.000554099097782,0,3.07025810163e-07
wannier_stark,11,-16.50140625,0.000683583128273,0,4.67285893259e-07
wannier_stark,11,-16.19296875,0.000827632248291,0,6.84975138411e-07
wannier_stark,11,-15.88453125,0.000954840321404,0,9.1172003938e-07
wannier_stark,11,-15.57609375,0.00108480958621,0,1.17681183834e-06
wannier_stark,11,-15.26765625,0.00121781001971,0,1.4830612441e-06
wannier_stark,11,-14.95921875,0.0013540944055,0,1.83357165899e-06
wannier_stark,11,-14.65078125,0.00149389810332,0,2.23173154311e-06
wannier_stark,11,-14.34234375,0.00163743867639,0,2.68120541895e-06
wannier_stark,11,-14.03390625,0.00178491538401,0,3.18592292808e-06
wannier_stark,11,-13.72546875,0.00193650854707,0,3.75006535288e-06
wannier_stark,11,-13.41703125,0.00209237879396,0,4.37804901743e-06
wannier_stark,11,-13.10859375,0.00225266619449,0,5.07450498381e-06
wannier_stark,11,-12.80015625,0.00241748928971,0,5.84425446587e-06
wannier_stark,11,-12.49171875,0.00258694402584,0,6.69227939281e-06
wannier_stark,11,-12.18328125,0.00276110260079,0,7.62368757209e-06
wannier_stark,11,-11.87484375,0.00294001223244,0,8.64367192688e-06
wannier_stark,11,-11.56640625,0.00312369385809,0,9.75746331908e-06
wannier_stark,11,-11.25796875,0.0033121407755,0,1.09702765167e-05
wannier_stark,11,-10.94953125,0.00350531723616,0,1.22872489261e-05
wannier_stark,11,-10.64109375,0.00370315700268,0,1.37133717865e-05
wannier_stark,11,-10.33265625,0.00390556188241,0,1.52534136173e-05
wannier_stark,11,-10.02421875,0.00411240025075,0,1.69118358223e-05
wannier_stark,11,-9.71578125,0.00432350557803,0,1.86927004833e-05
wannier_stark,11,-9.40734375,0.00453867497502,0,2.05995705288e-05
wannier_stark,11,-9.09890625,0.00475766777272,0,2.26354026356e-05
wannier_stark,11,-8.79046875,0.00498020415337,0,2.48024334092e-05
wannier_stark,11,-8.48203125,0.00520596384987,0,2.71020596061e-05
wannier_stark,11,-8.17359375,0.00543458493239,0,2.95347133873e-05
wannier_stark,11,-7.86515625,0.00566566270101,0,3.20997338416e-05
wannier_stark,11,-7.55671875,0.00589874870459,0,3.47952362799e-05
wannier_stark,11,-7.24828125,0.00613334990632,0,3.76179810733e-05
wannier_stark,11,-6.93984375,0.00636892801724,0,4.05632440887e-05
wannier_stark,11,-6.63140625,0.00660489901943,0,4.36246910569e-05
wannier_stark,11,-6.32296875,0.00684063290099,0,4.67942584861e-05
wannier_stark,11,-6.01453125,0.00707545362508,0,5.00620440006e-05
wannier_stark,11,-5.70609375,0.00730863935559,0,5.341620923e-05
wannier_stark,11,-5.39765625,0.0075394229617,0,5.68428985954e-05
wannier_stark,11,-5.08921875,0.0077669928236,0,6.03261775218e-05
wannier_stark,11,-4.78078125,0.00799049396085,0,6.38479937384e-05
wannier_stark,11,-4.47234375,0.00820902950465,0,6.73881654082e-05
wannier_stark,11,-4.16390625,0.00842166253386,0,7.09243998342e-05
wannier_stark,11,-3.85546875,0.00862741829389,0,7.44323464177e-05
wannier_stark,11,-3.54703125,0.0088252868159,0,7.78856873829e-05
wannier_stark,11,-3.23859375,0.00901422595214,0,8.12562695162e-05
wannier_stark,11,-2.93015625,0.00919316484118,0,8.45142797972e-05
wannier_stark,11,-2.62171875,0.00936100781474,0,8.76284673075e-05
wannier_stark,11,-2.31328125,0.00951663875471,0,9.05664131876e-05
wannier_stark,11,-2.00484375,0.00965892590674,0,9.32948496719e-05
wannier_stark,11,-1.69640625,0.00978672715284,0,9.57800283642e-05
wannier_stark,11,-1.38796875,0.00989889574237,0,9.79881369184e-05
wannier_stark,11,-1.07953125,0.00999428647671,0,9.98857621785e-05
wannier_stark,11,-0.77109375,0.0100717623388,0,0.000101440396609
wannier_stark,11,-0.46265625,0.0101302015541,0,0.000102620983527
wannier_stark,11,-0.15421875,0.0101685050657,0,0.000103398495271
wannier_stark,11,0.15421875,0.0101882522432,0,0.000103800483771
wannier_stark,11,0.46265625,0.0106452863746,0,0.000113322121997
wannier_stark,11,0.77109375,0.0115550964553,0,0.000133520254091
wannier_stark,11,1.07953125,0.0129549025436,0,0.000167829499914
wannier_stark,11,1.38796875,0.01490240787,0,0.000222081760325
wannier_stark,11,1.69640625,0.0174780431197,0,0.000305481991293
wannier_stark,11,2.00484375,0.0207881362603,0,0.000432146609176
wannier_stark,11,2.31328125,0.0249691261896,0,0.000623457262673
wannier_stark,11,2.62171875,0.0301929796387,0,0.000911616019463
wannier_stark,11,2.93015625,0.0366740176393,0,0.00134498356981
wannier_stark,11,3.23859375,0.0446774122212,0,0.00199607116278
wannier_stark,11,3.54703125,0.0533648088696,0,0.00284780282569
wannier_stark,11,3.85546875,0.0607135618131,0,0.00368613658803
wannier_stark,11,4.16390625,0.0678586849259,0,0.00460480111987
wannier_stark,11,4.47234375,0.0747695915779,0,0.00559049182472
wannier_stark,11,4.78078125,0.0814151318242,0,0.00662842368994
wannier_stark,11,5.08921875,0.0877637745708,0,0.00770248012691
wannier_stark,11,5.39765625,0.0937838033278,0,0.00879540176664
wannier_stark,11,5.70609375,0.0994435249829,0,0.00988901466103
wannier_stark,11,6.01453125,0.104711490863,0,0.0109644963188
wannier_stark,11,6.32296875,0.109556729183,0,0.0120026769092
wannier_stark,11,6.63140625,0.113948987793,0,0.012984371819
wannier_stark,11,6.93984375,0.11785898598,0,0.0138907405763
wannier_stark,11,7.24828125,0.121258673864,0,0.0147036659873
wannier_stark,11,7.55671875,0.124121497776,0,0.0154061462101
wannier_stark,11,7.86515625,0.126422669818,0,0.0159826914438
wannier_stark,11,8.17359375,0.128139439625,0,0.0164197159873
wannier_stark,11,8.48203125,0.129251366184,0,0.0167059156605
wannier_stark,11,8.79046875,0.129740587412,0,0.016832620022
wannier_stark,11,9.09890625,0.129592085028,0,0.0167941085018
wannier_stark,11,9.40734375,0.128793942153,0,0.0165878795352
wannier_stark,11,9.71578125,0.127337590914,0,0.0162148620598
wannier_stark,11,10.02421875,0.125218047264,0,0.0156795593606
wannier_stark,11,10.33265625,0.122434130125,0,0.0149901162195
wannier_stark,11,10.64109375,0.118988661934,0,0.0141583016689
wannier_stark,11,10.94953125,0.114888647624,0,0.013199401353
wannier_stark,11,11.25796875,0.109410938159,0,0.0119707533888
wannier_stark,11,11.56640625,0.107362867781,0,0.0115267853782
wannier_stark,11,11.87484375,0.109387256425,0,0.0119655718681
wannier_stark,11,12.18328125,0.115546911524,0,0.0133510887627
wannier_stark,11,12.49171875,0.126059923744,0,0.0158911043745
wannier_stark,11,12.80015625,0.141306270289,0,0.019967462023
wannier_stark,11,13.10859375,0.161840364578,0,0.0261923036067
wannier_stark,11,13.41703125,0.185268502554,0,0.0343244180386
wannier_stark,11,13.72546875,0.204373358249,0,0.0417684695618
wannier_stark,11,14.03390625,0.222154527252,0,0.0493526339784
wannier_stark,11,14.34234375,0.238475164428,0,0.0568704040488
wannier_stark,11,14.65078125,0.253204698778,0,0.0641126194831
wannier_stark,11,14.95921875,0.266220144948,0,0.0708731655761
wannier_stark,11,15.26765625,0.277407413614,0,0.0769548731282
wannier_stark,11,15.57609375,0.286662607918,0,0.0821754507784
wannier_stark,11,15.88453125,0.293893292454,0,0.0863732673493
wannier_stark,11,16.19296875,0.29901972075,0,0.0894127933975
wannier_stark,11,16.50140625,0.301976006746,0,0.09118950865
wannier_stark,11,16.80984375,0.302711225447,0,0.0916340860114
wannier_stark,11,17.11828125,0.301190427806,0,0.0907156738019
wannier_stark,11,17.42671875,0.297395554857,0,0.0884441160484
wannier_stark,11,17.73515625,0.291326236315,0,0.0848709759653
wannier_stark,11,18.04359375,0.283000459226,0,0.080089259922
wannier_stark,11,18.35203125,0.272455092776,0,0.0742317775796
wannier_stark,11,18.66046875,0.259746256148,0,0.0674681175829
wannier_stark,11,18.96890625,0.244949517246,0,0.0600002659991
wannier_stark,11,19.27734375,0.228159911286,0,0.052056945118
wannier_stark,11,19.58578125,0.209491769601,0,0.0438868015304
wannier_stark,11,19.89421875,0.189078350595,0,0.0357506226637
wannier_stark,11,20.20265625,0.167071266539,0,0.0279128081031
wannier_stark,11,20.51109375,0.143639701859,0,0.0206323639501
wannier_stark,11,20.81953125,0.118969420699,0,0.0141537230614
wannier_stark,11,21.12796875,0.0932615638504,0,0.00869771929182
wannier_stark,11,21.43640625,0.0667312375575,0,0.00445305806595
wannier_stark,11,21.74484375,0.0396058992813,0,0.00156862725788
wannier_stark,11,22.05328125,0.0121235481616,0,0.000146980420026
wannier_stark,11,22.36171875,-0.0154692693644,0,0.000239298294668
wannier_stark,11,22.67015625,-0.042919625563,0,0.00184209425847
wannier_stark,11,22.97859375,-0.0699705330368,0,0.00489587549346
wannier_stark,11,23.28703125,-0.0963634032681,0,0.00928590548941
wannier_stark,11,23.59546875,-0.121840620694,0,0.0148451368511
wannier_stark,11,23.90390625,-0.146148208383,0,0.0213592988135
wannier_stark,11,24.21234375,-0.16903855899,0,0.0285740344254
wannier_stark,11,24.52078125,-0.190273202463,0,0.0362038915754
wannier_stark,11,24.82921875,-0.209625580015,0,0.0439428837968
wannier_stark,11,25.13765625,-0.226883792195,0,0.0514762551607
wannier_stark,11,25.44609375,-0.24185328751,0,0.0584930126793
wannier_stark,11,25.75453125,-0.254359457084,0,0.064698733408
wannier_stark,11,26.06296875,-0.264250100187,0,0.0698281154486
wannier_stark,11,26.37140625,-0.27139772532,0,0.0736567253088
wannier_stark,11,26.67984375,-0.275701651815,0,0.0760114008133
wannier_stark,11,26.98828125,-0.277089877654,0,0.0767788002985
wannier_stark,11,27.29671875,-0.27552068051,0,0.0759116453885
wannier_stark,11,27.60515625,-0.270983920743,0,0.0734322853014
wannier_stark,11,27.91359375,-0.263502017451,0,0.069433313201
wannier_stark,11,28.22203125,-0.253130571426,0,0.0640750861907
wannier_stark,11,28.53046875,-0.239958612262,0,0.0575801355986
wannier_stark,11,28.83890625,-0.22410845065,0,0.0502245976529
wannier_stark,11,29.14734375,-0.205735121229,0,0.0423269401069
wannier_stark,11,29.45578125,-0.185025406053,0,0.0342344008849
wannier_stark,11,29.76421875,-0.158661350554,0,0.0251734241595
wannier_stark,11,30.07265625,-0.13358404992,0,0.0178446983931
wannier_stark,11,30.38109375,-0.112549395632,0,0.0126673664572
wannier_stark,11,30.68953125,-0.0949064318826,0,0.00900723081268
wannier_stark,11,30.99796875,-0.0801113554014,0,0.00641782926425
wannier_stark,11,31.30640625,-0.0677099663773,0,0.00458463954682
wannier_stark,11,31.61484375,-0.0573230632539,0,0.00328593358082
wannier_stark,11,31.92328125,-0.0486342914761,0,0.00236529430738
wannier_stark,11,32.23171875,-0.0413800398429,0,0.0017123076974
wannier_stark,11,32.54015625,-0.0353410475774,0,0.00124898964387
wannier_stark,11,32.84859375,-0.0303354429948,0,0.000920239101689
wannier_stark,11,33.15703125,-0.0267003961512,0,0.00071291115463
wannier_stark,11,33.46546875,-0.0232156716961,0,0.000538967412302
wannier_stark,11,33.77390625,-0.0194355850853,0,0.000377741967607
wannier_stark,11,34.08234375,-0.0154063318877,0,0.000237355062234
wannier_stark,11,34.39078125,-0.0111780641281,0,0.000124949117652
wannier_stark,11,34.69921875,-0.00680431049114,0,4.62986412599e-05
wannier_stark,11,35.00765625,-0.002341332671,0,5.4818386763e-06
wannier_stark,11,35.31609375,0.00215257527917,0,4.6335803325e-06
wannier_stark,11,35.62453125,0.00661783660649,0,4.37957613502e-05
wannier_stark,11,35.93296875,0.0109943814686,0,0.000120876423878
wannier_stark,11,36.24140625,0.0152224664588,0,0.000231723485089
wannier_stark,11,36.54984375,0.0192435131394,0,0.000370312797945
wannier_stark,11,36.85828125,0.0230009539389,0,0.000529043882102
wannier_stark,11,37.16671875,0.0264410731738,0,0.00069913035058
wannier_stark,11,37.47515625,0.0295138305278,0,0.000871066192423
wannier_stark,11,37.78359375,0.0321736540783,0,0.00103514401675
wannier_stark,11,38.09203125,0.0343801899012,0,0.00118199745764
wannier_stark,11,38.40046875,0.0360989954404,0,0.0013031374718
wannier_stark,11,38.70890625,0.0373021641928,0,0.00139145145347
wannier_stark,11,39.01734375,0.0379688698395,0,0.00144163507689
wannier_stark,11,39.32578125,0.0380858187543,0,0.00145052959019
wannier_stark,11,39.63421875,0.037647600842,0,0.00141734184916
wannier_stark,11,39.94265625,0.0366569298783,0,0.0013437305081
wannier_stark,11,40.25109375,0.035124765958,0,0.00123374918361
wannier_stark,11,40.55953125,0.0330703142648,0,0.00109364568557
wannier_stark,11,40.86796875,0.0301261168605,0,0.000907582917092
wannier_stark,11,41.17640625,0.0275640771626,0,0.000759778349826
wannier_stark,11,41.48484375,0.0257093777365,0,0.0006609721036
wannier_stark,11,41.79328125,0.0245111379013,0,0.000600795881219
wannier_stark,11,42.10171875,0.0239356291274,0,0.000572914341724
wannier_stark,11,42.41015625,0.0239651707265,0,0.000574329407948
wannier_stark,11,42.71859375,0.0245974463954,0,0.000605034369175
wannier_stark,11,43.02703125,0.0256976861473,0,0.000660371073326
wannier_stark,11,43.33546875,0.0262457155834,0,0.000688837586487
wannier_stark,11,43.64390625,0.026377871245,0,0.000695792091417
wannier_stark,11,43.95234375,0.0260894848703,0,0.000680661220798
wannier_stark,11,44.26078125,0.0253826081401,0,0.000644276795994
wannier_stark,11,44.56921875,0.0242661026885,0,0.000588843739687
wannier_stark,11,44.87765625,0.0227556187484,0,0.000517818184621
wannier_stark,11,45.18609375,0.0208734594574,0,0.000435701309718
wannier_stark,11,45.49453125,0.0186483297407,0,0.000347760202117
wannier_stark,11,45.80296875,0.0161149706761,0,0.000259692279891
wannier_stark,11,46.11140625,0.0133136822956,0,0.000177254136268
wannier_stark,11,46.41984375,0.0102897398597,0,0.000105878746381
wannier_stark,11,46.72828125,0.00709271071031,0,5.03065452201e-05
wannier_stark,11,47.03671875,0.0037756808326,0,1.42557657497e-05
wannier_stark,11,47.34515625,0.000394402193557,0,1.55553090283e-07
wannier_stark,11,47.65359375,-0.00299362626827,0,8.96179823405e-06
wannier_stark,11,47.96203125,-0.00633012948427,0,4.00705392876e-05
wannier_stark,11,48.27046875,-0.00955706297678,0,9.13374527421e-05
wannier_stark,11,48.57890625,-0.0126176383142,0,0.000159204796629
wannier_stark,11,48.88734375,-0.0154573492382,0,0.000238929645472
wannier_stark,11,49.19578125,-0.0180249797874,0,0.000324899896337
wannier_stark,11,49.50421875,-0.0202735754617,0,0.000411017861999
wannier_stark,11,49.81265625,-0.0221613585363,0,0.000491125812176
wannier_stark,11,50.12109375,-0.0236525690689,0,0.000559444023559
wannier_stark,11,50.42953125,-0.0247182139393,0,0.000610990100347
wannier_stark,11,50.73796875,-0.025336707438,0,0.000641948743799
wannier_stark,11,51.04640625,-0.0254943884496,0,0.00064996384242
wannier_stark,11,51.35484375,-0.0251859011595,0,0.000634329617218
wannier_stark,11,51.66328125,-0.0244144284201,0,0.000596064315081
wannier_stark,11,51.97171875,-0.0231917694097,0,0.000537858168355
wannier_stark,11,52.28015625,-0.0215382559765,0,0.000463896470509
wannier_stark,11,52.58859375,-0.0194825050239,0,0.000379568002007
wannier_stark,11,52.89703125,-0.0170610074242,0,0.000291077974327
wannier_stark,11,53.20546875,-0.0143175571732,0,0.000204992443409
wannier_stark,11,53.51390625,-0.0113025277742,0,0.000127747134086
wannier_stark,11,53.82234375,-0.00807200608088,0,6.51572821698e-05
wannier_stark,11,54.13078125,-0.00468679699113,0,2.1966066036e-05
wannier_stark,11,54.43921875,-0.00121131537084,0,1.46728492764e-06
wannier_stark,11,54.74765625,0.00228761564098,0,5.23318532088e-06
wannier_stark,11,55.05609375,0.00574203832825,0,3.29710041631e-05
wannier_stark,11,55.36453125,0.00908418236388,0,8.25223692202e-05
wannier_stark,11,55.67296875,0.0122478096213,0,0.00015000884052
wannier_stark,11,55.98140625,0.0151695551813,0,0.0002301154044
wannier_stark,11,56.28984375,0.0177902371722,0,0.000316492538644
wannier_stark,11,56.59828125,0.0200561079174,0,0.000402247464794
wannier_stark,11,56.90671875,0.0219200192746,0,0.000480487244997
wannier_stark,11,57.21515625,0.0233424760455,0,0.000544871187934
wannier_stark,11,57.52359375,0.0242925529182,0,0.000590128127284
wannier_stark,11,57.83203125,0.0247486525623,0,0.000612495803648
wannier_stark,11,58.14046875,0.0246990852055,0,0.000610044809987
wannier_stark,11,58.44890625,0.0241424532422,0,0.00058285804855
wannier_stark,11,58.75734375,0.0230878281055,0,0.00053304780663
wannier_stark,11,59.06578125,0.0215547107157,0,0.000464605554037
wannier_stark,11,59.37421875,0.0192658664093,0,0.000371173608502
wannier_stark,11,59.68265625,0.0170192282486,0,0.000289654130176
wannier_stark,11,59.99109375,0.0150788151107,0,0.000227370665142
wannier_stark,11,60.29953125,0.0134077860946,0,0.000179768727958
wannier_stark,11,60.60796875,0.0119745744556,0,0.000143390433392
wannier_stark,11,60.91640625,0.01075222844,0,0.000115610416426
wannier_stark,11,61.22484375,0.00971784893602,0,9.44365879432e-05
wannier_stark,11,61.53328125,0.00885211123248,0,7.83598732722e-05
wannier_stark,11,61.84171875,0.00813886005749,0,6.62410430355e-05
wannier_stark,11,62.15015625,0.0075647686886,0,5.7225725312e-05
wannier_stark,11,62.45859375,0.00711905432389,0,5.06809344666e-05
wannier_stark,11,62.76703125,0.00683176495099,0,4.66730123456e-05
wannier_stark,11,63.07546875,0.00643274276174,0,4.13801794388e-05
wannier_stark,11,63.38390625,0.00589161405784,0,3.47111162066e-05
wannier_stark,11,63.69234375,0.00521975802074,0,2.72458737951e-05
wannier_stark,11,64.00078125,0.00443157287772,0,1.96388381705e-05
wannier_stark,11,64.30921875,0.00354419188636,0,1.25612961273e-05
wannier_stark,11,64.61765625,0.00257713221101,0,6.64161043305e-06
wannier_stark,11,64.92609375,0.0015518832848,0,2.40834172964e-06
wannier_stark,11,65.23453125,0.000491442828406,0,2.41516053592e-07
wannier_stark,11,65.54296875,-0.000580189869747,0,3.36620284957e-07
wannier_stark,11,65.85140625,-0.00163855255842,0,2.6848544867e-06
wannier_stark,11,66.15984375,-0.00265927863075,0,7.07176283596e-06
wannier_stark,11,66.46828125,-0.00361866307426,0,1.3094722445e-05
wannier_stark,11,66.77671875,-0.004494222607,0,2.01980368413e-05
wannier_stark,11,67.08515625,-0.00526523664696,0,2.77227169485e-05
wannier_stark,11,67.39359375,-0.00591325588173,0,3.49665951229e-05
wannier_stark,11,67.70203125,-0.00642256564863,0,4.1249349511e-05
wannier_stark,11,68.01046875,-0.00678059210199,0,4.59764292536e-05
wannier_stark,11,68.31890625,-0.00697824022651,0,4.86958366589e-05
wannier_stark,11,68.62734375,-0.00701015413619,0,4.91422610131e-05
wannier_stark,11,68.93578125,-0.00687489175374,0,4.72641366256e-05
wannier_stark,11,69.24421875,-0.00657500786338,0,4.32307284035e-05
wannier_stark,11,69.55265625,-0.00611704163031,0,3.7418198307e-05
wannier_stark,11,69.86109375,-0.00551140693796,0,3.03756064357e-05
wannier_stark,11,70.16953125,-0.00477218625683,0,2.27737616698e-05
wannier_stark,11,70.47796875,-0.00378437879725,0,1.43215228811e-05
wannier_stark,11,70.78640625,-0.00271528159807,0,7.37275415683e-06
wannier_stark,11,71.09484375,-0.00168254640237,0,2.83096239613e-06
wannier_stark,11,71.40328125,-0.000672128167431,0,4.51756273454e-07
wannier_stark,11,71.71171875,0.000329460999984,0,1.0854455051e-07
wannier_stark,11,72.02015625,0.0013353358537,0,1.78312184219e-06
wannier_stark,11,72.32859375,0.00235841031634,0,5.56209922022e-06
wannier_stark,11,72.63703125,0.00328704276212,0,1.080465012e-05
wannier_stark,11,72.94546875,0.00400859877633,0,1.60688641496e-05
wannier_stark,11,73.25390625,0.00462908203361,0,2.14284004739e-05
wannier_stark,11,73.56234375,0.00513239592751,0,2.63414879567e-05
wannier_stark,11,73.87078125,0.00550529992214,0,3.03083272327e-05
wannier_stark,11,74.17921875,0.00573778157867,0,3.29221374446e-05
wannier_stark,11,74.48765625,0.00582335109727,0,3.39114180021e-05
wannier_stark,11,74.79609375,0.00575924922865,0,3.31689516777e-05
wannier_stark,11,75.10453125,0.00554656147268,0,3.07643441703e-05
wannier_stark,11,75.41296875,0.00519023378613,0,2.69385267547e-05
wannier_stark,11,75.72140625,0.00469898751522,0,2.20804836682e-05
wannier_stark,11,76.02984375,0.00408513388898,0,1.66883188909e-05
wannier_stark,11,76.33828125,0.0033642910895,0,1.13184545349e-05
wannier_stark,11,76.64671875,0.00255500958499,0,6.52807397937e-06
wannier_stark,11,76.95515625,0.00167831399761,0,2.81673787456e-06
wannier_stark,11,77.26359375,0.000757172207814,0,5.73309752286e-07
wannier_stark,11,77.57203125,-0.000184095400693,0,3.38911165562e-08
wannier_stark,11,77.88046875,-0.00112045174356,0,1.25541210965e-06
wannier_stark,11,78.18890625,-0.002026807522,0,4.10794873124e-06
wannier_stark,11,78.49734375,-0.00287869688557,0,8.28689575898e-06
wannier_stark,11,78.80578125,-0.00365294607399,0,1.33440150195e-05
wannier_stark,11,79.11421875,-0.00432831663491,0,1.87343248921e-05
wannier_stark,11,79.42265625,-0.00488610511349,0,2.38740231801e-05
wannier_stark,11,79.73109375,-0.00531068192013,0,2.82033424568e-05
wannier_stark,11,80.03953125,-0.00558995339526,0,3.12475789612e-05
wannier_stark,11,80.34796875,-0.00571573288384,0,3.26696023994e-05
wannier_stark,11,80.65640625,-0.00568400886873,0,3.23079568198e-05
wannier_stark,11,80.96484375,-0.00549510084166,0,3.019613326e-05
wannier_stark,11,81.27328125,-0.00515369654903,0,2.65605881194e-05
wannier_stark,11,81.58171875,-0.00466876746177,0,2.17973896121e-05
wannier_stark,11,81.89015625,-0.00405336270035,0,1.64297491806e-05
wannier_stark,11,82.19859375,-0.00332428510366,0,1.10508714504e-05
wannier_stark,11,82.50703125,-0.00250165656823,0,6.25828558538e-06
wannier_stark,11,82.81546875,-0.00160838310055,0,2.58689619813e-06
wannier_stark,11,83.12390625,-0.000669533121754,0,4.48274601125e-07
wannier_stark,11,83.43234375,0.000288354656257,0,8.31484077849e-08
wannier_stark,11,83.74078125,0.00123801509078,0,1.53268136501e-06
wannier_stark,11,84.04921875,0.00215223162529,0,4.6321009689e-06
wannier_stark,11,84.35765625,0.0030046205538,0,9.02774467231e-06
wannier_stark,11,84.66609375,0.00377040190273,0,1.42159305081e-05
wannier_stark,11,84.97453125,0.00442713422806,0,1.95995174733e-05
wannier_stark,11,85.28296875,0.00495539122149,0,2.4555902158e-05
wannier_stark,11,85.59140625,0.00533935928333,0,2.85087575565e-05
wannier_stark,11,85.89984375,0.00556733713287,0,3.09952427511e-05
wannier_stark,11,86.20828125,0.00563212104821,0,3.17207875017e-05
wannier_stark,11,86.51671875,0.00553126239917,0,3.05948637285e-05
wannier_stark,11,86.82515625,0.00526718767935,0,2.77432660495e-05
wannier_stark,11,87.13359375,0.0048471751634,0,2.34951070647e-05
wannier_stark,11,87.44203125,0.00428318650425,0,1.83456866302e-05
wannier_stark,11,87.75046875,0.00359155592118,0,1.2899273935e-05
wannier_stark,11,88.05890625,0.00279254398645,0,7.79830191624e-06
wannier_stark,11,88.36734375,0.00190976726125,0,3.64721099215e-06
wannier_stark,11,88.67578125,0.000969519029579,0,9.39967148716e-07
wannier_stark,12,-59.06578125,-1.06363583352e-06,0,1.13132118635e-12
wannier_stark,12,-58.75734375,-2.18359648656e-06,0,4.76809361613e-12
wannier_stark,12,-58.44890625,-3.41891036639e-06,0,1.16889480934e-11
wannier_stark,12,-58.14046875,-4.8343986301e-06,0,2.33714101147e-11
wannier_stark,12,-57.83203125,-6.50403870205e-06,0,4.23025194378e-11
wannier_stark,12,-57.52359375,-8.51477484023e-06,0,7.25013905798e-11
wannier_stark,12,-57.21515625,-1.09709692532e-05,0,1.20362166355e-10
wannier_stark,12,-56.90671875,-1.39997177767e-05,0,1.95992097826e-10
wannier_stark,12,-56.59828125,-1.77572957135e-05,0,3.15321551057e-10
wannier_stark,12,-56.28984375,-2.24370540584e-05,0,5.03421394819e-10
wannier_stark,12,-55.98140625,-2.82791565197e-05,0,7.99710693465e-10
wannier_stark,12,-55.67296875,-3.47191199222e-05,0,1.20541728817e-09
wannier_stark,12,-55.36453125,-4.04553988425e-05,0,1.6366392955e-09
wannier_stark,12,-55.05609375,-4.6373969609e-05,0,2.1505450573e-09
wannier_stark,12,-54.74765625,-5.24969756635e-05,0,2.75593245381e-09
wannier_stark,12,-54.43921875,-5.88462865502e-05,0,3.46288544075e-09
wannier_stark,12,-54.13078125,-6.54435302051e-05,0,4.28285564571e-09
wannier_stark,12,-53.82234375,-7.23101157138e-05,0,5.22875283454e-09
wannier_stark,12,-53.51390625,-7.94672467469e-05,0,6.31504330553e-09
wannier_stark,12,-53.20546875,-8.69359258341e-05,0,7.55785520063e-09
wannier_stark,12,-52.89703125,-9.47369495908e-05,0,8.97508961777e-09
wannier_stark,12,-52.58859375,-0.00010289089498,0,1.05865362699e-08
wannier_stark,12,-52.28015625,-0.000111418096661,0,1.24139922636e-08
wannier_stark,12,-51.97171875,-0.000120338615444,0,1.4481382367e-08
wannier_stark,12,-51.66328125,-0.000129672197877,0,1.68148789022e-08
wannier_stark,12,-51.35484375,-0.000139438226942,0,1.94430191328e-08
wannier_stark,12,-51.04640625,-0.00014965566388,0,2.23968177313e-08
wannier_stark,12,-50.73796875,-0.000160342981109,0,2.57098715909e-08
wannier_stark,12,-50.42953125,-0.000171518086268,0,2.94184539172e-08
wannier_stark,12,-50.12109375,-0.00018319823738,0,3.35615941793e-08
wannier_stark,12,-49.81265625,-0.000195399949174,0,3.81811401373e-08
wannier_stark,12,-49.50421875,-0.000208138890631,0,4.3321797793e-08
wannier_stark,12,-49.19578125,-0.000221429773837,0,4.90311447413e-08
wannier_stark,12,-48.88734375,-0.000235286234278,0,5.53596120405e-08
wannier_stark,12,-48.57890625,-0.000249720702745,0,6.23604293796e-08
wannier_stark,12,-48.27046875,-0.000264744269078,0,7.00895280096e-08
wannier_stark,12,-47.96203125,-0.000282785658021,0,7.99677283826e-08
wannier_stark,12,-47.65359375,-0.000316919903715,0,1.00438225371e-07
wannier_stark,12,-47.34515625,-0.000366337897187,0,1.34203454915e-07
wannier_stark,12,-47.03671875,-0.000433376042901,0,1.8781479456e-07
wannier_stark,12,-46.72828125,-0.000521203356325,0,2.71652938644e-07
wannier_stark,12,-46.41984375,-0.000633966321176,0,4.01913296386e-07
wannier_stark,12,-46.11140625,-0.000776978766048,0,6.0369600289e-07
wannier_stark,12,-45.80296875,-0.000935684727451,0,8.75505909184e-07
wannier_stark,12,-45.49453125,-0.00107449573351,0,1.15454108133e-06
wannier_stark,12,-45.18609375,-0.00121479290914,0,1.4757218121e-06
wannier_stark,12,-44.87765625,-0.00135665175286,0,1.84050397855e-06
wannier_stark,12,-44.56921875,-0.00150012223533,0,2.25036672092e-06
wannier_stark,12,-44.26078125,-0.0016452283966,0,2.70677647697e-06
wannier_stark,12,-43.95234375,-0.00179196789818,0,3.21114894809e-06
wannier_stark,12,-43.64390625,-0.00194031154204,0,3.76480888016e-06
wannier_stark,12,-43.33546875,-0.00209020276915,0,4.36894761616e-06
wannier_stark,12,-43.02703125,-0.00224155715023,0,5.02457845777e-06
wannier_stark,12,-42.71859375,-0.00239426188183,0,5.7324899588e-06
wannier_stark,12,-42.41015625,-0.00254817530099,0,6.49319736456e-06
wannier_stark,12,-42.10171875,-0.00270312643221,0,7.30689250851e-06
wannier_stark,12,-41.79328125,-0.00285891458067,0,8.17339257959e-06
wannier_stark,12,-41.48484375,-0.00301530898585,0,9.09208828017e-06
wannier_stark,12,-41.17640625,-0.00317204855005,0,1.00618920039e-05
wannier_stark,12,-40.86796875,-0.00332884165649,0,1.1081186774e-05
wannier_stark,12,-40.55953125,-0.00348536609181,0,1.2147776794e-05
wannier_stark,12,-40.25109375,-0.00364126908786,0,1.32588405702e-05
wannier_stark,12,-39.94265625,-0.00379616749761,0,1.44108876699e-05
wannier_stark,12,-39.63421875,-0.0039496481203,0,1.55997202742e-05
wannier_stark,12,-39.32578125,-0.00410126819007,0,1.68204007669e-05
wannier_stark,12,-39.01734375,-0.00425055604294,0,1.80672266742e-05
wannier_stark,12,-38.70890625,-0.00439701197569,0,1.93337143144e-05
wannier_stark,12,-38.40046875,-0.00454010931038,0,2.06125925502e-05
wannier_stark,12,-38.09203125,-0.00467929567713,0,2.1895808034e-05
wannier_stark,12,-37.78359375,-0.00481399452716,0,2.31745433076e-05
wannier_stark,12,-37.47515625,-0.00494360688697,0,2.44392490529e-05
wannier_stark,12,-37.16671875,-0.00506751336347,0,2.56796916889e-05
wannier_stark,12,-36.85828125,-0.0051850764085,0,2.68850173619e-05
wannier_stark,12,-36.54984375,-0.00529564284961,0,2.80438331907e-05
wannier_stark,12,-36.24140625,-0.00539854669237,0,2.91443063897e-05
wannier_stark,12,-35.93296875,-0.00549311219737,0,3.01742816129e-05
wannier_stark,12,-35.62453125,-0.00557865723327,0,3.11214165263e-05
wannier_stark,12,-35.31609375,-0.00565449690472,0,3.19733352455e-05
wannier_stark,12,-35.00765625,-0.00571994745165,0,3.27177988497e-05
wannier_stark,12,-34.69921875,-0.00577433041372,0,3.33428917269e-05
wannier_stark,12,-34.39078125,-0.00581697705087,0,3.38372220103e-05
wannier_stark,12,-34.08234375,-0.00584723300804,0,3.41901338503e-05
wannier_stark,12,-33.77390625,-0.0058644632089,0,3.43919287286e-05
wannier_stark,12,-33.46546875,-0.0058680569602,0,3.44340924881e-05
wannier_stark,12,-33.15703125,-0.00585743324485,0,3.43095242179e-05
wannier_stark,12,-32.84859375,-0.00583204617874,0,3.40127626309e-05
wannier_stark,12,-32.54015625,-0.00579139060226,0,3.35402051079e-05
wannier_stark,12,-32.23171875,-0.00573500777439,0,3.28903141723e-05
wannier_stark,12,-31.92328125,-0.00566249113338,0,3.20638058356e-05
wannier_stark,12,-31.61484375,-0.0055734920846,0,3.10638140171e-05
wannier_stark,12,-31.30640625,-0.00546772577274,0,2.98960251258e-05
wannier_stark,12,-30.99796875,-0.00534497679205,0,2.85687769076e-05
wannier_stark,12,-30.68953125,-0.0052051047854,0,2.7093115827e-05
wannier_stark,12,-30.38109375,-0.00504804987958,0,2.54828075867e-05
wannier_stark,12,-30.07265625,-0.00487383790184,0,2.37542958934e-05
wannier_stark,12,-29.76421875,-0.00468258532026,0,2.19266052815e-05
wannier_stark,12,-29.45578125,-0.00444228227696,0,1.97338718282e-05
wannier_stark,12,-29.14734375,-0.00435049159856,0,1.89267771491e-05
wannier_stark,12,-28.83890625,-0.00443514430935,0,1.96705050448e-05
wannier_stark,12,-28.53046875,-0.00469910680959,0,2.2081604808e-05
wannier_stark,12,-28.22203125,-0.0051524503116,0,2.65477442136e-05
wannier_stark,12,-27.91359375,-0.00581278668299,0,3.3788489022e-05
wannier_stark,12,-27.60515625,-0.00670590111296,0,4.49691097368e-05
wannier_stark,12,-27.29671875,-0.00786670203759,0,6.18850009482e-05
wannier_stark,12,-26.98828125,-0.00934052089852,0,8.72453306557e-05
wannier_stark,12,-26.67984375,-0.0111848074563,0,0.000125099917834
wannier_stark,12,-26.37140625,-0.0134712810209,0,0.000181475412343
wannier_stark,12,-26.06296875,-0.0159555110819,0,0.000254578333885
wannier_stark,12,-25.75453125,-0.0180306095037,0,0.000325102879075
wannier_stark,12,-25.44609375,-0.0200180323798,0,0.000400721620359
wannier_stark,12,-25.13765625,-0.0219061621289,0,0.000479879939218
wannier_stark,12,-24.82921875,-0.0236834954688,0,0.00056090795762
wannier_stark,12,-24.52078125,-0.0253387317897,0,0.000642051328709
wannier_stark,12,-24.21234375,-0.0268608649536,0,0.000721506066056
wannier_stark,12,-23.90390625,-0.0282392779294,0,0.000797456817973
wannier_stark,12,-23.59546875,-0.0294638396039,0,0.000868117844202
wannier_stark,12,-23.28703125,-0.0305250030431,0,0.000931775810782
wannier_stark,12,-22.97859375,-0.0314139044115,0,0.000986833390377
wannier_stark,12,-22.67015625,-0.032122461696,0,0.00103185254541
wannier_stark,12,-22.36171875,-0.0326434723257,0,0.00106559628548
wannier_stark,12,-22.05328125,-0.032970708726,0,0.00108706763389
wannier_stark,12,-21.74484375,-0.0330990108014,0,0.00109554451603
wannier_stark,12,-21.43640625,-0.0330243743044,0,0.00109060929819
wannier_stark,12,-21.12796875,-0.0327440340191,0,0.00107217176384
wannier_stark,12,-20.81953125,-0.032256540669,0,0.00104048441593
wannier_stark,12,-20.51109375,-0.031561830451,0,0.00099614914142
wannier_stark,12,-20.20265625,-0.0306612860993,0,0.000940114465262
wannier_stark,12,-19.89421875,-0.029557788399,0,0.000873662855042
wannier_stark,12,-19.58578125,-0.0282557570989,0,0.000798387809233
wannier_stark,12,-19.27734375,-0.0267611802114,0,0.000716160766305
wannier_stark,12,-18.96890625,-0.0250816307479,0,0.000629088200975
wannier_stark,12,-18.66046875,-0.0232262700071,0,0.000539459618444
wannier_stark,12,-18.35203125,-0.0208929709997,0,0.000436516237194
wannier_stark,12,-18.04359375,-0.0190007011762,0,0.000361026645189
wannier_stark,12,-17.73515625,-0.017791617601,0,0.000316541656861
wannier_stark,12,-17.42671875,-0.017219972652,0,0.000296527458136
wannier_stark,12,-17.11828125,-0.0172630844783,0,0.000298014085707
wannier_stark,12,-16.80984375,-0.0179202857335,0,0.000321136640769
wannier_stark,12,-16.50140625,-0.0192126641994,0,0.000369126465638
wannier_stark,12,-16.19296875,-0.020950544504,0,0.000438925315014
wannier_stark,12,-15.88453125,-0.0222901420976,0,0.000496850434731
wannier_stark,12,-15.57609375,-0.0234517426961,0,0.000549984235482
wannier_stark,12,-15.26765625,-0.0244237817431,0,0.000596521114636
wannier_stark,12,-14.95921875,-0.0251960186968,0,0.000634839358168
wannier_stark,12,-14.65078125,-0.0257596773004,0,0.00066356097462
wannier_stark,12,-14.34234375,-0.0261075775868,0,0.000681605607451
wannier_stark,12,-14.03390625,-0.0262342577823,0,0.00068823628139
wannier_stark,12,-13.72546875,-0.0261360842867,0,0.000683094901839
wannier_stark,12,-13.41703125,-0.0258113479374,0,0.000666225682346
wannier_stark,12,-13.10859375,-0.025260344823,0,0.000638085020579
wannier_stark,12,-12.80015625,-0.0244854399887,0,0.00059953677144
wannier_stark,12,-12.49171875,-0.0234911124861,0,0.000551832365835
wannier_stark,12,-12.18328125,-0.0222839803494,0,0.000496575780214
wannier_stark,12,-11.87484375,-0.020872804237,0,0.000435673956718
wannier_stark,12,-11.56640625,-0.0192684686618,0,0.000371273884571
wannier_stark,12,-11.25796875,-0.0174839399399,0,0.000305688155823
wannier_stark,12,-10.94953125,-0.0155342002193,0,0.000241311376454
wannier_stark,12,-10.64109375,-0.0134361572015,0,0.000180530320345
wannier_stark,12,-10.33265625,-0.0112085294444,0,0.000125631132306
wannier_stark,12,-10.02421875,-0.00887170742304,0,7.87071926e-05
wannier_stark,12,-9.71578125,-0.00644759083284,0,4.15714275477e-05
wannier_stark,12,-9.40734375,-0.0039594029355,0,1.56768716056e-05
wannier_stark,12,-9.09890625,-0.00143148307438,0,2.04914379225e-06
wannier_stark,12,-8.79046875,0.001110941184,0,1.2341903143e-06
wannier_stark,12,-8.48203125,0.00364200049613,0,1.32641676138e-05
wannier_stark,12,-8.17359375,0.00613544666348,0,3.76437057604e-05
wannier_stark,12,-7.86515625,0.00856492960232,0,7.33580190927e-05
wannier_stark,12,-7.55671875,0.010904285632,0,0.000118903445144
wannier_stark,12,-7.24828125,0.0131278340693,0,0.000172340027352
wannier_stark,12,-6.93984375,0.0152106788597,0,0.000231364751373
wannier_stark,12,-6.63140625,0.0171290117463,0,0.000293403043405
wannier_stark,12,-6.32296875,0.0188604132867,0,0.000355715189345
wannier_stark,12,-6.01453125,0.0203841478712,0,0.000415513484434
wannier_stark,12,-5.70609375,0.0216814487882,0,0.000470085221556
wannier_stark,12,-5.39765625,0.0227357893208,0,0.000516916116041
wannier_stark,12,-5.08921875,0.023533135849,0,0.000553808482888
wannier_stark,12,-4.78078125,0.0240621789794,0,0.000578988457238
wannier_stark,12,-4.47234375,0.0243145388282,0,0.000591196798429
wannier_stark,12,-4.16390625,0.0242849407471,0,0.000589758347092
wannier_stark,12,-3.85546875,0.0239713580087,0,0.000574626004783
wannier_stark,12,-3.54703125,0.0233751182528,0,0.00054639615333
wannier_stark,12,-3.23859375,0.0225009708435,0,0.0005062936889
wannier_stark,12,-2.93015625,0.0213571126941,0,0.000456126262628
wannier_stark,12,-2.62171875,0.0199551705757,0,0.000398208832705
wannier_stark,12,-2.31328125,0.0183101384454,0,0.000335261169889
wannier_stark,12,-2.00484375,0.0164402688881,0,0.000270282441113
wannier_stark,12,-1.69640625,0.0143669183739,0,0.000206408343562
wannier_stark,12,-1.38796875,0.0121143466703,0,0.000146757395248
wannier_stark,12,-1.07953125,0.00970947141737,0,9.42738352047e-05
wannier_stark,12,-0.77109375,0.00718157955818,0,5.15750849505e-05
wannier_stark,12,-0.46265625,0.004561998012,0,2.08118258615e-05
wannier_stark,12,-0.15421875,0.00188372667101,0,3.54842617107e-06
wannier_stark,12,0.15421875,-0.00123747595547,0,1.53134674037e-06
wannier_stark,12,0.46265625,-0.00481235474036,0,2.31587581471e-05
wannier_stark,12,0.77109375,-0.00852336088624,0,7.26476807971e-05
wannier_stark,12,1.07953125,-0.0124743784447,0,0.000155610117581
wannier_stark,12,1.38796875,-0.0167750707007,0,0.000281402997012
wannier_stark,12,1.69640625,-0.0215438481453,0,0.000464137392907
wannier_stark,12,2.00484375,-0.0269110233437,0,0.000724203177407
wannier_stark,12,2.31328125,-0.0330222343339,0,0.0010904679604
wannier_stark,12,2.62171875,-0.0400422231621,0,0.00160337963576
wannier_stark,12,2.93015625,-0.0481590632653,0,0.00231929537459
wannier_stark,12,3.23859375,-0.0575889387486,0,0.00331648586619
wannier_stark,12,3.54703125,-0.0672818893691,0,0.00452685263707
wannier_stark,12,3.85546875,-0.0747242040165,0,0.0055837066659
wannier_stark,12,4.16390625,-0.0811031047023,0,0.00657771359236
wannier_stark,12,4.47234375,-0.0863198973017,0,0.00745112467018
wannier_stark,12,4.78078125,-0.0902914076567,0,0.00815253829664
wannier_stark,12,5.08921875,-0.0929515298223,0,0.00863998689631
wannier_stark,12,5.39765625,-0.0942525572168,0,0.00888354454191
wannier_stark,12,5.70609375,-0.0941662687543,0,0.00886728617111
wannier_stark,12,6.01453125,-0.0926847448887,0,0.00859046193509
wannier_stark,12,6.32296875,-0.0898208918909,0,0.00806779262008
wannier_stark,12,6.63140625,-0.0856086565815,0,0.00732884208168
wannier_stark,12,6.93984375,-0.0801029181143,0,0.00641647749043
wannier_stark,12,7.24828125,-0.0733790481886,0,0.00538448471307
wannier_stark,12,7.55671875,-0.0655321362069,0,0.00429446087584
wannier_stark,12,7.86515625,-0.0566758813138,0,0.0032121555227
wannier_stark,12,8.17359375,-0.046941158868,0,0.00220347239587
wannier_stark,12,8.48203125,-0.0364742746256,0,0.00133037270946
wannier_stark,12,8.79046875,-0.0254349256548,0,0.000646935443067
wannier_stark,12,9.09890625,-0.0139938926558,0,0.000195829031661
wannier_stark,12,9.40734375,-0.00233049381896,0,5.4312014402e-06
wannier_stark,12,9.71578125,0.00937016447652,0,8.7799982317e-05
wannier_stark,12,10.02421875,0.0209201000688,0,0.000437650586887
wannier_stark,12,10.33265625,0.0321314862152,0,0.0010324324064
wannier_stark,12,10.64109375,0.0428197536446,0,0.00183353130219
wannier_stark,12,10.94953125,0.0528067125779,0,0.00278854889329
wannier_stark,12,11.25796875,0.063335404966,0,0.0040113735222
wannier_stark,12,11.56640625,0.0767841046664,0,0.00589579872942
wannier_stark,12,11.87484375,0.0920514963519,0,0.00847347798062
wannier_stark,12,12.18328125,0.109487434831,0,0.0119874983859
wannier_stark,12,12.49171875,0.129488681569,0,0.0167673186545
wannier_stark,12,12.80015625,0.152507318655,0,0.0232584822432
wannier_stark,12,13.10859375,0.179060241953,0,0.0320625702482
wannier_stark,12,13.41703125,0.206112547903,0,0.042482382403
wannier_stark,12,13.72546875,0.225980712192,0,0.0510672822827
wannier_stark,12,14.03390625,0.241927196294,0,0.0585287683065
wannier_stark,12,14.34234375,0.253651654604,0,0.0643391618832
wannier_stark,12,14.65078125,0.26092472239,0,0.0680817107542
wannier_stark,12,14.95921875,0.263593299424,0,0.0694814275012
wannier_stark,12,15.26765625,0.261584569883,0,0.0684264872009
wannier_stark,12,15.57609375,0.254908649578,0,0.0649784196295
wannier_stark,12,15.88453125,0.243659773846,0,0.0593700853908
wannier_stark,12,16.19296875,0.228015964222,0,0.0519912799399
wannier_stark,12,16.50140625,0.208237138871,0,0.043362706005
wannier_stark,12,16.80984375,0.184661660371,0,0.034099928811
wannier_stark,12,17.11828125,0.157701344148,0,0.024869713946
wannier_stark,12,17.42671875,0.12783498127,0,0.0163417824363
wannier_stark,12,17.73515625,0.0956004597625,0,0.00913944790681
wannier_stark,12,18.04359375,0.0615855984714,0,0.00379278593908
wannier_stark,12,18.35203125,0.0264178362392,0,0.000697902071563
wannier_stark,12,18.66046875,-0.00924705394218,0,8.55080066097e-05
wannier_stark,12,18.96890625,-0.04473703166,0,0.00200140200175
wannier_stark,12,19.27734375,-0.0793764210879,0,0.00630061622472
wannier_stark,12,19.58578125,-0.112498874805,0,0.0126559968324
wannier_stark,12,19.89421875,-0.143460422189,0,0.0205808927347
wannier_stark,12,20.20265625,-0.171652345918,0,0.0294645278592
wannier_stark,12,20.51109375,-0.196513625819,0,0.0386176051327
wannier_stark,12,20.81953125,-0.217542690191,0,0.0473248220556
wannier_stark,12,21.12796875,-0.234308221016,0,0.0549003424359
wannier_stark,12,21.43640625,-0.246458771239,0,0.0607419259204
wannier_stark,12,21.74484375,-0.253730969458,0,0.0643794048619
wannier_stark,12,22.05328125,-0.25595610987,0,0.0655135301796
wannier_stark,12,22.36171875,-0.253064952749,0,0.0640418703098
wannier_stark,12,22.67015625,-0.245090592854,0,0.0600693987056
wannier_stark,12,22.97859375,-0.23216928933,0,0.0539025789081
wannier_stark,12,23.28703125,-0.214539190338,0,0.0460270641907
wannier_stark,12,23.59546875,-0.192536928063,0,0.0370704686681
wannier_stark,12,23.90390625,-0.16659210412,0,0.0277529291552
wannier_stark,12,24.21234375,-0.137219730739,0,0.0188292545042
wannier_stark,12,24.52078125,-0.105010738649,0,0.0110272552315
wannier_stark,12,24.82921875,-0.0706207071075,0,0.00498728427236
wannier_stark,12,25.13765625,-0.0347570142324,0,0.00120805003835
wannier_stark,12,25.44609375,0.0018353545479,0,3.36852631651e-06
wannier_stark,12,25.75453125,0.0383890662675,0,0.00147372040889
wannier_stark,12,26.06296875,0.0741304638846,0,0.00549532567575
wannier_stark,12,26.37140625,0.108296023713,0,0.011728028752
wannier_stark,12,26.67984375,0.140148898454,0,0.019641713738
wannier_stark,12,26.98828125,0.168995185999,0,0.0285593728908
wannier_stark,12,27.29671875,0.19419956037,0,0.0377134692478
wannier_stark,12,27.60515625,0.215199905484,0,0.0463109993205
wannier_stark,12,27.91359375,0.231520604931,0,0.0536017905075
wannier_stark,12,28.22203125,0.24278416174,0,0.058944149192
wannier_stark,12,28.53046875,0.24872085101,0,0.0618620617269
wannier_stark,12,28.83890625,0.249176144762,0,0.0620887511182
wannier_stark,12,29.14734375,0.244115692105,0,0.0595924711321
wannier_stark,12,29.45578125,0.233627687758,0,0.054581896487
wannier_stark,12,29.76421875,0.215490560041,0,0.0464361814668
wannier_stark,12,30.07265625,0.198400530246,0,0.0393627704018
wannier_stark,12,30.38109375,0.184488282166,0,0.0340359262564
wannier_stark,12,30.68953125,0.173507403276,0,0.0301048189917
wannier_stark,12,30.99796875,0.1652612398,0,0.0273112773801
wannier_stark,12,31.30640625,0.159598698304,0,0.0254717445003
wannier_stark,12,31.61484375,0.156410854288,0,0.024464355339
wannier_stark,12,31.92328125,0.155628286485,0,0.0242201635543
wannier_stark,12,32.23171875,0.157219069286,0,0.0247178357471
wannier_stark,12,32.54015625,0.161187367669,0,0.0259813674962
wannier_stark,12,32.84859375,0.167572589621,0,0.0280805727921
wannier_stark,12,33.15703125,0.17539956311,0,0.0307650067392
wannier_stark,12,33.46546875,0.178054766262,0,0.0317034997888
wannier_stark,12,33.77390625,0.176507916981,0,0.0311550447571
wannier_stark,12,34.08234375,0.170778295246,0,0.0291652261271
wannier_stark,12,34.39078125,0.160985011826,0,0.0259161740325
wannier_stark,12,34.69921875,0.147345387006,0,0.0217106630718
wannier_stark,12,35.00765625,0.130170926756,0,0.0169444701724
wannier_stark,12,35.31609375,0.109860945348,0,0.0120694273127
wannier_stark,12,35.62453125,0.0868939427049,0,0.0075505572788
wannier_stark,12,35.93296875,0.061816903016,0,0.00382132949849
wannier_stark,12,36.24140625,0.0352327368846,0,0.00124134574838
wannier_stark,12,36.54984375,0.00778614098703,0,6.06239914699e-05
wannier_stark,12,36.85828125,-0.019851804541,0,0.000394094143536
wannier_stark,12,37.16671875,-0.0469999413469,0,0.00220899448661
wannier_stark,12,37.47515625,-0.07298384971,0,0.0053266423185
wannier_stark,12,37.78359375,-0.097152763708,0,0.00943865949611
wannier_stark,12,38.09203125,-0.118896159106,0,0.0141362966502
wannier_stark,12,38.40046875,-0.137659586675,0,0.0189501618036
wannier_stark,12,38.70890625,-0.152959332921,0,0.0233965575276
wannier_stark,12,39.01734375,-0.164395510542,0,0.0270258838863
wannier_stark,12,39.32578125,-0.171663212185,0,0.0294682584178
wannier_stark,12,39.63421875,-0.174561402681,0,0.030471683306
wannier_stark,12,39.94265625,-0.172999276204,0,0.029928749567
wannier_stark,12,40.25109375,-0.166999864619,0,0.0278889547827
wannier_stark,12,40.55953125,-0.156700750329,0,0.0245551251538
wannier_stark,12,40.86796875,-0.140129865473,0,0.0196363791974
wannier_stark,12,41.17640625,-0.122954631712,0,0.0151178414593
wannier_stark,12,41.48484375,-0.107183014941,0,0.0114881986918
wannier_stark,12,41.79328125,-0.0926212712351,0,0.0085786998852
wannier_stark,12,42.10171875,-0.0790931906172,0,0.00625573280201
wannier_stark,12,42.41015625,-0.0664376891456,0,0.00441396653901
wannier_stark,12,42.71859375,-0.0545066560308,0,0.00297097555166
wannier_stark,12,43.02703125,-0.0445042217012,0,0.00198062574923
wannier_stark,12,43.33546875,-0.0346580590761,0,0.00120118105892
wannier_stark,12,43.64390625,-0.0238857416683,0,0.000570528655044
wannier_stark,12,43.95234375,-0.0124728032243,0,0.000155570820271
wannier_stark,12,44.26078125,-0.000724124140195,0,5.24355770413e-07
wannier_stark,12,44.56921875,0.0110441174522,0,0.000121972530297
wannier_stark,12,44.87765625,0.0225129199279,0,0.00050683156368
wannier_stark,12,45.18609375,0.0333691326627,0,0.00111349901466
wannier_stark,12,45.49453125,0.0433140952713,0,0.00187611084917
wannier_stark,12,45.80296875,0.0520720019708,0,0.00271149338925
wannier_stark,12,46.11140625,0.0593977539502,0,0.00352809317432
wannier_stark,12,46.41984375,0.065084071861,0,0.00423593641001
wannier_stark,12,46.72828125,0.0689676564415,0,0.00475653763503
wannier_stark,12,47.03671875,0.070934207577,0,0.00503166180457
wannier_stark,12,47.34515625,0.0709221403382,0,0.00502994999016
wannier_stark,12,47.65359375,0.0689248700705,0,0.00475063771423
wannier_stark,12,47.96203125,0.064991576626,0,0.00422390503233
wannier_stark,12,48.27046875,0.0592263993623,0,0.00350776638142
wannier_stark,12,48.57890625,0.0517860584633,0,0.00268179585116
wannier_stark,12,48.88734375,0.0428759432785,0,0.00183834651202
wannier_stark,12,49.19578125,0.0327447534234,0,0.00107221887676
wannier_stark,12,49.50421875,0.0216778220344,0,0.000469927968155
wannier_stark,12,49.81265625,0.00998929149629,0,9.97859445978e-05
wannier_stark,12,50.12109375,-0.00198665111228,0,3.94678264194e-06
wannier_stark,12,50.42953125,-0.0139052398839,0,0.000193355696229
wannier_stark,12,50.73796875,-0.0254210328389,0,0.000646228910597
wannier_stark,12,51.04640625,-0.0361979689142,0,0.00131029295351
wannier_stark,12,51.35484375,-0.0459192862277,0,0.00210858084766
wannier_stark,12,51.66328125,-0.0542970068343,0,0.00294816495116
wannier_stark,12,51.97171875,-0.0610807001058,0,0.00373085192541
wannier_stark,12,52.28015625,-0.0660652525636,0,0.00436461759629
wannier_stark,12,52.58859375,-0.0690973962239,0,0.00477445016493
wannier_stark,12,52.89703125,-0.0700807797744,0,0.00491131569379
wannier_stark,12,53.20546875,-0.0689794064282,0,0.00475815851119
wannier_stark,12,53.51390625,-0.0658193080788,0,0.00433218131598
wannier_stark,12,53.82234375,-0.0606883761752,0,0.00368307900278
wannier_stark,12,54.13078125,-0.0537343241328,0,0.00288737759001
wannier_stark,12,54.43921875,-0.0451608125048,0,0.0020394989861
wannier_stark,12,54.74765625,-0.0352218248819,0,0.00124057694801
wannier_stark,12,55.05609375,-0.0242144378206,0,0.000586338998968
wannier_stark,12,55.36453125,-0.0124701802636,0,0.000155505395807
wannier_stark,12,55.67296875,-0.000345225209341,0,1.19180445164e-07
wannier_stark,12,55.98140625,0.0117903027874,0,0.000139011239818
wannier_stark,12,56.28984375,0.0235635877944,0,0.000555242669746
wannier_stark,12,56.59828125,0.0346106101149,0,0.00119789433253
wannier_stark,12,56.90671875,0.0445875074603,0,0.00198804582152
wannier_stark,12,57.21515625,0.0531814530078,0,0.00282826694403
wannier_stark,12,57.52359375,0.0601207020451,0,0.0036144988144
wannier_stark,12,57.83203125,0.0651834784835,0,0.00424888586721
wannier_stark,12,58.14046875,0.0682054029655,0,0.00465197699368
wannier_stark,12,58.44890625,0.0690852048876,0,0.00477276553437
wannier_stark,12,58.75734375,0.0677885103802,0,0.00459528213957
wannier_stark,12,59.06578125,0.0643495557396,0,0.00414086532389
wannier_stark,12,59.37421875,0.0580223405522,0,0.00336659200316
wannier_stark,12,59.68265625,0.0510715491254,0,0.00260830313007
wannier_stark,12,59.99109375,0.044312120013,0,0.00196356398005
wannier_stark,12,60.29953125,0.037713062333,0,0.00142227507053
wannier_stark,12,60.60796875,0.0312456729986,0,0.000976292081137
wannier_stark,12,60.91640625,0.024883378682,0,0.000619182534633
wannier_stark,12,61.22484375,0.0186015993448,0,0.000346019498183
wannier_stark,12,61.53328125,0.0123776315482,0,0.000153205762743
wannier_stark,12,61.84171875,0.00619054992333,0,3.83229083532e-05
wannier_stark,12,62.15015625,2.1125318834e-05,0,4.46279095837e-10
wannier_stark,12,62.45859375,-0.00614824173098,0,3.78008763825e-05
wannier_stark,12,62.76703125,-0.0116022593238,0,0.000134612421416
wannier_stark,12,63.07546875,-0.0159435874995,0,0.000254197982355
wannier_stark,12,63.38390625,-0.019759281659,0,0.000390429211679
wannier_stark,12,63.69234375,-0.0229216163053,0,0.000525400494045
wannier_stark,12,64.00078125,-0.0253237889154,0,0.000641294285033
wannier_stark,12,64.30921875,-0.0268836635964,0,0.000722731368367
wannier_stark,12,64.61765625,-0.0275467335852,0,0.000758822531214
wannier_stark,12,64.92609375,-0.027288191442,0,0.000744645392178
wannier_stark,12,65.23453125,-0.0261140239933,0,0.000681942249124
wannier_stark,12,65.54296875,-0.0240610806846,0,0.000578935603713
wannier_stark,12,65.85140625,-0.0211960980122,0,0.000449274570944
wannier_stark,12,66.15984375,-0.0176136979924,0,0.000310242356969
wannier_stark,12,66.46828125,-0.0134334140271,0,0.000180456612423
wannier_stark,12,66.77671875,-0.00879583180232,0,7.73666570948e-05
wannier_stark,12,67.08515625,-0.00385796481396,0,1.48838925057e-05
wannier_stark,12,67.39359375,0.00121198742578,0,1.46891352026e-06
wannier_stark,12,67.70203125,0.00624032654023,0,3.89416753287e-05
wannier_stark,12,68.01046875,0.0110537974365,0,0.000122186437767
wannier_stark,12,68.31890625,0.0154855829516,0,0.000239803279349
wannier_stark,12,68.62734375,0.0193811432014,0,0.000375628711794
wannier_stark,12,68.93578125,0.0226036937202,0,0.000510926969795
wannier_stark,12,69.24421875,0.0250391256358,0,0.000626957812607
wannier_stark,12,69.55265625,0.026600187406,0,0.000707569970035
wannier_stark,12,69.86109375,0.0272297706134,0,0.000741460407656
wannier_stark,12,70.16953125,0.0269031713349,0,0.000723780627875
wannier_stark,12,70.47796875,0.0254319624057,0,0.000646784711805
wannier_stark,12,70.78640625,0.0237450064953,0,0.000563825333462
wannier_stark,12,71.09484375,0.0220377646168,0,0.000485663069307
wannier_stark,12,71.40328125,0.020308878596,0,0.000412450549826
wannier_stark,12,71.71171875,0.0185574506982,0,0.000344378976417
wannier_stark,12,72.02015625,0.016783053039,0,0.000281670869311
wannier_stark,12,72.32859375,0.0149857368117,0,0.00022457230779
wannier_stark,12,72.63703125,0.0133811902362,0,0.000179056252138
wannier_stark,12,72.94546875,0.0115101551452,0,0.000132483671467
wannier_stark,12,73.25390625,0.00922370441289,0,8.50767230963e-05
wannier_stark,12,73.56234375,0.00660345871894,0,4.36056670527e-05
wannier_stark,12,73.87078125,0.00374359723016,0,1.40145202217e-05
wannier_stark,12,74.17921875,0.00074752871059,0,5.58799173156e-07
wannier_stark,12,74.48765625,-0.00227581084237,0,5.17931499023e-06
wannier_stark,12,74.79609375,-0.00521590310982,0,2.7205645251e-05
wannier_stark,12,75.10453125,-0.00796469292176,0,6.3436333338e-05
wannier_stark,12,75.41296875,-0.0104205862885,0,0.000108588618595
wannier_stark,12,75.72140625,-0.0124922523757,0,0.000156056369419
wannier_stark,12,76.02984375,-0.0141020857141,0,0.000198868821488
wannier_stark,12,76.33828125,-0.0151891953,0,0.000230711653863
wannier_stark,12,76.64671875,-0.0157118028026,0,0.000246860747307
wannier_stark,12,76.95515625,-0.0156489523572,0,0.000244889709878
wannier_stark,12,77.26359375,-0.0150014587431,0,0.000225043764421
wannier_stark,12,77.57203125,-0.0137920482671,0,0.000190220595402
wannier_stark,12,77.88046875,-0.0120646764408,0,0.000145556417622
wannier_stark,12,78.18890625,-0.0098830374501,0,9.76744292401e-05
wannier_stark,12,78.49734375,-0.0073283113264,0,5.37041468967e-05
wannier_stark,12,78.80578125,-0.00449622445309,0,2.02160343325e-05
wannier_stark,12,79.11421875,-0.00149352641488,0,2.23062115195e-06
wannier_stark,12,79.42265625,0.00156598987604,0,2.45232429187e-06
wannier_stark,12,79.73109375,0.00456577836133,0,2.08463320448e-05
wannier_stark,12,80.03953125,0.00739097971303,0,5.46265811185e-05
wannier_stark,12,80.34796875,0.0099328420427,0,9.86613510453e-05
wannier_stark,12,80.65640625,0.0120929517173,0,0.000146239481236
wannier_stark,12,80.96484375,0.0137871082841,0,0.000190084354836
wannier_stark,12,81.27328125,0.0149486887778,0,0.000223463296175
wannier_stark,12,81.58171875,0.0155313641874,0,0.000241223273522
wannier_stark,12,81.89015625,0.015511054043,0,0.000240592797526
wannier_stark,12,82.19859375,0.0148870331445,0,0.000221623755847
wannier_stark,12,82.50703125,0.0136821363934,0,0.000187200856289
wannier_stark,12,82.81546875,0.0119420423188,0,0.000142612374743
wannier_stark,12,83.12390625,0.00973365189718,0,9.47439792554e-05
wannier_stark,12,83.43234375,0.00714261525192,0,5.1016952637e-05
wannier_stark,12,83.74078125,0.00427009334637,0,1.82336971867e-05
wannier_stark,12,84.04921875,0.00122887345862,0,1.5101299773e-06
wannier_stark,12,84.35765625,-0.00186101528656,0,3.46337789683e-06
wannier_stark,12,84.66609375,-0.00487701792938,0,2.37853038835e-05
wannier_stark,12,84.97453125,-0.00769891706823,0,5.92733240234e-05
wannier_stark,12,85.28296875,-0.0102136508311,0,0.0001043186633
wannier_stark,12,85.59140625,-0.0123198915909,0,0.000151779728811
wannier_stark,12,85.89984375,-0.0139321983611,0,0.000194106151174
wannier_stark,12,86.20828125,-0.0149845702621,0,0.00022453734594
wannier_stark,12,86.51671875,-0.0154332501444,0,0.00023818521002
wannier_stark,12,86.82515625,-0.0152586556602,0,0.000232826572558
wannier_stark,12,87.13359375,-0.0144663487525,0,0.000209275246228
wannier_stark,12,87.44203125,-0.0130869924243,0,0.000171269370713
wannier_stark,12,87.75046875,-0.0111752842783,0,0.000124886978701
wannier_stark,12,88.05890625,-0.00880789806265,0,7.75790682821e-05
wannier_stark,12,88.36734375,-0.00608050563205,0,3.69725487414e-05
wannier_stark,12,88.67578125,-0.00310399061277,0,9.63475772419e-06
wannier_stark,13,-59.06578125,9.86795131299e-17,0,9.73764631156e-33
wannier_stark,13,-58.75734375,2.04894501544e-16,0,4.1981756763e-32
wannier_stark,13,-58.44890625,3.26729684714e-16,0,1.06752286874e-31
wannier_stark,13,-58.14046875,4.73431444622e-16,0,2.24137332757e-31
wannier_stark,13,-57.83203125,6.56104373493e-16,0,4.30472948917e-31
wannier_stark,13,-57.52359375,8.8854404301e-16,0,7.89510516369e-31
wannier_stark,13,-57.21515625,1.18826786815e-15,0,1.41198052647e-30
wannier_stark,13,-56.90671875,1.57782027534e-15,0,2.48951682127e-30
wannier_stark,13,-56.59828125,2.08644829548e-15,0,4.3532664897e-30
wannier_stark,13,-56.28984375,2.75227060934e-15,0,7.57499350704e-30
wannier_stark,13,-55.98140625,3.62509890205e-15,0,1.31413420496e-29
wannier_stark,13,-55.67296875,4.63473798307e-15,0,2.14807961718e-29
wannier_stark,13,-55.36453125,5.61316985821e-15,0,3.15076758571e-29
wannier_stark,13,-55.05609375,6.7172181426e-15,0,4.51210195752e-29
wannier_stark,13,-54.74765625,7.97093466155e-15,0,6.35357993787e-29
wannier_stark,13,-54.43921875,9.40147594753e-15,0,8.8387749992e-29
wannier_stark,13,-54.13078125,1.1039659204e-14,0,1.21874075341e-28
wannier_stark,13,-53.82234375,1.29205881613e-14,0,1.66941598433e-28
wannier_stark,13,-53.51390625,1.50843607385e-14,0,2.2753793889e-28
wannier_stark,13,-53.20546875,1.75768718429e-14,0,3.08946423782e-28
wannier_stark,13,-52.89703125,2.04507262862e-14,0,4.18232205633e-28
wannier_stark,13,-52.58859375,2.37662787073e-14,0,5.64836003595e-28
wannier_stark,13,-52.28015625,2.75928195861e-14,0,7.61363692713e-28
wannier_stark,13,-51.97171875,3.20099289505e-14,0,1.02463555142e-27
wannier_stark,13,-51.66328125,3.71090222588e-14,0,1.377079533e-27
wannier_stark,13,-51.35484375,4.29951162201e-14,0,1.84858001878e-27
wannier_stark,13,-51.04640625,4.97888460558e-14,0,2.47892919157e-27
wannier_stark,13,-50.73796875,5.76287699527e-14,0,3.32107512626e-27
wannier_stark,13,-50.42953125,6.66740012841e-14,0,4.44542244724e-27
wannier_stark,13,-50.12109375,7.71072146508e-14,0,5.94552255121e-27
wannier_stark,13,-49.81265625,8.91380779951e-14,0,7.94559694867e-27
wannier_stark,13,-49.50421875,1.03007170071e-13,0,1.0610477086e-26
wannier_stark,13,-49.19578125,1.18990450502e-13,0,1.41587273106e-26
wannier_stark,13,-48.88734375,1.37404358656e-13,0,1.88799577777e-26
wannier_stark,13,-48.57890625,1.58611627731e-13,0,2.51576484515e-26
wannier_stark,13,-48.27046875,1.83027911924e-13,0,3.34992165431e-26
wannier_stark,13,-47.96203125,2.15480864264e-13,0,4.6432002864e-26
wannier_stark,13,-47.65359375,2.67748648053e-13,0,7.16893385341e-26
wannier_stark,13,-47.34515625,3.39196347462e-13,0,1.15054162132e-25
wannier_stark,13,-47.03671875,4.3489869565e-13,0,1.89136875478e-25
wannier_stark,13,-46.72828125,5.61643420074e-13,0,3.15443331312e-25
wannier_stark,13,-46.41984375,7.28405571916e-13,0,5.30574677199e-25
wannier_stark,13,-46.11140625,9.46973953823e-13,0,8.96759669219e-25
wannier_stark,13,-45.80296875,1.19898169895e-12,0,1.43755711441e-24
wannier_stark,13,-45.49453125,1.44040303151e-12,0,2.07476089317e-24
wannier_stark,13,-45.18609375,1.70956077709e-12,0,2.92259805058e-24
wannier_stark,13,-44.87765625,2.01147100441e-12,0,4.04601560156e-24
wannier_stark,13,-44.56921875,2.35172153767e-12,0,5.53059419074e-24
wannier_stark,13,-44.26078125,2.73656833102e-12,0,7.48880623035e-24
wannier_stark,13,-43.95234375,3.17304226631e-12,0,1.00681972238e-23
wannier_stark,13,-43.64390625,3.66906805273e-12,0,1.34620603755e-23
wannier_stark,13,-43.33546875,4.23359707011e-12,0,1.7923344152e-23
wannier_stark,13,-43.02703125,4.8767561869e-12,0,2.37827509065e-23
wannier_stark,13,-42.71859375,5.61001480148e-12,0,3.14722660728e-23
wannier_stark,13,-42.41015625,6.44637260291e-12,0,4.15557197355e-23
wannier_stark,13,-42.10171875,7.40057082845e-12,0,5.47684485869e-23
wannier_stark,13,-41.79328125,8.48933011229e-12,0,7.20687257554e-23
wannier_stark,13,-41.48484375,9.73161837715e-12,0,9.47043962386e-23
wannier_stark,13,-41.17640625,1.11489526216e-11,0,1.2429914456e-22
wannier_stark,13,-40.86796875,1.27657389056e-11,0,1.62964089807e-22
wannier_stark,13,-40.55953125,1.46096553391e-11,0,2.13442029127e-22
wannier_stark,13,-40.25109375,1.67120834411e-11,0,2.79293732942e-22
wannier_stark,13,-39.94265625,1.91085938636e-11,0,3.65138359446e-22
wannier_stark,13,-39.63421875,2.18394931725e-11,0,4.76963462033e-22
wannier_stark,13,-39.32578125,2.49504391564e-11,0,6.22524414097e-22
wannier_stark,13,-39.01734375,2.84931330007e-11,0,8.11858628196e-22
wannier_stark,13,-38.70890625,3.25260976251e-11,0,1.05794702672e-21
wannier_stark,13,-38.40046875,3.71155525523e-11,0,1.37756424126e-21
wannier_stark,13,-38.09203125,4.23363968623e-11,0,1.79237049929e-21
wannier_stark,13,-37.78359375,4.82733131025e-11,0,2.33031275789e-21
wannier_stark,13,-37.47515625,5.50220064809e-11,0,3.02742119718e-21
wannier_stark,13,-37.16671875,6.26905952885e-11,0,3.93011073763e-21
wannier_stark,13,-36.85828125,7.14011702803e-11,0,5.0981271174e-21
wannier_stark,13,-36.54984375,8.1291542726e-11,0,6.60831491877e-21
wannier_stark,13,-36.24140625,9.25172030251e-11,0,8.55943285559e-21
wannier_stark,13,-35.93296875,1.05253514198e-10,0,1.10783022509e-20
wannier_stark,13,-35.62453125,1.19698167224e-10,0,1.43276512367e-20
wannier_stark,13,-35.31609375,1.36073928151e-10,0,1.85161139225e-20
wannier_stark,13,-35.00765625,1.54631710123e-10,0,2.39109657756e-20
wannier_stark,13,-34.69921875,1.75654007056e-10,0,3.08543301949e-20
wannier_stark,13,-34.39078125,1.99458729624e-10,0,3.97837848233e-20
wannier_stark,13,-34.08234375,2.26403488525e-10,0,5.12585396162e-20
wannier_stark,13,-33.77390625,2.56890374764e-10,0,6.59926646465e-20
wannier_stark,13,-33.46546875,2.91371291907e-10,0,8.48972297474e-20
wannier_stark,13,-33.15703125,3.3035390097e-10,0,1.09133699886e-19
wannier_stark,13,-32.84859375,3.74408244929e-10,0,1.40181533871e-19
wannier_stark,13,-32.54015625,4.24174126676e-10,0,1.79923689741e-19
wannier_stark,13,-32.23171875,4.80369321831e-10,0,2.30754685356e-19
wannier_stark,13,-31.92328125,5.43798716039e-10,0,2.95717043566e-19
wannier_stark,13,-31.61484375,6.15364465429e-10,0,3.78673425313e-19
wannier_stark,13,-31.30640625,6.96077288749e-10,0,4.84523591912e-19
wannier_stark,13,-30.99796875,7.87069010475e-10,0,6.1947762725e-19
wannier_stark,13,-30.68953125,8.89606485913e-10,0,7.91399699778e-19
wannier_stark,13,-30.38109375,1.00510705211e-09,0,1.0102401862e-18
wannier_stark,13,-30.07265625,1.13515566234e-09,0,1.28857837775e-18
wannier_stark,13,-29.76421875,1.28152387706e-09,0,1.64230344747e-18
wannier_stark,13,-29.45578125,1.47168971219e-09,0,2.16587060895e-18
wannier_stark,13,-29.14734375,1.78167945763e-09,0,3.17438168973e-18
wannier_stark,13,-28.83890625,2.20563477167e-09,0,4.86482474599e-18
wannier_stark,13,-28.53046875,2.77039215217e-09,0,7.67507267683e-18
wannier_stark,13,-28.22203125,3.51165016936e-09,0,1.2331686912e-17
wannier_stark,13,-27.91359375,4.47618525641e-09,0,2.00362344497e-17
wannier_stark,13,-27.60515625,5.72475218381e-09,0,3.2772787566e-17
wannier_stark,13,-27.29671875,7.33584581383e-09,0,5.38146338043e-17
wannier_stark,13,-26.98828125,9.4105529389e-09,0,8.85585066159e-17
wannier_stark,13,-26.67984375,1.20787888749e-08,0,1.45897140684e-16
wannier_stark,13,-26.37140625,1.55072969198e-08,0,2.40476257759e-16
wannier_stark,13,-26.06296875,1.93893596704e-08,0,3.75947268428e-16
wannier_stark,13,-25.75453125,2.30050405801e-08,0,5.29231892091e-16
wannier_stark,13,-25.44609375,2.69200235485e-08,0,7.24687667851e-16
wannier_stark,13,-25.13765625,3.11826164958e-08,0,9.72355571524e-16
wannier_stark,13,-24.82921875,3.58448178774e-08,0,1.28485096867e-15
wannier_stark,13,-24.52078125,4.0962876206e-08,0,1.67795722707e-15
wannier_stark,13,-24.21234375,4.65978829104e-08,0,2.17136269173e-15
wannier_stark,13,-23.90390625,5.28164038824e-08,0,2.78957251907e-15
wannier_stark,13,-23.59546875,5.96911551952e-08,0,3.56303400853e-15
wannier_stark,13,-23.28703125,6.73017286506e-08,0,4.52952267935e-15
wannier_stark,13,-22.97859375,7.57353730291e-08,0,5.73584672785e-15
wannier_stark,13,-22.67015625,8.50878371643e-08,0,7.23994003329e-15
wannier_stark,13,-22.36171875,9.54642812522e-08,0,9.11342899501e-15
wannier_stark,13,-22.05328125,1.06980263126e-07,0,1.14447766985e-14
wannier_stark,13,-21.74484375,1.1976280658e-07,0,1.434312984e-14
wannier_stark,13,-21.43640625,1.33951559214e-07,0,1.79430202159e-14
wannier_stark,13,-21.12796875,1.49700047685e-07,0,2.24101042768e-14
wannier_stark,13,-20.81953125,1.67177038698e-07,0,2.79481622678e-14
wannier_stark,13,-20.51109375,1.86568014552e-07,0,3.48076240541e-14
wannier_stark,13,-20.20265625,2.08076772547e-07,0,4.32959432735e-14
wannier_stark,13,-19.89421875,2.31927158092e-07,0,5.37902066607e-14
wannier_stark,13,-19.58578125,2.58364941931e-07,0,6.67524432189e-14
wannier_stark,13,-19.27734375,2.87659852435e-07,0,8.27481907031e-14
wannier_stark,13,-18.96890625,3.20107774566e-07,0,1.02468987337e-13
wannier_stark,13,-18.66046875,3.56033127684e-07,0,1.26759588009e-13
wannier_stark,13,-18.35203125,4.01948038631e-07,0,1.6156222576e-13
wannier_stark,13,-18.04359375,4.77932161455e-07,0,2.28419150954e-13
wannier_stark,13,-17.73515625,5.82288238082e-07,0,3.39059592208e-13
wannier_stark,13,-17.42671875,7.21136836175e-07,0,5.20038336489e-13
wannier_stark,13,-17.11828125,9.02610643315e-07,0,8.14705973425e-13
wannier_stark,13,-16.80984375,1.13732091149e-06,0,1.29349885571e-12
wannier_stark,13,-16.50140625,1.438965614e-06,0,2.07062203828e-12
wannier_stark,13,-16.19296875,1.77945778961e-06,0,3.16647002499e-12
wannier_stark,13,-15.88453125,2.0920622099e-06,0,4.37672429007e-12
wannier_stark,13,-15.57609375,2.42535172439e-06,0,5.88233098699e-12
wannier_stark,13,-15.26765625,2.78238501711e-06,0,7.74166638346e-12
wannier_stark,13,-14.95921875,3.16638585139e-06,0,1.00259993599e-11
wannier_stark,13,-14.65078125,3.58076704925e-06,0,1.2821892661e-11
wannier_stark,13,-14.34234375,4.02915500801e-06,0,1.62340900786e-11
wannier_stark,13,-14.03390625,4.51541489204e-06,0,2.03889716473e-11
wannier_stark,13,-13.72546875,5.04367662998e-06,0,2.54386739478e-11
wannier_stark,13,-13.41703125,5.61836184008e-06,0,3.15659897661e-11
wannier_stark,13,-13.10859375,6.24421179979e-06,0,3.89901810006e-11
wannier_stark,13,-12.80015625,6.92631656907e-06,0,4.7973861215e-11
wannier_stark,13,-12.49171875,7.67014537122e-06,0,5.88311300157e-11
wannier_stark,13,-12.18328125,8.48157832858e-06,0,7.19371709439e-11
wannier_stark,13,-11.87484375,9.36693964487e-06,0,8.77395583107e-11
wannier_stark,13,-11.56640625,1.03330323196e-05,0,1.06771556917e-10
wannier_stark,13,-11.25796875,1.13871744736e-05,0,1.29667742491e-10
wannier_stark,13,-10.94953125,1.25372373582e-05,0,1.57182320576e-10
wannier_stark,13,-10.64109375,1.37916851133e-05,0,1.90210578263e-10
wannier_stark,13,-10.33265625,1.51596163305e-05,0,2.29813967288e-10
wannier_stark,13,-10.02421875,1.66508074722e-05,0,2.77249389476e-10
wannier_stark,13,-9.71578125,1.8275758183e-05,0,3.34003337162e-10
wannier_stark,13,-9.40734375,2.00457385246e-05,0,4.01831632998e-10
wannier_stark,13,-9.09890625,2.19728381508e-05,0,4.828056164e-10
wannier_stark,13,-8.79046875,2.40700174259e-05,0,5.79365738885e-10
wannier_stark,13,-8.48203125,2.63511604803e-05,0,6.9438365866e-10
wannier_stark,13,-8.17359375,2.88311301754e-05,0,8.31234067193e-10
wannier_stark,13,-7.86515625,3.15258249391e-05,0,9.93877638088e-10
wannier_stark,13,-7.55671875,3.445223741e-05,0,1.18695666256e-09
wannier_stark,13,-7.24828125,3.76285148127e-05,0,1.41590512701e-09
wannier_stark,13,-6.93984375,4.1074020959e-05,0,1.68707519774e-09
wannier_stark,13,-6.63140625,4.48093997528e-05,0,2.00788230621e-09
wannier_stark,13,-6.32296875,4.88566400439e-05,0,2.38697127638e-09
wannier_stark,13,-6.01453125,5.32391416536e-05,0,2.83440620401e-09
wannier_stark,13,-5.70609375,5.79817823605e-05,0,3.3618870857e-09
wannier_stark,13,-5.39765625,6.3110985606e-05,0,3.98299650415e-09
wannier_stark,13,-5.08921875,6.86547886424e-05,0,4.71348000354e-09
wannier_stark,13,-4.78078125,7.46429108111e-05,0,5.57156413435e-09
wannier_stark,13,-4.47234375,8.11068215969e-05,0,6.57831650955e-09
wannier_stark,13,-4.16390625,8.80798080679e-05,0,7.75805258928e-09
wannier_stark,13,-3.85546875,9.55970412606e-05,0,9.13879429779e-09
wannier_stark,13,-3.54703125,0.000103695641029,0,1.07527859684e-08
wannier_stark,13,-3.23859375,0.000112414738824,0,1.26370735049e-08
wannier_stark,13,-2.93015625,0.000121795537829,0,1.48341530351e-08
wannier_stark,13,-2.62171875,0.000131881369804,0,1.73926957014e-08
wannier_stark,13,-2.31328125,0.000142717747968,0,2.0368355585e-08
wannier_stark,13,-2.00484375,0.000154352415163,0,2.38246680666e-08
wannier_stark,13,-1.69640625,0.000166835386508,0,2.78340461914e-08
wannier_stark,13,-1.38796875,0.000180218985684,0,3.2478882801e-08
wannier_stark,13,-1.07953125,0.000194557873925,0,3.7852766306e-08
wannier_stark,13,-0.77109375,0.000209909070755,0,4.40618179852e-08
wannier_stark,13,-0.46265625,0.000226331965427,0,5.12261585739e-08
wannier_stark,13,-0.15421875,0.000243888317963,0,5.9481511639e-08
wannier_stark,13,0.15421875,0.00026554630883,0,7.05148421331e-08
wannier_stark,13,0.46265625,0.00030386976746,0,9.2336835576e-08
wannier_stark,13,0.77109375,0.00035790183193,0,1.28093721299e-07
wannier_stark,13,1.07953125,0.000430389955625,0,1.85235513903e-07
wannier_stark,13,1.38796875,0.000525017151585,0,2.75643009458e-07
wannier_stark,13,1.69640625,0.000646583897579,0,4.18070736609e-07
wannier_stark,13,2.00484375,0.000801245354482,0,6.41994118079e-07
wannier_stark,13,2.31328125,0.000996815295257,0,9.93640732858e-07
wannier_stark,13,2.62171875,0.00124315135742,0,1.54542529746e-06
wannier_stark,13,2.93015625,0.00155264013005,0,2.41069137344e-06
wannier_stark,13,3.23859375,0.00194080534978,0,3.76672540574e-06
wannier_stark,13,3.54703125,0.00236957569925,0,5.61488899446e-06
wannier_stark,13,3.85546875,0.00274971392641,0,7.56092667711e-06
wannier_stark,13,4.16390625,0.00313986576345,0,9.85875701248e-06
wannier_stark,13,4.47234375,0.00354114560512,0,1.25397121966e-05
wannier_stark,13,4.78078125,0.00395463004955,0,1.56390988288e-05
wannier_stark,13,5.08921875,0.00438135824579,0,1.9196300078e-05
wannier_stark,13,5.39765625,0.00482233169926,0,2.32548830177e-05
wannier_stark,13,5.70609375,0.0052785135529,0,2.78627053282e-05
wannier_stark,13,6.01453125,0.00575082736015,0,3.30720153263e-05
wannier_stark,13,6.32296875,0.00624015536479,0,3.89395389767e-05
wannier_stark,13,6.63140625,0.00674733630205,0,4.55265471729e-05
wannier_stark,13,6.93984375,0.00727316273521,0,5.28988961728e-05
wannier_stark,13,7.24828125,0.00781837794159,0,6.11270336376e-05
wannier_stark,13,7.55671875,0.00838367236265,0,7.02859622843e-05
wannier_stark,13,7.86515625,0.00896967963336,0,8.04551527251e-05
wannier_stark,13,8.17359375,0.00957697220729,0,9.17183966592e-05
wannier_stark,13,8.48203125,0.0102060565951,0,0.000104163591223
wannier_stark,13,8.79046875,0.0108573682361,0,0.000117882445015
wannier_stark,13,9.09890625,0.0115312660239,0,0.000132970096115
wannier_stark,13,9.40734375,0.0122280265108,0,0.000149524632349
wannier_stark,13,9.71578125,0.0129478378163,0,0.000167646504116
wannier_stark,13,10.02421875,0.0136907932701,0,0.000187437820364
wannier_stark,13,10.33265625,0.0144568848213,0,0.000209001518736
wannier_stark,13,10.64109375,0.0152459962496,0,0.000232440401642
wannier_stark,13,10.94953125,0.016057896218,0,0.000257856030947
wannier_stark,13,11.25796875,0.0170214286064,0,0.000289729031804
wannier_stark,13,11.56640625,0.0189179397556,0,0.000357888444595
wannier_stark,13,11.87484375,0.0217053708528,0,0.000471123123858
wannier_stark,13,12.18328125,0.0255122187258,0,0.000650873304311
wannier_stark,13,12.49171875,0.0305140154045,0,0.000931105136106
wannier_stark,13,12.80015625,0.0369411364227,0,0.0013646475602
wannier_stark,13,13.10859375,0.0450890741343,0,0.00203302460629
wannier_stark,13,13.41703125,0.0541206051929,0,0.00292903990645
wannier_stark,13,13.72546875,0.061974484095,0,0.00384083667884
wannier_stark,13,14.03390625,0.0698605171017,0,0.00488049184971
wannier_stark,13,14.34234375,0.0777759780571,0,0.00604910276273
wannier_stark,13,14.65078125,0.0857166111417,0,0.00734733742562
wannier_stark,13,14.95921875,0.0936766212952,0,0.00877530937727
wannier_stark,13,15.26765625,0.101648666102,0,0.0103324513203
wannier_stark,13,15.57609375,0.109623849891,0,0.012017388465
wannier_stark,13,15.88453125,0.117591720808,0,0.0138278128026
wannier_stark,13,16.19296875,0.12554027161,0,0.0157603597959
wannier_stark,13,16.50140625,0.133455944955,0,0.0178104892438
wannier_stark,13,16.80984375,0.141323643928,0,0.019972372333
wannier_stark,13,17.11828125,0.149126748569,0,0.0222387871388
wannier_stark,13,17.42671875,0.156847139138,0,0.0246010250557
wannier_stark,13,17.73515625,0.164465226841,0,0.0270488108397
wannier_stark,13,18.04359375,0.171959992737,0,0.029570239102
wannier_stark,13,18.35203125,0.1793090355,0,0.0321517302121
wannier_stark,13,18.66046875,0.186488628697,0,0.0347780086331
wannier_stark,13,18.96890625,0.19347378818,0,0.0374321067126
wannier_stark,13,19.27734375,0.200238350191,0,0.0400953968871
wannier_stark,13,19.58578125,0.206755060666,0,0.0427476551111
wannier_stark,13,19.89421875,0.212995676217,0,0.0453671580871
wannier_stark,13,20.20265625,0.218931077161,0,0.0479308165471
wannier_stark,13,20.51109375,0.224531392929,0,0.0504143464104
wannier_stark,13,20.81953125,0.229766140047,0,0.0527924791122
wannier_stark,13,21.12796875,0.234604372855,0,0.0550392117629
wannier_stark,13,21.43640625,0.239014846951,0,0.0571280970629
wannier_stark,13,21.74484375,0.242966195295,0,0.0590325720563
wannier_stark,13,22.05328125,0.246427116764,0,0.0607263238765
wannier_stark,13,22.36171875,0.249366576797,0,0.0621836896236
wannier_stark,13,22.67015625,0.251754019685,0,0.0633800864276
wannier_stark,13,22.97859375,0.253559591855,0,0.0642924666215
wannier_stark,13,23.28703125,0.254754375398,0,0.0648997917845
wannier_stark,13,23.59546875,0.255310630906,0,0.0651835182538
wannier_stark,13,23.90390625,0.255202048523,0,0.0651280855702
wannier_stark,13,24.21234375,0.254404005964,0,0.0647213982506
wannier_stark,13,24.52078125,0.252893832087,0,0.0639552903077
wannier_stark,13,24.82921875,0.250651074414,0,0.062825961105
wannier_stark,13,25.13765625,0.247657768866,0,0.0613343704797
wannier_stark,13,25.44609375,0.243898709783,0,0.0594865806337
wannier_stark,13,25.75453125,0.239361718162,0,0.0572940321213
wannier_stark,13,26.06296875,0.234037905879,0,0.0547737413883
wannier_stark,13,26.37140625,0.227921933529,0,0.0519484077835
wannier_stark,13,26.67984375,0.221012259372,0,0.0488464187927
wannier_stark,13,26.98828125,0.213311376776,0,0.0455017434619
wannier_stark,13,27.29671875,0.204826037415,0,0.041953705603
wannier_stark,13,27.60515625,0.195567457424,0,0.0382466304034
wannier_stark,13,27.91359375,0.185551503626,0,0.034429360498
wannier_stark,13,28.22203125,0.174798856916,0,0.0305546403792
wannier_stark,13,28.53046875,0.163335149868,0,0.0266783711824
wannier_stark,13,28.83890625,0.151191075646,0,0.0228587413549
wannier_stark,13,29.14734375,0.13840246533,0,0.0191552424095
wannier_stark,13,29.45578125,0.125010330865,0,0.0156275828231
wannier_stark,13,29.76421875,0.108900786631,0,0.0118593813289
wannier_stark,13,30.07265625,0.0949385052739,0,0.00901331978365
wannier_stark,13,30.38109375,0.084719187304,0,0.00717734069745
wannier_stark,13,30.68953125,0.0778291065098,0,0.00605736982011
wannier_stark,13,30.99796875,0.0739875535896,0,0.00547415808617
wannier_stark,13,31.30640625,0.0730346002248,0,0.00533405283
wannier_stark,13,31.61484375,0.0749237067221,0,0.00561356182898
wannier_stark,13,31.92328125,0.0797188093197,0,0.00635508855936
wannier_stark,13,32.23171875,0.0875957020932,0,0.0076730070252
wannier_stark,13,32.54015625,0.0988476961062,0,0.00977086702551
wannier_stark,13,32.84859375,0.113895701648,0,0.0129722308538
wannier_stark,13,33.15703125,0.131008444001,0,0.0171632123997
wannier_stark,13,33.46546875,0.145089098968,0,0.0210508466392
wannier_stark,13,33.77390625,0.158338843364,0,0.0250711893178
wannier_stark,13,34.08234375,0.17066634504,0,0.0291270013294
wannier_stark,13,34.39078125,0.18198314737,0,0.0331178659266
wannier_stark,13,34.69921875,0.192204471729,0,0.0369425589526
wannier_stark,13,35.00765625,0.201250032013,0,0.0405015753853
wannier_stark,13,35.31609375,0.209044854322,0,0.0436997511186
wannier_stark,13,35.62453125,0.215520094457,0,0.0464489111147
wannier_stark,13,35.93296875,0.220613845386,0,0.0486704687761
wannier_stark,13,36.24140625,0.224271926449,0,0.0502978969931
wannier_stark,13,36.54984375,0.226448645682,0,0.0512789891313
wannier_stark,13,36.85828125,0.227107526406,0,0.0515778285501
wannier_stark,13,37.16671875,0.226221988972,0,0.0511763882945
wannier_stark,13,37.47515625,0.223775978489,0,0.0500756885487
wannier_stark,13,37.78359375,0.219764529287,0,0.0482964483329
wannier_stark,13,38.09203125,0.214194257002,0,0.0458791797327
wannier_stark,13,38.40046875,0.207083769312,0,0.0428836875124
wannier_stark,13,38.70890625,0.198463986693,0,0.0393879540142
wannier_stark,13,39.01734375,0.188378364973,0,0.0354864083899
wannier_stark,13,39.32578125,0.176883011997,0,0.0312875999333
wannier_stark,13,39.63421875,0.164046691427,0,0.0269113169681
wannier_stark,13,39.94265625,0.149950707445,0,0.0224852146631
wannier_stark,13,40.25109375,0.134688665106,0,0.0181410365081
wannier_stark,13,40.55953125,0.118366102096,0,0.0140105341253
wannier_stark,13,40.86796875,0.0984263182956,0,0.00968774013322
wannier_stark,13,41.17640625,0.0792530288432,0,0.00628104258082
wannier_stark,13,41.48484375,0.0628396360721,0,0.00394881986168
wannier_stark,13,41.79328125,0.0486065305003,0,0.00236259480727
wannier_stark,13,42.10171875,0.0360536670241,0,0.00129986690589
wannier_stark,13,42.41015625,0.0247425071459,0,0.000612191659865
wannier_stark,13,42.71859375,0.0142803273012,0,0.000203927747831
wannier_stark,13,43.02703125,0.00548558082499,0,3.00915969875e-05
wannier_stark,13,43.33546875,-0.00217791314214,0,4.74330565471e-06
wannier_stark,13,43.64390625,-0.00982213309612,0,9.64742985579e-05
wannier_stark,13,43.95234375,-0.0173784709722,0,0.00030201125333
wannier_stark,13,44.26078125,-0.0247776216028,0,0.00061393053229
wannier_stark,13,44.56921875,-0.0319502420715,0,0.00102081796843
wannier_stark,13,44.87765625,-0.0388276384691,0,0.00150758550909
wannier_stark,13,45.18609375,-0.0453424736585,0,0.00205593991747
wannier_stark,13,45.49453125,-0.0514294890528,0,0.00264499234423
wannier_stark,13,45.80296875,-0.0570262328647,0,0.00325199123474
wannier_stark,13,46.11140625,-0.0620737867994,0,0.00385315500762
wannier_stark,13,46.41984375,-0.0665174827513,0,0.00442457551158
wannier_stark,13,46.72828125,-0.0703076007401,0,0.00494315872183
wannier_stark,13,47.03671875,-0.0734000390845,0,0.00538756573761
wannier_stark,13,47.34515625,-0.0757569476852,0,0.00573911512258
wannier_stark,13,47.65359375,-0.0773473152667,0,0.00598260717896
wannier_stark,13,47.96203125,-0.078147501529,0,0.00610703199522
wannier_stark,13,48.27046875,-0.0781417053832,0,0.0061061261202
wannier_stark,13,48.57890625,-0.0773223608001,0,0.0059787474797
wannier_stark,13,48.88734375,-0.0756904522858,0,0.00572904456723
wannier_stark,13,49.19578125,-0.0732557426212,0,0.00536640382698
wannier_stark,13,49.50421875,-0.0700369062545,0,0.0049051682377
wannier_stark,13,49.81265625,-0.0660615626234,0,0.00436413005625
wannier_stark,13,50.12109375,-0.0613662046941,0,0.00376581107855
wannier_stark,13,50.42953125,-0.0559960191393,0,0.00313555415945
wannier_stark,13,50.73796875,-0.050004595821,0,0.00250045960322
wannier_stark,13,51.04640625,-0.0434535255849,0,0.00188820888576
wannier_stark,13,51.35484375,-0.0364118868102,0,0.00132582550108
wannier_stark,13,51.66328125,-0.0289556226544,0,0.000838428083306
wannier_stark,13,51.97171875,-0.0211668124939,0,0.000448033951153
wannier_stark,13,52.28015625,-0.0131328426478,0,0.000172471556011
wannier_stark,13,52.58859375,-0.00494548307692,0,2.44578028641e-05
wannier_stark,13,52.89703125,0.00330012165638,0,1.08908029469e-05
wannier_stark,13,53.20546875,0.0115065373262,0,0.000132400401239
wannier_stark,13,53.51390625,0.019575189534,0,0.000383188045292
wannier_stark,13,53.82234375,0.0274075649961,0,0.000751174619017
wannier_stark,13,54.13078125,0.034906450567,0,0.00121846029119
wannier_stark,13,54.43921875,0.0419771947711,0,0.00176208488085
wannier_stark,13,54.74765625,0.0485289756127,0,0.00235506147402
wannier_stark,13,55.05609375,0.0544760576164,0,0.00296764085343
wannier_stark,13,55.36453125,0.0597390204432,0,0.00356875056352
wannier_stark,13,55.67296875,0.0642459410514,0,0.00412754094158
wannier_stark,13,55.98140625,0.067933511244,0,0.00461496194994
wannier_stark,13,56.28984375,0.0707480725836,0,0.0050052897743
wannier_stark,13,56.59828125,0.0726465510695,0,0.00527752138229
wannier_stark,13,56.90671875,0.0735972746751,0,0.00541655883961
wannier_stark,13,57.21515625,0.0735806578362,0,0.00541411320761
wannier_stark,13,57.52359375,0.0725897382612,0,0.00526927010083
wannier_stark,13,57.83203125,0.0706305530074,0,0.00498867501813
wannier_stark,13,58.14046875,0.0677223426094,0,0.0045863156885
wannier_stark,13,58.44890625,0.0638975741538,0,0.00408289998274
wannier_stark,13,58.75734375,0.0592017765447,0,0.00350485034605
wannier_stark,13,59.06578125,0.0536931837651,0,0.00288295798283
wannier_stark,13,59.37421875,0.0464742128255,0,0.00215985245775
wannier_stark,13,59.68265625,0.0395552209224,0,0.00156461550222
wannier_stark,13,59.99109375,0.033710354146,0,0.00113638797665
wannier_stark,13,60.29953125,0.0287765860561,0,0.000828091905043
wannier_stark,13,60.60796875,0.0246168923689,0,0.000605991389902
wannier_stark,13,60.91640625,0.0211162332417,0,0.000445895306316
wannier_stark,13,61.22484375,0.0181781913604,0,0.000330446641134
wannier_stark,13,61.53328125,0.0157221626373,0,0.000247186397994
wannier_stark,13,61.84171875,0.0136810134848,0,0.000187170129972
wannier_stark,13,62.15015625,0.0119991330384,0,0.000143979193674
wannier_stark,13,62.45859375,0.0106308208207,0,0.000113014351323
wannier_stark,13,62.76703125,0.00966805514379,0,9.34712902634e-05
wannier_stark,13,63.07546875,0.00868938353836,0,7.55053862767e-05
wannier_stark,13,63.38390625,0.00757954144031,0,5.74494484454e-05
wannier_stark,13,63.69234375,0.0063545427752,0,4.03802138819e-05
wannier_stark,13,64.00078125,0.0050323789072,0,2.53248374657e-05
wannier_stark,13,64.30921875,0.00363277549762,0,1.31970578161e-05
wannier_stark,13,64.61765625,0.00217691548318,0,4.73896102092e-06
wannier_stark,13,64.92609375,0.00068713164501,0,4.72149897575e-07
wannier_stark,13,65.23453125,-0.000813427122195,0,6.61663683123e-07
wannier_stark,13,65.54296875,-0.0023011511358,0,5.29529654982e-06
wannier_stark,13,65.85140625,-0.00375234160286,0,1.40800675046e-05
wannier_stark,13,66.15984375,-0.00514359293733,0,2.6456548305e-05
wannier_stark,13,66.46828125,-0.00645217961613,0,4.16306217988e-05
wannier_stark,13,66.77671875,-0.00765644117579,0,5.86210914783e-05
wannier_stark,13,67.08515625,-0.00873615875532,0,7.63204697982e-05
wannier_stark,13,67.39359375,-0.00967291650387,0,9.35653136908e-05
wannier_stark,13,67.70203125,-0.0104504412002,0,0.000109211721279
wannier_stark,13,68.01046875,-0.0110549135806,0,0.000122211114274
wannier_stark,13,68.31890625,-0.0114752451434,0,0.0001316812511
wannier_stark,13,68.62734375,-0.0117033145959,0,0.000136967572531
wannier_stark,13,68.93578125,-0.0117341586259,0,0.000137690478657
wannier_stark,13,69.24421875,-0.0115661123162,0,0.00013377495411
wannier_stark,13,69.55265625,-0.0112008952685,0,0.000125460054816
wannier_stark,13,69.86109375,-0.0106436403501,0,0.000113287079903
wannier_stark,13,70.16953125,-0.00990286291571,0,9.80666939274e-05
wannier_stark,13,70.47796875,-0.00884906906736,0,7.8306023359e-05
wannier_stark,13,70.78640625,-0.00785468613773,0,6.16960943223e-05
wannier_stark,13,71.09484375,-0.00703745628506,0,4.95257909641e-05
wannier_stark,13,71.40328125,-0.00637804838575,0,4.0679501211e-05
wannier_stark,13,71.71171875,-0.00586085936408,0,3.43496724855e-05
wannier_stark,13,72.02015625,-0.00547360775104,0,2.99603818123e-05
wannier_stark,13,72.32859375,-0.00520700843719,0,2.71129368649e-05
wannier_stark,13,72.63703125,-0.00507254870298,0,2.57307503441e-05
wannier_stark,13,72.94546875,-0.00486419985124,0,2.36604401928e-05
wannier_stark,13,73.25390625,-0.00456723329303,0,2.0859619953e-05
wannier_stark,13,73.56234375,-0.00418661355581,0,1.75277330657e-05
wannier_stark,13,73.87078125,-0.00372890347907,0,1.39047211562e-05
wannier_stark,13,74.17921875,-0.00320216721985,0,1.02538749039e-05
wannier_stark,13,74.48765625,-0.0026158427588,0,6.84263333878e-06
wannier_stark,13,74.79609375,-0.00198058555917,0,3.92271915719e-06
wannier_stark,13,75.10453125,-0.00130808564819,0,1.711088063e-06
wannier_stark,13,75.41296875,-0.000610860984258,0,3.73151142089e-07
wannier_stark,13,75.72140625,9.79694691335e-05,0,9.5980168823e-09
wannier_stark,13,76.02984375,0.000804929033117,0,6.47910748354e-07
wannier_stark,13,76.33828125,0.00149643859034,0,2.23932845467e-06
wannier_stark,13,76.64671875,0.00215907909884,0,4.66162255505e-06
wannier_stark,13,76.95515625,0.0027798563028,0,7.72760106421e-06
wannier_stark,13,77.26359375,0.00334646240379,0,1.119881062e-05
wannier_stark,13,77.57203125,0.00384752936039,0,1.4803482179e-05
wannier_stark,13,77.88046875,0.00427286849577,0,1.82574051821e-05
wannier_stark,13,78.18890625,0.00461369121532,0,2.12861466303e-05
wannier_stark,13,78.49734375,0.00486280587153,0,2.36468809442e-05
wannier_stark,13,78.80578125,0.00501478616066,0,2.51480802371e-05
wannier_stark,13,79.11421875,0.00506610689167,0,2.56654390378e-05
wannier_stark,13,79.42265625,0.00501524352776,0,2.51526676427e-05
wannier_stark,13,79.73109375,0.00486273255518,0,2.36461679032e-05
wannier_stark,13,80.03953125,0.00461119047382,0,2.12630775858e-05
wannier_stark,13,80.34796875,0.00426529001517,0,1.81926989135e-05
wannier_stark,13,80.65640625,0.00383169306189,0,1.46818717205e-05
wannier_stark,13,80.96484375,0.00331894065111,0,1.10153670456e-05
wannier_stark,13,81.27328125,0.00273730137424,0,7.49281881343e-06
wannier_stark,13,81.58171875,0.00209858041746,0,4.40403976856e-06
wannier_stark,13,81.89015625,0.00141589240087,0,2.00475129084e-06
wannier_stark,13,82.19859375,0.000703402047777,0,4.94774440817e-07
wannier_stark,13,82.50703125,-2.39624708444e-05,0,5.74200008968e-10
wannier_stark,13,82.81546875,-0.000750817939692,0,5.63727578564e-07
wannier_stark,13,83.12390625,-0.00146165004095,0,2.13642084221e-06
wannier_stark,13,83.43234375,-0.00214114611177,0,4.58450667193e-06
wannier_stark,13,83.74078125,-0.00277452961493,0,7.69801458411e-06
wannier_stark,13,84.04921875,-0.00334788898844,0,1.12083606789e-05
wannier_stark,13,84.35765625,-0.00384849346598,0,1.48109019577e-05
wannier_stark,13,84.66609375,-0.004265088552,0,1.81909803564e-05
wannier_stark,13,84.97453125,-0.00458816409666,0,2.10512497779e-05
wannier_stark,13,85.28296875,-0.00481018834587,0,2.31379119227e-05
wannier_stark,13,85.59140625,-0.00492580193784,0,2.42635247308e-05
wannier_stark,13,85.89984375,-0.00493196657014,0,2.4324294249e-05
wannier_stark,13,86.20828125,-0.00482806395955,0,2.33102015975e-05
wannier_stark,13,86.51671875,-0.00461594174384,0,2.13069181825e-05
wannier_stark,13,86.82515625,-0.00429990411147,0,1.84891753679e-05
wannier_stark,13,87.13359375,-0.00388664616771,0,1.51060184329e-05
wannier_stark,13,87.44203125,-0.00338513232883,0,1.14591208837e-05
wannier_stark,13,87.75046875,-0.00280642035119,0,7.8759951876e-06
wannier_stark,13,88.05890625,-0.00216343391785,0,4.68044631691e-06
wannier_stark,13,88.36734375,-0.00147068799196,0,2.1629231697e-06
wannier_stark,13,88.67578125,-0.000743972370225,0,5.53494887658e-07
wannier_stark,14,-59.06578125,-1.4381640158e-16,0,2.06831573634e-32
wannier_stark,14,-58.75734375,-2.98519706563e-16,0,8.91140152064e-32
wannier_stark,14,-58.44890625,-4.75782802349e-16,0,2.26369275011e-31
wannier_stark,14,-58.14046875,-6.88941039699e-16,0,4.74639756181e-31
wannier_stark,14,-57.83203125,-9.53987955344e-16,0,9.1009301894e-31
wannier_stark,14,-57.52359375,-1.29076404258e-15,0,1.66607181361e-30
wannier_stark,14,-57.21515625,-1.72442610132e-15,0,2.97364537891e-30
wannier_stark,14,-56.90671875,-2.28730481219e-15,0,5.23176330385e-30
wannier_stark,14,-56.59828125,-3.02128609356e-15,0,9.12816965911e-30
wannier_stark,14,-56.28984375,-3.98088949081e-15,0,1.58474811381e-29
wannier_stark,14,-55.98140625,-5.23726698438e-15,0,2.74289654657e-29
wannier_stark,14,-55.67296875,-6.68878209082e-15,0,4.47398058585e-29
wannier_stark,14,-55.36453125,-8.09262115124e-15,0,6.54905170975e-29
wannier_stark,14,-55.05609375,-9.67346662881e-15,0,9.35759566187e-29
wannier_stark,14,-54.74765625,-1.14649516472e-14,0,1.31445116274e-28
wannier_stark,14,-54.43921875,-1.3504966898e-14,0,1.82384130917e-28
wannier_stark,14,-54.13078125,-1.58364166454e-14,0,2.50792092166e-28
wannier_stark,14,-53.82234375,-1.85080676429e-14,0,3.42548567876e-28
wannier_stark,14,-53.51390625,-2.15755066695e-14,0,4.65502488045e-28
wannier_stark,14,-53.20546875,-2.51022242064e-14,0,6.30121660108e-28
wannier_stark,14,-52.89703125,-2.91608438912e-14,0,8.50354816446e-28
wannier_stark,14,-52.58859375,-3.38345198226e-14,0,1.14477473162e-27
wannier_stark,14,-52.28015625,-3.92185265952e-14,0,1.5380928283e-27
wannier_stark,14,-51.97171875,-4.5422070153e-14,0,2.06316445698e-27
wannier_stark,14,-51.66328125,-5.25703512102e-14,0,2.76364182637e-27
wannier_stark,14,-51.35484375,-6.08069171591e-14,0,3.6974811744e-27
wannier_stark,14,-51.04640625,-7.02963431175e-14,0,4.9415758557e-27
wannier_stark,14,-50.73796875,-8.12272881429e-14,0,6.59787233905e-27
wannier_stark,14,-50.42953125,-9.38159787256e-14,0,8.80143786424e-27
wannier_stark,14,-50.12109375,-1.08310178564e-13,0,1.17310947805e-26
wannier_stark,14,-49.81265625,-1.24993711411e-13,0,1.56234278922e-26
wannier_stark,14,-49.50421875,-1.4419161259e-13,0,2.07912211412e-26
wannier_stark,14,-49.19578125,-1.66275994702e-13,0,2.76477064142e-26
wannier_stark,14,-48.88734375,-1.91672724275e-13,0,3.67384332309e-26
wannier_stark,14,-48.57890625,-2.20869018721e-13,0,4.87831234306e-26
wannier_stark,14,-48.27046875,-2.54422087245e-13,0,6.47305984782e-26
wannier_stark,14,-47.96203125,-2.98937966657e-13,0,8.93639079087e-26
wannier_stark,14,-47.65359375,-3.70676970526e-13,0,1.37401416478e-25
wannier_stark,14,-47.34515625,-4.68723263069e-13,0,2.19701497342e-25
wannier_stark,14,-47.03671875,-5.9997537171e-13,0,3.59970446658e-25
wannier_stark,14,-46.72828125,-7.73654919988e-13,0,5.98541935222e-25
wannier_stark,14,-46.41984375,-1.0019448264e-12,0,1.00389343514e-24
wannier_stark,14,-46.11140625,-1.30083144052e-12,0,1.69216243665e-24
wannier_stark,14,-45.80296875,-1.64505232549e-12,0,2.70619715359e-24
wannier_stark,14,-45.49453125,-1.97412237004e-12,0,3.8971591319e-24
wannier_stark,14,-45.18609375,-2.3402066285e-12,0,5.47656706407e-24
wannier_stark,14,-44.87765625,-2.7499406935e-12,0,7.56217381774e-24
wannier_stark,14,-44.56921875,-3.21069860724e-12,0,1.03085855465e-23
wannier_stark,14,-44.26078125,-3.73071618445e-12,0,1.39182432489e-23
wannier_stark,14,-43.95234375,-4.31922727838e-12,0,1.86557242823e-23
wannier_stark,14,-43.64390625,-4.98661505786e-12,0,2.48663297353e-23
wannier_stark,14,-43.33546875,-5.74458055619e-12,0,3.30002057665e-23
wannier_stark,14,-43.02703125,-6.60633097615e-12,0,4.36436089665e-23
wannier_stark,14,-42.71859375,-7.58679049187e-12,0,5.75593899675e-23
wannier_stark,14,-42.41015625,-8.7028365797e-12,0,7.57393645329e-23
wannier_stark,14,-42.10171875,-9.97356524104e-12,0,9.94720036174e-23
wannier_stark,14,-41.79328125,-1.14205888521e-11,0,1.30429849728e-22
wannier_stark,14,-41.48484375,-1.30683707935e-11,0,1.70782315195e-22
wannier_stark,14,-41.17640625,-1.49446014823e-11,0,2.23341113465e-22
wannier_stark,14,-40.86796875,-1.70806209515e-11,0,2.91747612088e-22
wannier_stark,14,-40.55953125,-1.95118937064e-11,0,3.80713996011e-22
wannier_stark,14,-40.25109375,-2.22785422411e-11,0,4.96333444388e-22
wannier_stark,14,-39.94265625,-2.54259463178e-11,0,6.46478746155e-22
wannier_stark,14,-39.63421875,-2.90054159224e-11,0,8.41314152833e-22
wannier_stark,14,-39.32578125,-3.30749466995e-11,0,1.09395209917e-21
wannier_stark,14,-39.01734375,-3.77000676629e-11,0,1.42129510179e-21
wannier_stark,14,-38.70890625,-4.29547920774e-11,0,1.84511416242e-21
wannier_stark,14,-38.40046875,-4.89226836223e-11,0,2.39342897281e-21
wannier_stark,14,-38.09203125,-5.56980512939e-11,0,3.10227291794e-21
wannier_stark,14,-37.78359375,-6.33872879936e-11,0,4.01794827918e-21
wannier_stark,14,-37.47515625,-7.21103693888e-11,0,5.19990537339e-21
wannier_stark,14,-37.16671875,-8.20025314522e-11,0,6.72441516457e-21
wannier_stark,14,-36.85828125,-9.32161470839e-11,0,8.68925007718e-21
wannier_stark,14,-36.54984375,-1.05922824429e-10,0,1.1219644735e-20
wannier_stark,14,-36.24140625,-1.20315751932e-10,0,1.44758801629e-20
wannier_stark,14,-35.93296875,-1.36612317847e-10,0,1.86629253875e-20
wannier_stark,14,-35.62453125,-1.55057034865e-10,0,2.40426840613e-20
wannier_stark,14,-35.31609375,-1.75924803751e-10,0,3.09495365747e-20
wannier_stark,14,-35.00765625,-1.9952455343e-10,0,3.98100474215e-20
wannier_stark,14,-34.69921875,-2.26203298891e-10,0,5.11679324291e-20
wannier_stark,14,-34.39078125,-2.56350662495e-10,0,6.57156621615e-20
wannier_stark,14,-34.08234375,-2.9040390902e-10,0,8.43344303744e-20
wannier_stark,14,-33.77390625,-3.28853549867e-10,0,1.0814465726e-19
wannier_stark,14,-33.46546875,-3.72249577468e-10,0,1.38569747925e-19
wannier_stark,14,-33.15703125,-4.21208397095e-10,0,1.77416513783e-19
wannier_stark,14,-32.84859375,-4.76420529942e-10,0,2.2697652135e-19
wannier_stark,14,-32.54015625,-5.38659168696e-10,0,2.9015370002e-19
wannier_stark,14,-32.23171875,-6.08789674766e-10,0,3.70624868102e-19
wannier_stark,14,-31.92328125,-6.87780115062e-10,0,4.73041486675e-19
wannier_stark,14,-31.61484375,-7.76712945653e-10,0,6.03282999945e-19
wannier_stark,14,-31.30640625,-8.7679795996e-10,0,7.6877466259e-19
wannier_stark,14,-30.99796875,-9.89386630302e-10,0,9.7888590422e-19
wannier_stark,14,-30.68953125,-1.11598798379e-09,0,1.24542917997e-18
wannier_stark,14,-30.38109375,-1.25828616676e-09,0,1.58328407745e-18
wannier_stark,14,-30.07265625,-1.4181598661e-09,0,2.01117740581e-18
wannier_stark,14,-29.76421875,-1.5977037716e-09,0,2.55265734179e-18
wannier_stark,14,-29.45578125,-1.83046221669e-09,0,3.35059192672e-18
wannier_stark,14,-29.14734375,-2.21053673649e-09,0,4.88647266337e-18
wannier_stark,14,-28.83890625,-2.73054296863e-09,0,7.45586490356e-18
wannier_stark,14,-28.53046875,-3.42304942279e-09,0,1.17172673509e-17
wannier_stark,14,-28.22203125,-4.33136721957e-09,0,1.87607419907e-17
wannier_stark,14,-27.91359375,-5.51220902668e-09,0,3.03844483538e-17
wannier_stark,14,-27.60515625,-7.03916734734e-09,0,4.95498769438e-17
wannier_stark,14,-27.29671875,-9.00722155657e-09,0,8.11300401692e-17
wannier_stark,14,-26.98828125,-1.15385447469e-08,0,1.33138014876e-16
wannier_stark,14,-26.67984375,-1.47899591061e-08,0,2.18742890359e-16
wannier_stark,14,-26.37140625,-1.89624867669e-08,0,3.59575904386e-16
wannier_stark,14,-26.06296875,-2.36808899414e-08,0,5.60784548418e-16
wannier_stark,14,-25.75453125,-2.80650318282e-08,0,7.8764601152e-16
wannier_stark,14,-25.44609375,-3.28000982872e-08,0,1.07584644765e-15
wannier_stark,14,-25.13765625,-3.7942095546e-08,0,1.43960261442e-15
wannier_stark,14,-24.82921875,-4.35511144767e-08,0,1.89669957216e-15
wannier_stark,14,-24.52078125,-4.96919452418e-08,0,2.46928942191e-15
wannier_stark,14,-24.21234375,-5.64347254084e-08,0,3.18487823192e-15
wannier_stark,14,-23.90390625,-6.38556270256e-08,0,4.07754110283e-15
wannier_stark,14,-23.59546875,-7.20375882452e-08,0,5.18941412019e-15
wannier_stark,14,-23.28703125,-8.10710951886e-08,0,6.57252247508e-15
wannier_stark,14,-22.97859375,-9.1055019925e-08,0,8.29101665355e-15
wannier_stark,14,-22.67015625,-1.02097520621e-07,0,1.04239037169e-14
wannier_stark,14,-22.36171875,-1.14317010142e-07,0,1.30683788079e-14
wannier_stark,14,-22.05328125,-1.27843199658e-07,0,1.63438836988e-14
wannier_stark,14,-21.74484375,-1.42818224055e-07,0,2.03970451223e-14
wannier_stark,14,-21.43640625,-1.59397856312e-07,0,2.54076765968e-14
wannier_stark,14,-21.12796875,-1.77752818279e-07,0,3.15960644062e-14
wannier_stark,14,-20.81953125,-1.98070195696e-07,0,3.92318024232e-14
wannier_stark,14,-20.51109375,-2.20554965624e-07,0,4.86444928614e-14
wannier_stark,14,-20.20265625,-2.45431644879e-07,0,6.02366923078e-14
wannier_stark,14,-19.89421875,-2.72946068454e-07,0,7.44995562844e-14
wannier_stark,14,-19.58578125,-3.03367307333e-07,0,9.20317231582e-14
wannier_stark,14,-19.27734375,-3.36989735527e-07,0,1.13562081851e-13
wannier_stark,14,-18.96890625,-3.74135256618e-07,0,1.39977190245e-13
wannier_stark,14,-18.66046875,-4.15155700505e-07,0,1.72354255662e-13
wannier_stark,14,-18.35203125,-4.67446997024e-07,0,2.18506695026e-13
wannier_stark,14,-18.04359375,-5.54249181066e-07,0,3.07192154712e-13
wannier_stark,14,-17.73515625,-6.7358627516e-07,0,4.53718470084e-13
wannier_stark,14,-17.42671875,-8.32377377608e-07,0,6.92852098754e-13
wannier_stark,14,-17.11828125,-1.03981698023e-06,0,1.08121935238e-12
wannier_stark,14,-16.80984375,-1.30789603932e-06,0,1.71059204966e-12
wannier_stark,14,-16.50140625,-1.65208107103e-06,0,2.72937186525e-12
wannier_stark,14,-16.19296875,-2.04015337109e-06,0,4.16222577758e-12
wannier_stark,14,-15.88453125,-2.39552814089e-06,0,5.73855507379e-12
wannier_stark,14,-15.57609375,-2.7733756374e-06,0,7.69161242613e-12
wannier_stark,14,-15.26765625,-3.17696983944e-06,0,1.00931373607e-11
wannier_stark,14,-14.95921875,-3.60974748552e-06,0,1.30302769093e-11
wannier_stark,14,-14.65078125,-4.07533177037e-06,0,1.66083290386e-11
wannier_stark,14,-14.34234375,-4.57755637613e-06,0,2.09540223766e-11
wannier_stark,14,-14.03390625,-5.12048996124e-06,0,2.62194174432e-11
wannier_stark,14,-13.72546875,-5.70846121951e-06,0,3.25865294947e-11
wannier_stark,14,-13.41703125,-6.34608461273e-06,0,4.02727899119e-11
wannier_stark,14,-13.10859375,-7.03828687127e-06,0,4.95374820823e-11
wannier_stark,14,-12.80015625,-7.79033434861e-06,0,6.06893092631e-11
wannier_stark,14,-12.49171875,-8.60786130714e-06,0,7.4095276283e-11
wannier_stark,14,-12.18328125,-9.49689920486e-06,0,9.01910945073e-11
wannier_stark,14,-11.87484375,-1.04639070435e-05,0,1.09493350615e-10
wannier_stark,14,-11.56640625,-1.15158028307e-05,0,1.32613714835e-10
wannier_stark,14,-11.25796875,-1.26599961997e-05,0,1.60275503778e-10
wannier_stark,14,-10.94953125,-1.39044222214e-05,0,1.93332957311e-10
wannier_stark,14,-10.64109375,-1.52575764314e-05,0,2.3279363856e-10
wannier_stark,14,-10.33265625,-1.67285510892e-05,0,2.79844421542e-10
wannier_stark,14,-10.02421875,-1.83270726694e-05,0,3.35881592631e-10
wannier_stark,14,-9.71578125,-2.00635405786e-05,0,4.0254566055e-10
wannier_stark,14,-9.40734375,-2.19490670736e-05,0,4.817615454e-10
wannier_stark,14,-9.09890625,-2.39955183474e-05,0,5.7578490076e-10
wannier_stark,14,-8.79046875,-2.62155567317e-05,0,6.87255414751e-10
wannier_stark,14,-8.48203125,-2.86226839481e-05,0,8.19258036394e-10
wannier_stark,14,-8.17359375,-3.12312853261e-05,0,9.75393183119e-10
wannier_stark,14,-7.86515625,-3.40566748827e-05,0,1.15985710406e-09
wannier_stark,14,-7.55671875,-3.71151411436e-05,0,1.37753370211e-09
wannier_stark,14,-7.24828125,-4.04239935598e-05,0,1.63409925533e-09
wannier_stark,14,-6.93984375,-4.40016093541e-05,0,1.93614162576e-09
wannier_stark,14,-6.63140625,-4.78674806054e-05,0,2.2912956995e-09
wannier_stark,14,-6.32296875,-5.20422613537e-05,0,2.70839696681e-09
wannier_stark,14,-6.01453125,-5.65478144827e-05,0,3.19765532277e-09
wannier_stark,14,-5.70609375,-6.14072581033e-05,0,3.77085134777e-09
wannier_stark,14,-5.39765625,-6.66450111375e-05,0,4.44155750952e-09
wannier_stark,14,-5.08921875,-7.22868377637e-05,0,5.22538691388e-09
wannier_stark,14,-4.78078125,-7.83598903557e-05,0,6.14027241656e-09
wannier_stark,14,-4.47234375,-8.48927505098e-05,0,7.20677908912e-09
wannier_stark,14,-4.16390625,-9.191546772e-05,0,8.4484532062e-09
wannier_stark,14,-3.85546875,-9.94595952233e-05,0,9.89221108198e-09
wannier_stark,14,-3.54703125,-0.000107558222498,0,1.15687712269e-08
wannier_stark,14,-3.23859375,-0.00011624600386,0,1.35131334134e-08
wannier_stark,14,-2.93015625,-0.000125559182561,0,1.57651083254e-08
wannier_stark,14,-2.62171875,-0.000135535609754,0,1.83699015114e-08
wannier_stark,14,-2.31328125,-0.000146214757644,0,2.1378755353e-08
wannier_stark,14,-2.00484375,-0.000157637726114,0,2.48496526944e-08
wannier_stark,14,-1.69640625,-0.000169847242059,0,2.88480856351e-08
wannier_stark,14,-1.38796875,-0.000182887650643,0,3.34478927577e-08
wannier_stark,14,-1.07953125,-0.000196804897628,0,3.87321677304e-08
wannier_stark,14,-0.77109375,-0.000211646501916,0,4.47942417735e-08
wannier_stark,14,-0.46265625,-0.000227461517389,0,5.17387418928e-08
wannier_stark,14,-0.15421875,-0.000244300483105,0,5.96827260454e-08
wannier_stark,14,0.15421875,-0.000264989493094,0,7.021943145e-08
wannier_stark,14,0.46265625,-0.000302009471088,0,9.12097206269e-08
wannier_stark,14,0.77109375,-0.00035444162248,0,1.25628863746e-07
wannier_stark,14,1.07953125,-0.000424916367066,0,1.80553919e-07
wannier_stark,14,1.38796875,-0.000516966860627,0,2.67254734986e-07
wannier_stark,14,1.69640625,-0.000635201026248,0,4.03480343746e-07
wannier_stark,14,2.00484375,-0.000785526077447,0,6.1705121835e-07
wannier_stark,14,2.31328125,-0.000975436160663,0,9.51475703529e-07
wannier_stark,14,2.62171875,-0.00121437674517,0,1.47471087922e-06
wannier_stark,14,2.93015625,-0.00151420301586,0,2.29281077324e-06
wannier_stark,14,3.23859375,-0.00188975394584,0,3.5711699758e-06
wannier_stark,14,3.54703125,-0.00230402119382,0,5.30851366159e-06
wannier_stark,14,3.85546875,-0.00267018934173,0,7.12991112069e-06
wannier_stark,14,4.16390625,-0.00304472957174,0,9.270378165e-06
wannier_stark,14,4.47234375,-0.00342851907955,0,1.17547430789e-05
wannier_stark,14,4.78078125,-0.00382238915334,0,1.46106588396e-05
wannier_stark,14,5.08921875,-0.00422712482884,0,1.78685843186e-05
wannier_stark,14,5.39765625,-0.00464346409306,0,2.15617587835e-05
wannier_stark,14,5.70609375,-0.00507209665692,0,2.57261644972e-05
wannier_stark,14,6.01453125,-0.0055136623168,0,3.04004721437e-05
wannier_stark,14,6.32296875,-0.00596874892436,0,3.5625963722e-05
wannier_stark,14,6.63140625,-0.00643788998432,0,4.14464274503e-05
wannier_stark,14,6.93984375,-0.00692156190018,0,4.7908019138e-05
wannier_stark,14,7.24828125,-0.00742018088824,0,5.50590844142e-05
wannier_stark,14,7.55671875,-0.00793409958167,0,6.29499361719e-05
wannier_stark,14,7.86515625,-0.00846360334715,0,7.16325816179e-05
wannier_stark,14,8.17359375,-0.00900890633829,0,8.1160393412e-05
wannier_stark,14,8.48203125,-0.00957014731168,0,9.15877195672e-05
wannier_stark,14,8.79046875,-0.0101473852333,0,0.000102969427074
wannier_stark,14,9.09890625,-0.0107405947053,0,0.000115360374624
wannier_stark,14,9.40734375,-0.011349661245,0,0.000128814810375
wannier_stark,14,9.71578125,-0.0119743764508,0,0.000143385691386
wannier_stark,14,10.02421875,-0.0126144330936,0,0.000159123922272
wannier_stark,14,10.33265625,-0.0132694201705,0,0.000176077511662
wannier_stark,14,10.64109375,-0.0139388179681,0,0.000194290646348
wannier_stark,14,10.94953125,-0.014621993177,0,0.000213802684467
wannier_stark,14,11.25796875,-0.0154260013424,0,0.000237961517415
wannier_stark,14,11.56640625,-0.0170560302027,0,0.000290908166274
wannier_stark,14,11.87484375,-0.0194779844477,0,0.000379391878145
wannier_stark,14,12.18328125,-0.0228018278459,0,0.000519923353114
wannier_stark,14,12.49171875,-0.0271785499528,0,0.000738673577535
wannier_stark,14,12.80015625,-0.032806772964,0,0.00107628435231
wannier_stark,14,13.10859375,-0.039941468645,0,0.00159532091752
wannier_stark,14,13.41703125,-0.0478453451,0,0.00228917704773
wannier_stark,14,13.72546875,-0.0546946810864,0,0.00299150813914
wannier_stark,14,14.03390625,-0.0615447021527,0,0.00378775036307
wannier_stark,14,14.34234375,-0.0683894879835,0,0.00467712206665
wannier_stark,14,14.65078125,-0.0752217822396,0,0.0056583165233
wannier_stark,14,14.95921875,-0.0820329961242,0,0.00672941245311
wannier_stark,14,15.26765625,-0.0888132152854,0,0.00788778720933
wannier_stark,14,15.57609375,-0.0955512107012,0,0.00913003386647
wannier_stark,14,15.88453125,-0.102234454188,0,0.0104518836231
wannier_stark,14,16.19296875,-0.108849139164,0,0.0118481350968
wannier_stark,14,16.50140625,-0.115380207285,0,0.0133125922332
wannier_stark,14,16.80984375,-0.121811381553,0,0.014838012676
wannier_stark,14,17.11828125,-0.128125206478,0,0.0164160685351
wannier_stark,14,17.42671875,-0.134303095843,0,0.018037321553
wannier_stark,14,17.73515625,-0.140325388591,0,0.0196912146833
wannier_stark,14,18.04359375,-0.146171413325,0,0.0213660820734
wannier_stark,14,18.35203125,-0.15181956184,0,0.0230491793572
wannier_stark,14,18.66046875,-0.157247372091,0,0.0247267360294
wannier_stark,14,18.96890625,-0.162431620917,0,0.0263840314737
wannier_stark,14,19.27734375,-0.167348426786,0,0.0280054959476
wannier_stark,14,19.58578125,-0.171973362751,0,0.029574837496
wannier_stark,14,19.89421875,-0.176281579741,0,0.0310751953559
wannier_stark,14,20.20265625,-0.180247940192,0,0.0324893199434
wannier_stark,14,20.51109375,-0.183847161982,0,0.0337997789687
wannier_stark,14,20.81953125,-0.187053972473,0,0.0349891886179
wannier_stark,14,21.12796875,-0.189843272411,0,0.0360404680798
wannier_stark,14,21.43640625,-0.192190309282,0,0.0369371149819
wannier_stark,14,21.74484375,-0.194070859623,0,0.037663498555
wannier_stark,14,22.05328125,-0.195461419668,0,0.0382051665787
wannier_stark,14,22.36171875,-0.19633940355,0,0.0385491613864
wannier_stark,14,22.67015625,-0.196683348192,0,0.0386843394559
wannier_stark,14,22.97859375,-0.196473123845,0,0.0386016883935
wannier_stark,14,23.28703125,-0.195690149122,0,0.0382946344633
wannier_stark,14,23.59546875,-0.194317609217,0,0.0377593332518
wannier_stark,14,23.90390625,-0.192340675893,0,0.0369949356031
wannier_stark,14,24.21234375,-0.189746727655,0,0.0360038206558
wannier_stark,14,24.52078125,-0.186525568415,0,0.0347917876725
wannier_stark,14,24.82921875,-0.182669642835,0,0.0333681984135
wannier_stark,14,25.13765625,-0.178174246405,0,0.0317460620819
wannier_stark,14,25.44609375,-0.173037728207,0,0.0299420553832
wannier_stark,14,25.75453125,-0.167261684238,0,0.0279764710142
wannier_stark,14,26.06296875,-0.160851139052,0,0.0258730889342
wannier_stark,14,26.37140625,-0.153814713442,0,0.0236589660713
wannier_stark,14,26.67984375,-0.146164775822,0,0.021364141691
wannier_stark,14,26.98828125,-0.137917574917,0,0.0190212574711
wannier_stark,14,27.29671875,-0.129093351407,0,0.0166650933774
wannier_stark,14,27.60515625,-0.119716426118,0,0.0143320226824
wannier_stark,14,27.91359375,-0.109815262464,0,0.0120593918701
wannier_stark,14,28.22203125,-0.0994225008386,0,0.009884833673
wannier_stark,14,28.53046875,-0.0885749627891,0,0.0078455240331
wannier_stark,14,28.83890625,-0.0773136229239,0,0.00597739628963
wannier_stark,14,29.14734375,-0.0656835466316,0,0.0043143282981
wannier_stark,14,29.45578125,-0.0537337918984,0,0.00288732039178
wannier_stark,14,29.76421875,-0.0396255367549,0,0.00157018316311
wannier_stark,14,30.07265625,-0.0251665755504,0,0.000633356524935
wannier_stark,14,30.38109375,-0.0116831218962,0,0.000136495337242
wannier_stark,14,30.68953125,0.00134896349535,0,1.81970251179e-06
wannier_stark,14,30.99796875,0.0144329926197,0,0.00020831127596
wannier_stark,14,31.30640625,0.0280709396572,0,0.000787977653239
wannier_stark,14,31.61484375,0.0427826219589,0,0.00183035274167
wannier_stark,14,31.92328125,0.0591253046304,0,0.00349580164763
wannier_stark,14,32.23171875,0.077714462192,0,0.0060395376338
wannier_stark,14,32.54015625,0.099246459571,0,0.00984985973737
wannier_stark,14,32.84859375,0.124523971196,0,0.0155062194024
wannier_stark,14,33.15703125,0.150942636683,0,0.0227836795688
wannier_stark,14,33.46546875,0.172892770876,0,0.0298919102213
wannier_stark,14,33.77390625,0.193765229631,0,0.0375449642139
wannier_stark,14,34.08234375,0.213411001262,0,0.0455442554596
wannier_stark,14,34.39078125,0.231684885831,0,0.0536778863227
wannier_stark,14,34.69921875,0.248446801853,0,0.061725813351
wannier_stark,14,35.00765625,0.263563115776,0,0.0694655159977
wannier_stark,14,35.31609375,0.276907982813,0,0.0766780309456
wannier_stark,14,35.62453125,0.288364686822,0,0.0831541926058
wannier_stark,14,35.93296875,0.297826966177,0,0.0887009017824
wannier_stark,14,36.24140625,0.305200311877,0,0.0931472303696
wannier_stark,14,36.54984375,0.310403223544,0,0.0963501611863
wannier_stark,14,36.85828125,0.313368408548,0,0.0981997594761
wannier_stark,14,37.16671875,0.314043909127,0,0.0986235768595
wannier_stark,14,37.47515625,0.312394142226,0,0.0975901000971
wannier_stark,14,37.78359375,0.308400836792,0,0.0951110761341
wannier_stark,14,38.09203125,0.302063853384,0,0.091242571521
wannier_stark,14,38.40046875,0.29340187136,0,0.0860846581175
wannier_stark,14,38.70890625,0.282452929437,0,0.0797796573473
wannier_stark,14,39.01734375,0.269274806163,0,0.0725089212339
wannier_stark,14,39.32578125,0.25394522783,0,0.0644881787375
wannier_stark,14,39.63421875,0.236561892503,0,0.0559615289845
wannier_stark,14,39.94265625,0.21724230024,0,0.0471942170135
wannier_stark,14,40.25109375,0.196123381165,0,0.0384643806394
wannier_stark,14,40.55953125,0.173360914842,0,0.030054006795
wannier_stark,14,40.86796875,0.145376365491,0,0.0211342876434
wannier_stark,14,41.17640625,0.118624193147,0,0.0140716991997
wannier_stark,14,41.48484375,0.0959243132212,0,0.00920147386695
wannier_stark,14,41.79328125,0.076489020215,0,0.00585057021346
wannier_stark,14,42.10171875,0.0596470975635,0,0.00355777624775
wannier_stark,14,42.41015625,0.0448198939701,0,0.00200882289549
wannier_stark,14,42.71859375,0.031500857676,0,0.000992304034323
wannier_stark,14,43.02703125,0.0206876910997,0,0.000427980563037
wannier_stark,14,43.33546875,0.0111328956833,0,0.000123941366296
wannier_stark,14,43.64390625,0.00147394017498,0,2.17249963941e-06
wannier_stark,14,43.95234375,-0.00819894945401,0,6.72227721495e-05
wannier_stark,14,44.26078125,-0.0177935289193,0,0.0003166096714
wannier_stark,14,44.56921875,-0.0272164215935,0,0.000740733604354
wannier_stark,14,44.87765625,-0.0363740515214,0,0.00132307162408
wannier_stark,14,45.18609375,-0.0451736148469,0,0.00204065547834
wannier_stark,14,45.49453125,-0.0535240800929,0,0.00286482714979
wannier_stark,14,45.80296875,-0.0613372068737,0,0.00376225294707
wannier_stark,14,46.11140625,-0.0685285718508,0,0.00469616515992
wannier_stark,14,46.41984375,-0.0750185900682,0,0.00562778885582
wannier_stark,14,46.72828125,-0.0807335192526,0,0.00651790113092
wannier_stark,14,47.03671875,-0.0856064342452,0,0.00732846158418
wannier_stark,14,47.34515625,-0.0895781584529,0,0.00802424647182
wannier_stark,14,47.65359375,-0.0925981390991,0,0.00857441536462
wannier_stark,14,47.96203125,-0.0946252531068,0,0.00895393852553
wannier_stark,14,48.27046875,-0.0956285306867,0,0.0091448158813
wannier_stark,14,48.57890625,-0.0955877841302,0,0.00913702447493
wannier_stark,14,48.88734375,-0.0944941299254,0,0.00892914059037
wannier_stark,14,49.19578125,-0.0923503931342,0,0.00852859511204
wannier_stark,14,49.50421875,-0.0891713839805,0,0.00795153572099
wannier_stark,14,49.81265625,-0.0849840378096,0,0.00722228668243
wannier_stark,14,50.12109375,-0.0798274109739,0,0.00637241554279
wannier_stark,14,50.42953125,-0.073752526775,0,0.0054394352057
wannier_stark,14,50.73796875,-0.0668220673372,0,0.00446518868322
wannier_stark,14,51.04640625,-0.0591099091749,0,0.00349398136266
wannier_stark,14,51.35484375,-0.0507005022455,0,0.00257054092794
wannier_stark,14,51.66328125,-0.0416880944098,0,0.00173789721552
wannier_stark,14,51.97171875,-0.0321758054403,0,0.00103528245573
wannier_stark,14,52.28015625,-0.0222745569899,0,0.000496155889096
wannier_stark,14,52.58859375,-0.0121018672324,0,0.000146455190511
wannier_stark,14,52.89703125,-0.00178052117415,0,3.1702556516e-06
wannier_stark,14,53.20546875,0.00856287011962,0,7.33227446855e-05
wannier_stark,14,53.51390625,0.0187994059731,0,0.000353417664942
wannier_stark,14,53.82234375,0.0287995107675,0,0.000829411820448
wannier_stark,14,54.13078125,0.03843460748,0,0.00147721905214
wannier_stark,14,54.43921875,0.0475788290503,0,0.00226374497379
wannier_stark,14,54.74765625,0.0561107450623,0,0.00314841571144
wannier_stark,14,55.05609375,0.0639150800304,0,0.00408513745529
wannier_stark,14,55.36453125,0.0708843986753,0,0.00502459797556
wannier_stark,14,55.67296875,0.0769207330062,0,0.00591679916621
wannier_stark,14,55.98140625,0.0819371258076,0,0.00671369258562
wannier_stark,14,56.28984375,0.0858590652956,0,0.00737177909344
wannier_stark,14,56.59828125,0.0886257862675,0,0.00785452999153
wannier_stark,14,56.90671875,0.090191414038,0,0.00813449116617
wannier_stark,14,57.21515625,0.0905259288408,0,0.00819494379249
wannier_stark,14,57.52359375,0.0896159301697,0,0.00803101494018
wannier_stark,14,57.83203125,0.0874651827424,0,0.00765015819216
wannier_stark,14,58.14046875,0.0840949283642,0,0.00707195697658
wannier_stark,14,58.44890625,0.0795439509371,0,0.00632724013069
wannier_stark,14,58.75734375,0.0738683851687,0,0.00545653832743
wannier_stark,14,59.06578125,0.0671412631423,0,0.00450794921635
wannier_stark,14,59.37421875,0.058261077179,0,0.00339435311406
wannier_stark,14,59.68265625,0.0497410690343,0,0.00247417394867
wannier_stark,14,59.99109375,0.0425387999567,0,0.00180954950175
wannier_stark,14,60.29953125,0.0364580306115,0,0.00132918799607
wannier_stark,14,60.60796875,0.0313337868087,0,0.000981806195771
wannier_stark,14,60.91640625,0.0270276222416,0,0.000730492364033
wannier_stark,14,61.22484375,0.0234236547826,0,0.000548667603376
wannier_stark,14,61.53328125,0.0204252569097,0,0.000417191119829
wannier_stark,14,61.84171875,0.0179523007041,0,0.000322285100572
wannier_stark,14,62.15015625,0.0159388745944,0,0.000254047723334
wannier_stark,14,62.45859375,0.0143314031485,0,0.000205389116206
wannier_stark,14,62.76703125,0.0132342300873,0,0.000175144846004
wannier_stark,14,63.07546875,0.0120789877545,0,0.000145901945174
wannier_stark,14,63.38390625,0.0107352915736,0,0.000115246485171
wannier_stark,14,63.69234375,0.00922305796074,0,8.50647981472e-05
wannier_stark,14,64.00078125,0.00756512797399,0,5.72311612628e-05
wannier_stark,14,64.30921875,0.00578695360742,0,3.34888320544e-05
wannier_stark,14,64.61765625,0.00391623341424,0,1.53368841548e-05
wannier_stark,14,64.92609375,0.00198250204806,0,3.93031437057e-06
wannier_stark,14,65.23453125,1.66792702681e-05,0,2.78198056676e-10
wannier_stark,14,65.54296875,-0.00194941512807,0,3.80021934156e-06
wannier_stark,14,65.85140625,-0.00388357321881,0,1.50821409459e-05
wannier_stark,14,66.15984375,-0.00575372964699,0,3.31054048506e-05
wannier_stark,14,66.46828125,-0.00752850255014,0,5.66783506475e-05
wannier_stark,14,66.77671875,-0.00917773559721,0,8.42308306923e-05
wannier_stark,14,67.08515625,-0.0106730317219,0,0.000113913606136
wannier_stark,14,67.39359375,-0.0119882689481,0,0.000143718592373
wannier_stark,14,67.70203125,-0.013100088697,0,0.000171612323868
wannier_stark,14,68.01046875,-0.0139883471308,0,0.000195673855453
wannier_stark,14,68.31890625,-0.0146365204412,0,0.000214227730625
wannier_stark,14,68.62734375,-0.0150320555144,0,0.000225962692987
wannier_stark,14,68.93578125,-0.0151666581231,0,0.000230027518623
wannier_stark,14,69.24421875,-0.0150365116749,0,0.00022609668335
wannier_stark,14,69.55265625,-0.0146424205997,0,0.000214400481018
wannier_stark,14,69.86109375,-0.0139898736609,0,0.000195716565047
wannier_stark,14,70.16953125,-0.0130890238113,0,0.000171322544332
wannier_stark,14,70.47796875,-0.01177891361,0,0.000138742805831
wannier_stark,14,70.78640625,-0.0105524885378,0,0.000111355014339
wannier_stark,14,71.09484375,-0.00955706484721,0,9.13374884937e-05
wannier_stark,14,71.40328125,-0.008769630497,0,7.6906419054e-05
wannier_stark,14,71.71171875,-0.00817192776731,0,6.67804034342e-05
wannier_stark,14,72.02015625,-0.00774998083494,0,6.00622029419e-05
wannier_stark,14,72.32859375,-0.00749372422736,0,5.61559027957e-05
wannier_stark,14,72.63703125,-0.00740819050399,0,5.48812865434e-05
wannier_stark,14,72.94546875,-0.0071961329124,0,5.17843288929e-05
wannier_stark,14,73.25390625,-0.00684933021565,0,4.69133244031e-05
wannier_stark,14,73.56234375,-0.00637360775197,0,4.0622875776e-05
wannier_stark,14,73.87078125,-0.00577729768874,0,3.33771685843e-05
wannier_stark,14,74.17921875,-0.00507111830977,0,2.57162409117e-05
wannier_stark,14,74.48765625,-0.00426800443945,0,1.82158618951e-05
wannier_stark,14,74.79609375,-0.00338289109733,0,1.14439521764e-05
wannier_stark,14,75.10453125,-0.00243245347945,0,5.91682992967e-06
wannier_stark,14,75.41296875,-0.00143480733657,0,2.05867209307e-06
wannier_stark,14,75.72140625,-0.000409174744685,0,1.67423971688e-07
wannier_stark,14,76.02984375,0.000624478883432,0,3.89973875852e-07
wannier_stark,14,76.33828125,0.00164582993428,0,2.70875617258e-06
wannier_stark,14,76.64671875,0.00263459661506,0,6.94109932409e-06
wannier_stark,14,76.95515625,0.00357094607651,0,1.27516558813e-05
wannier_stark,14,77.26359375,0.00443590047705,0,1.96772130423e-05
wannier_stark,14,77.57203125,0.00521173361098,0,2.71621672318e-05
wannier_stark,14,77.88046875,0.00588234967609,0,3.46020377118e-05
wannier_stark,14,78.18890625,0.00643363588646,0,4.13916707196e-05
wannier_stark,14,78.49734375,0.00685378094712,0,4.69743132711e-05
wannier_stark,14,78.80578125,0.00713355190033,0,5.08875627147e-05
wannier_stark,14,79.11421875,0.00726652252328,0,5.28023495814e-05
wannier_stark,14,79.42265625,0.00724924729664,0,5.25515863679e-05
wannier_stark,14,79.73109375,0.00708137596039,0,5.01458854924e-05
wannier_stark,14,80.03953125,0.00676570481156,0,4.57747615972e-05
wannier_stark,14,80.34796875,0.00630816215789,0,3.97929098103e-05
wannier_stark,14,80.65640625,0.00571772669844,0,3.2692398598e-05
wannier_stark,14,80.96484375,0.00500627903038,0,2.506282973e-05
wannier_stark,14,81.27328125,0.0041883879508,0,1.75425936264e-05
wannier_stark,14,81.58171875,0.003281034702,0,1.07651887158e-05
wannier_stark,14,81.89015625,0.00230327976552,0,5.30509767827e-06
wannier_stark,14,82.19859375,0.00127587820993,0,1.62786520657e-06
wannier_stark,14,82.50703125,0.000220850906421,0,4.87751228669e-08
wannier_stark,14,82.81546875,-0.000838979888572,0,7.03887253429e-07
wannier_stark,14,83.12390625,-0.00188048105513,0,3.53620899869e-06
wannier_stark,14,83.43234375,-0.00288071486231,0,8.29851811793e-06
wannier_stark,14,83.74078125,-0.00381744994398,0,1.45729240748e-05
wannier_stark,14,84.04921875,-0.0046696655894,0,2.18057767168e-05
wannier_stark,14,84.35765625,-0.00541803778959,0,2.93551334894e-05
wannier_stark,14,84.66609375,-0.00604539559272,0,3.65468078725e-05
wannier_stark,14,84.97453125,-0.0065371367031,0,4.27341562751e-05
wannier_stark,14,85.28296875,-0.00688159190951,0,4.7356307209e-05
wannier_stark,14,85.59140625,-0.00707032884309,0,4.99895499495e-05
wannier_stark,14,85.89984375,-0.00709838673062,0,5.03870941775e-05
wannier_stark,14,86.20828125,-0.00696443520562,0,4.85033577332e-05
wannier_stark,14,86.51671875,-0.00667085184344,0,4.45002643171e-05
wannier_stark,14,86.82515625,-0.00622371486412,0,3.87346267099e-05
wannier_stark,14,87.13359375,-0.00563270936226,0,3.17274147597e-05
wannier_stark,14,87.44203125,-0.00491094743515,0,2.41174047108e-05
wannier_stark,14,87.75046875,-0.00407470464205,0,1.660321792e-05
wannier_stark,14,88.05890625,-0.00314307729187,0,9.87893486269e-06
wannier_stark,14,88.36734375,-0.00213756707135,0,4.56919298451e-06
wannier_stark,14,88.67578125,-0.00108160144208,0,1.16986167951e-06
wannier_stark,15,-59.06578125,1.34034026914e-06,1.64144342037e-22,1.79651203707e-12
wannier_stark,15,-58.75734375,2.7470673611e-06,3.36418725081e-22,7.54637908642e-12
wannier_stark,15,-58.44890625,4.28950511546e-06,5.25312870957e-22,1.83998541355e-11
wannier_stark,15,-58.14046875,6.04330481006e-06,7.40091389191e-22,3.65215330273e-11
wannier_stark,15,-57.83203125,8.09411111134e-06,9.91242726444e-22,6.55146346827e-11
wannier_stark,15,-57.52359375,1.05416792094e-05,1.29098337014e-21,1.11127000554e-10
wannier_stark,15,-57.21515625,1.35046380413e-05,1.65384117509e-21,1.82375248626e-10
wannier_stark,15,-56.90671875,1.71261228539e-05,2.09734515348e-21,2.93304084006e-10
wannier_stark,15,-56.59828125,2.15805389849e-05,2.64285379918e-21,4.6571966288e-10
wannier_stark,15,-56.28984375,2.70817692945e-05,3.31656020818e-21,7.33422228122e-10
wannier_stark,15,-55.98140625,3.38932023345e-05,4.15072017519e-21,1.14874916449e-09
wannier_stark,15,-55.67296875,4.1341339735e-05,5.0628539379e-21,1.70910637109e-09
wannier_stark,15,-55.36453125,4.78729786562e-05,5.8627490077e-21,2.29182208542e-09
wannier_stark,15,-55.05609375,5.44951346522e-05,6.67372922209e-21,2.96971970076e-09
wannier_stark,15,-54.74765625,6.1215010584e-05,7.49667667714e-21,3.74727752079e-09
wannier_stark,15,-54.43921875,6.80386825008e-05,8.33233547428e-21,4.62926231644e-09
wannier_stark,15,-54.13078125,7.49710807402e-05,9.18130940571e-21,5.62066294735e-09
wannier_stark,15,-53.82234375,8.20159669374e-05,1.00440591389e-20,6.72661883268e-09
wannier_stark,15,-53.51390625,8.91759074708e-05,1.09208989645e-20,7.95234247324e-09
wannier_stark,15,-53.20546875,9.64522438784e-05,1.18119931736e-20,9.30303534917e-09
wannier_stark,15,-52.89703125,0.000103845060794,1.27173521309e-20,1.07837966513e-08
wannier_stark,15,-52.58859375,0.000111353151964,1.36368281128e-20,1.23995244523e-08
wannier_stark,15,-52.28015625,0.000118973984924,1.45701109819e-20,1.41548090887e-08
wannier_stark,15,-51.97171875,0.000126703664934,1.55167237701e-20,1.60538187077e-08
wannier_stark,15,-51.66328125,0.000134536898787,1.64760182466e-20,1.81001771351e-08
wannier_stark,15,-51.35484375,0.000142466959133,1.74471705486e-20,2.02968344446e-08
wannier_stark,15,-51.04640625,0.000150485649977,1.84291769562e-20,2.2645930849e-08
wannier_stark,15,-50.73796875,0.000158583274031,1.94208498941e-20,2.51486548025e-08
wannier_stark,15,-50.42953125,0.000166748602628,2.04208142471e-20,2.78050964785e-08
wannier_stark,15,-50.12109375,0.000174968848912,2.14275040771e-20,3.06140980896e-08
wannier_stark,15,-49.81265625,0.000183229645054,2.24391598324e-20,3.35731028265e-08
wannier_stark,15,-49.50421875,0.000191515024246,2.34538261431e-20,3.66780045119e-08
wannier_stark,15,-49.19578125,0.000199807408247,2.44693502955e-20,3.99230003903e-08
wannier_stark,15,-48.88734375,0.000208087601255,2.5483381482e-20,4.33004497962e-08
wannier_stark,15,-48.57890625,0.000216334790905,2.64933709226e-20,4.6800741756e-08
wannier_stark,15,-48.27046875,0.000224526557166,2.74965729557e-20,5.04121748727e-08
wannier_stark,15,-47.96203125,0.000233895090719,2.86438874186e-20,5.47069134626e-08
wannier_stark,15,-47.65359375,0.000255028393893,3.12319706273e-20,6.50394816919e-08
wannier_stark,15,-47.34515625,0.000287587158747,3.52192693435e-20,8.27063738761e-08
wannier_stark,15,-47.03671875,0.000332993284752,4.07799160309e-20,1.1088452769e-07
wannier_stark,15,-46.72828125,0.000393232635718,4.81571088652e-20,1.54631905794e-07
wannier_stark,15,-46.41984375,0.000470938320329,5.76733106587e-20,2.21782901554e-07
wannier_stark,15,-46.11140625,0.000569501623542,6.9743834038e-20,3.24332099217e-07
wannier_stark,15,-45.80296875,0.000678587985259,8.31030604088e-20,4.60481653738e-07
wannier_stark,15,-45.49453125,0.000772277401369,9.4576704764e-20,5.96412384665e-07
wannier_stark,15,-45.18609375,0.000865015304153,1.05933822344e-19,7.48251476419e-07
wannier_stark,15,-44.87765625,0.000956603016008,1.17150082161e-19,9.15089330235e-07
wannier_stark,15,-44.56921875,0.00104682540047,1.28199137595e-19,1.09584341907e-06
wannier_stark,15,-44.26078125,0.00113545152701,1.39052707814e-19,1.28925017018e-06
wannier_stark,15,-43.95234375,0.00122223544542,1.49680672604e-19,1.49385948404e-06
wannier_stark,15,-43.64390625,0.00130691707622,1.60051181414e-19,1.7080322441e-06
wannier_stark,15,-43.33546875,0.00138922322267,1.70130777295e-19,1.92994116242e-06
wannier_stark,15,-43.02703125,0.00146886870956,1.79884536353e-19,2.15757528593e-06
wannier_stark,15,-42.71859375,0.00154555765261,1.89276223216e-19,2.38874845753e-06
wannier_stark,15,-42.41015625,0.00161898486188,1.98268462897e-19,2.62111198299e-06
wannier_stark,15,-42.10171875,0.00168883738122,2.0682292932e-19,2.85217170022e-06
wannier_stark,15,-41.79328125,0.00175479616476,2.14900550633e-19,3.07930957985e-06
wannier_stark,15,-41.48484375,0.00181653789012,2.22461731266e-19,3.29980990624e-06
wannier_stark,15,-41.17640625,0.001873736907,2.2946659056e-19,3.51088999664e-06
wannier_stark,15,-40.86796875,0.00192606731789,2.3587521758e-19,3.70973531306e-06
wannier_stark,15,-40.55953125,0.00197320518669,2.41647941594e-19,3.89353870877e-06
wannier_stark,15,-40.25109375,0.00201483086893,2.46745617446e-19,4.05954343038e-06
wannier_stark,15,-39.94265625,0.00205063145617,2.51129924903e-19,4.20508936904e-06
wannier_stark,15,-39.63421875,0.00208030332497,2.54763680818e-19,4.32766192388e-06
wannier_stark,15,-39.32578125,0.00210355477934,2.57611162735e-19,4.42494270969e-06
wannier_stark,15,-39.01734375,0.00212010877379,2.59638442367e-19,4.49486121272e-06
wannier_stark,15,-38.70890625,0.00212970570212,2.60813727123e-19,4.53564637766e-06
wannier_stark,15,-38.40046875,0.00213210623546,2.6110770767e-19,4.54587699928e-06
wannier_stark,15,-38.09203125,0.00212709419112,2.60493909264e-19,4.52452969789e-06
wannier_stark,15,-37.78359375,0.00211447941219,2.589490444e-19,4.47102318457e-06
wannier_stark,15,-37.47515625,0.00209410063591,2.56453364085e-19,4.3852574733e-06
wannier_stark,15,-37.16671875,0.00206582832736,2.52991004869e-19,4.26764667813e-06
wannier_stark,15,-36.85828125,0.00202956745348,2.48550328556e-19,4.11914404823e-06
wannier_stark,15,-36.54984375,0.00198526017075,2.43124251359e-19,3.94125794557e-06
wannier_stark,15,-36.24140625,0.00193288839901,2.36710559095e-19,3.73605756301e-06
wannier_stark,15,-35.93296875,0.00187247625236,2.29312204893e-19,3.50616731566e-06
wannier_stark,15,-35.62453125,0.00180409229758,2.2093758576e-19,3.25474901819e-06
wannier_stark,15,-35.31609375,0.00172785160945,2.11600794291e-19,2.98547118426e-06
wannier_stark,15,-35.00765625,0.00164391759226,2.01321841743e-19,2.70246505015e-06
wannier_stark,15,-34.69921875,0.00155250353657,1.90126848673e-19,2.41026723106e-06
wannier_stark,15,-34.39078125,0.00145387388018,1.78048199372e-19,2.11374925946e-06
wannier_stark,15,-34.08234375,0.00134834514324,1.65124656382e-19,1.81803462531e-06
wannier_stark,15,-33.77390625,0.00123628650791,1.51401431474e-19,1.52840432965e-06
wannier_stark,15,-33.46546875,0.0011181200142,1.36930209646e-19,1.25019236616e-06
wannier_stark,15,-33.15703125,0.000994320345476,1.21769122841e-19,9.88672949428e-07
wannier_stark,15,-32.84859375,0.000865414178823,1.05982670403e-19,7.48941700908e-07
wannier_stark,15,-32.54015625,0.000731979078036,8.9641583496e-20,5.35793370682e-07
wannier_stark,15,-32.23171875,0.000594641909726,7.28226311385e-20,3.53599000803e-07
wannier_stark,15,-31.92328125,0.000454076766353,5.56083658481e-20,2.06185709742e-07
wannier_stark,15,-31.61484375,0.000311002383569,3.80868073565e-20,9.67224825857e-08
wannier_stark,15,-31.30640625,0.000166179043382,2.03510633563e-20,2.76154744593e-08
wannier_stark,15,-30.99796875,2.04049590487e-05,2.49888677857e-21,4.1636235378e-10
wannier_stark,15,-30.68953125,-0.000125487857519,-1.53678303043e-20,1.57472023848e-08
wannier_stark,15,-30.38109375,-0.000270638239912,-3.31436254235e-20,7.32450569028e-08
wannier_stark,15,-30.07265625,-0.000414161011489,-5.07200957052e-20,1.71529343438e-07
wannier_stark,15,-29.76421875,-0.000555152612552,-6.7986587e-20,3.08194423223e-07
wannier_stark,15,-29.45578125,-0.000713996067226,-8.74392998332e-20,5.09790384014e-07
wannier_stark,15,-29.14734375,-0.000920741732111,-1.12758341507e-19,8.4776533725e-07
wannier_stark,15,-28.83890625,-0.00116167634053,-1.42264321207e-19,1.34949192014e-06
wannier_stark,15,-28.53046875,-0.00144559778884,-1.77034670496e-19,2.08975296711e-06
wannier_stark,15,-28.22203125,-0.00178282758122,-2.18333409078e-19,3.17847418437e-06
wannier_stark,15,-27.91359375,-0.00218557364676,-2.67655577081e-19,4.77673216543e-06
wannier_stark,15,-27.60515625,-0.00266835696197,-3.26779481246e-19,7.1201288765e-06
wannier_stark,15,-27.29671875,-0.00324851634168,-3.97828513981e-19,1.05528584221e-05
wannier_stark,15,-26.98828125,-0.00394680827701,-4.83344612329e-19,1.55772955755e-05
wannier_stark,15,-26.67984375,-0.00478812175609,-5.86375798253e-19,2.29261099512e-05
wannier_stark,15,-26.37140625,-0.00580233169512,-7.10580693802e-19,3.36670531001e-05
wannier_stark,15,-26.06296875,-0.00688072082714,-8.42645273679e-19,4.73443191011e-05
wannier_stark,15,-25.75453125,-0.00776373047299,-9.50782767318e-19,6.02755108572e-05
wannier_stark,15,-25.44609375,-0.00858868438416,-1.051810484e-18,7.37654994507e-05
wannier_stark,15,-25.13765625,-0.00934857554327,-1.14487031157e-18,8.73958646883e-05
wannier_stark,15,-24.82921875,-0.0100367351453,-1.22914555696e-18,0.000100736052378
wannier_stark,15,-24.52078125,-0.0106469034666,-1.30386962512e-18,0.000113356553427
wannier_stark,15,-24.21234375,-0.0111733001178,-1.36833462252e-18,0.000124842635523
wannier_stark,15,-23.90390625,-0.011610692923,-1.4218997924e-18,0.000134808190151
wannier_stark,15,-23.59546875,-0.0119544646337,-1.46399968491e-18,0.000142909224677
wannier_stark,15,-23.28703125,-0.0122006766679,-1.49415196288e-18,0.000148856511155
wannier_stark,15,-22.97859375,-0.0123461290462,-1.51196474182e-18,0.000152426902424
wannier_stark,15,-22.67015625,-0.0123884156933,-1.51714336253e-18,0.000153472843389
wannier_stark,15,-22.36171875,-0.0123259742779,-1.50949649458e-18,0.000151929641899
wannier_stark,15,-22.05328125,-0.0121581297761,-1.4889414714e-18,0.000147820119653
wannier_stark,15,-21.74484375,-0.0118851309709,-1.45550876009e-18,0.000141256338195
wannier_stark,15,-21.43640625,-0.0115081791345,-1.40934547411e-18,0.000132438186991
wannier_stark,15,-21.12796875,-0.0110294481905,-1.35071784228e-18,0.000121648727386
wannier_stark,15,-20.81953125,-0.0104520957093,-1.28001255547e-18,0.000109246304715
wannier_stark,15,-20.51109375,-0.00978026416384,-1.19773692031e-18,9.56535671145e-05
wannier_stark,15,-20.20265625,-0.00901907195391,-1.10451775996e-18,8.13436589098e-05
wannier_stark,15,-19.89421875,-0.00817459380089,-1.00109901326e-18,6.68239838096e-05
wannier_stark,15,-19.58578125,-0.00725383022055,-8.88337996115e-19,5.26180528685e-05
wannier_stark,15,-19.27734375,-0.00626466589437,-7.67200303527e-19,3.92460387681e-05
wannier_stark,15,-18.96890625,-0.00521581688466,-6.38753345274e-19,2.72047457743e-05
wannier_stark,15,-18.66046875,-0.00411676676992,-5.04158524761e-19,1.69477686379e-05
wannier_stark,15,-18.35203125,-0.0028013053245,-3.43060959908e-19,7.84731152107e-06
wannier_stark,15,-18.04359375,-0.00140094371808,-1.71566124013e-19,1.96264330121e-06
wannier_stark,15,-17.73515625,-4.61557732624e-05,-5.65245199879e-21,2.13035540545e-09
wannier_stark,15,-17.42671875,0.00130713659185,1.60078064326e-19,1.70860606975e-06
wannier_stark,15,-17.11828125,0.00270261686998,3.30975109914e-19,7.30413794589e-06
wannier_stark,15,-16.80984375,0.00418497884218,5.12512094357e-19,1.75140479095e-05
wannier_stark,15,-16.50140625,0.00580134147094,7.10459426315e-19,3.36555628625e-05
wannier_stark,15,-16.19296875,0.00738973498776,9.0498152993e-19,5.46081831893e-05
wannier_stark,15,-15.88453125,0.00868753016747,1.06391560121e-18,7.54731804107e-05
wannier_stark,15,-15.57609375,0.00989323163997,1.21157144611e-18,9.78760322821e-05
wannier_stark,15,-15.26765625,0.0109930926772,1.34626557599e-18,0.00012084808661
wannier_stark,15,-14.95921875,0.0119742738618,1.46642561569e-18,0.000143383234517
wannier_stark,15,-14.65078125,0.012825013939,1.57061122695e-18,0.000164480982537
wannier_stark,15,-14.34234375,0.0135347938314,1.65753419427e-18,0.000183190644058
wannier_stark,15,-14.03390625,0.0140944914692,1.72607738633e-18,0.000198654689775
wannier_stark,15,-13.72546875,0.0144965251011,1.77531230638e-18,0.000210149240006
wannier_stark,15,-13.41703125,0.0147349827842,1.80451495022e-18,0.000217119717652
wannier_stark,15,-13.10859375,0.0148057358295,1.81317969927e-18,0.000219209813454
wannier_stark,15,-12.80015625,0.0147065340847,1.80103098934e-18,0.000216282144784
wannier_stark,15,-12.49171875,0.0144370810818,1.76803251358e-18,0.000208429310161
wannier_stark,15,-12.18328125,0.0139990872557,1.71439373987e-18,0.000195974443994
wannier_stark,15,-11.87484375,0.0133962996538,1.64057354915e-18,0.000179460844415
wannier_stark,15,-11.56640625,0.0126345068039,1.54728083163e-18,0.000159630762179
wannier_stark,15,-11.25796875,0.0117215176902,1.43547191204e-18,0.000137393976961
wannier_stark,15,-10.94953125,0.0106671140929,1.306344713e-18,0.000113787323071
wannier_stark,15,-10.64109375,0.00948297588717,1.16132960666e-18,8.99268316766e-05
wannier_stark,15,-10.33265625,0.00818257925268,1.00207694906e-18,6.69546032264e-05
wannier_stark,15,-10.02421875,0.00678106812692,8.30441337643e-19,4.59828849419e-05
wannier_stark,15,-9.71578125,0.00529509962607,6.48462680823e-19,2.803808005e-05
wannier_stark,15,-9.40734375,0.00374266456024,4.58344217398e-19,1.40075380105e-05
wannier_stark,15,-9.09890625,0.00214288457517,2.62427673592e-19,4.5919543025e-06
wannier_stark,15,-8.79046875,0.000515787855523,6.31657946306e-20,2.66037111905e-07
wannier_stark,15,-8.48203125,-0.00111793428073,-1.36907463855e-19,1.24977705602e-06
wannier_stark,15,-8.17359375,-0.00273718718895,-3.35208752962e-19,7.49219370738e-06
wannier_stark,15,-7.86515625,-0.00432074604108,-5.29138780913e-19,1.86688463515e-05
wannier_stark,15,-7.55671875,-0.00584753891356,-7.16116981338e-19,3.41937113456e-05
wannier_stark,15,-7.24828125,-0.00729693613695,-8.9361694837e-19,5.32452769867e-05
wannier_stark,15,-6.93984375,-0.0086490419743,-1.05920215695e-18,7.48059270732e-05
wannier_stark,15,-6.63140625,-0.0098849844953,-1.21056146218e-18,9.77129184724e-05
wannier_stark,15,-6.32296875,-0.0109871993665,-1.34554385357e-18,0.000120718549918
wannier_stark,15,-6.01453125,-0.0119397031907,-1.46219192953e-18,0.000142556512283
wannier_stark,15,-5.70609375,-0.0127283520077,-1.55877355447e-18,0.000162010944833
wannier_stark,15,-5.39765625,-0.0133410806097,-1.63381116658e-18,0.000177984431834
wannier_stark,15,-5.08921875,-0.0137681184455,-1.68610821845e-18,0.000189561085529
wannier_stark,15,-4.78078125,-0.0140021780715,-1.71477225563e-18,0.000196060990745
wannier_stark,15,-4.47234375,-0.0140386123702,-1.71923417037e-18,0.000197082637281
wannier_stark,15,-4.16390625,-0.0138755370908,-1.69926320847e-18,0.000192530529558
wannier_stark,15,-3.85546875,-0.0135139156692,-1.65497735682e-18,0.000182625916714
wannier_stark,15,-3.54703125,-0.0129576037585,-1.58684879675e-18,0.000167899495162
wannier_stark,15,-3.23859375,-0.0122133514336,-1.495704174e-18,0.000149165953241
wannier_stark,15,-2.93015625,-0.0112907616268,-1.38271950862e-18,0.000127481298114
wannier_stark,15,-2.62171875,-0.0102022039933,-1.24940964646e-18,0.00010408496632
wannier_stark,15,-2.31328125,-0.00896268408827,-1.09761223805e-18,8.03297060661e-05
wannier_stark,15,-2.00484375,-0.00758966845564,-9.29466318079e-19,5.76030672665e-05
wannier_stark,15,-1.69640625,-0.00610286696262,-7.4738564914e-19,3.72449851635e-05
wannier_stark,15,-1.38796875,-0.0045239744654,-5.54027084848e-19,2.04663449636e-05
wannier_stark,15,-1.07953125,-0.00287637463391,-3.52254298856e-19,8.27353103458e-06
wannier_stark,15,-0.77109375,-0.00118480949441,-1.45097315493e-19,1.40377353804e-06
wannier_stark,15,-0.46265625,0.000524981050915,6.42916363616e-20,2.7560510382e-07
wannier_stark,15,-0.15421875,0.0022266448099,2.72685343929e-19,4.95794710947e-06
wannier_stark,15,0.15421875,0.00415175520726,5.08443372541e-19,1.7237071301e-05
wannier_stark,15,0.46265625,0.00643874951796,7.88519398768e-19,4.1457495355e-05
wannier_stark,15,0.77109375,0.00888582338597,1.08819951674e-18,7.89578572466e-05
wannier_stark,15,1.07953125,0.0115526799966,1.41479525794e-18,0.000133464415104
wannier_stark,15,1.38796875,0.0145038050337,1.776203841e-18,0.000210360360457
wannier_stark,15,1.69640625,0.0178099609169,2.18109116298e-18,0.000317194707862
wannier_stark,15,2.00484375,0.0215498009124,2.63908947096e-18,0.000464393919364
wannier_stark,15,2.31328125,0.0258116382058,3.16101401094e-18,0.000666240666865
wannier_stark,15,2.62171875,0.0306954075185,3.75910325661e-18,0.000942208042727
wannier_stark,15,2.93015625,0.0363148601103,4.44728771955e-18,0.00131876906483
wannier_stark,15,3.23859375,0.0428000370671,5.24149283976e-18,0.00183184317295
wannier_stark,15,3.54703125,0.0494133145795,6.0513857535e-18,0.00244167565773
wannier_stark,15,3.85546875,0.0543122215149,6.65132882328e-18,0.00294981740588
wannier_stark,15,4.16390625,0.058296162798,7.13922091731e-18,0.00339844259697
wannier_stark,15,4.47234375,0.0612923342503,7.50614609519e-18,0.00375675023785
wannier_stark,15,4.78078125,0.0632439872737,7.74515465801e-18,0.00399980192628
wannier_stark,15,5.08921875,0.0641116906624,7.85141767576e-18,0.00411030887959
wannier_stark,15,5.39765625,0.0638743160713,7.82234767245e-18,0.00407992825358
wannier_stark,15,5.70609375,0.0625297216086,7.65768234195e-18,0.00390996608444
wannier_stark,15,6.01453125,0.0600951127045,7.3595287418e-18,0.00361142257097
wannier_stark,15,6.32296875,0.0566070646681,6.93236605549e-18,0.00320435977034
wannier_stark,15,6.63140625,0.0521211970909,6.38300571851e-18,0.00271661918619
wannier_stark,15,6.93984375,0.0467114964198,5.72050845739e-18,0.00218196389778
wannier_stark,15,7.24828125,0.0404692894789,4.95605858241e-18,0.00163776339093
wannier_stark,15,7.55671875,0.0335018773715,4.10279668884e-18,0.00112237578741
wannier_stark,15,7.86515625,0.0259308459168,3.17561274511e-18,0.000672408769959
wannier_stark,15,8.17359375,0.0178900754317,2.19090236139e-18,0.00032005479895
wannier_stark,15,8.48203125,0.009523479135,1.16628982394e-18,9.06966548347e-05
wannier_stark,15,8.79046875,0.000982505585884,1.2032223209e-19,9.65317226294e-07
wannier_stark,15,9.09890625,-0.0075765537651,-9.278602317e-19,5.74041669555e-05
wannier_stark,15,9.40734375,-0.0159954057636,-1.95887224694e-18,0.000255853005541
wannier_stark,15,9.71578125,-0.0241166949863,-2.9534433321e-18,0.000581614977063
wannier_stark,15,10.02421875,-0.0317869874311,-3.89278324121e-18,0.00101041256995
wannier_stark,15,10.33265625,-0.038859741916,-4.75894585531e-18,0.00151007954178
wannier_stark,15,10.64109375,-0.0451982111271,-5.5351844584e-18,0.00204287828909
wannier_stark,15,10.94953125,-0.0506782138521,-6.20629123804e-18,0.00256828135924
wannier_stark,15,11.25796875,-0.055889485746,-6.84448798248e-18,0.00312363461695
wannier_stark,15,11.56640625,-0.0629390223162,-7.7078072221e-18,0.00396132053012
wannier_stark,15,11.87484375,-0.0712637431582,-8.72729149539e-18,0.00507852108891
wannier_stark,15,12.18328125,-0.0810232039252,-9.92248073436e-18,0.0065647595743
wannier_stark,15,12.49171875,-0.0924035342324,-1.13161692428e-17,0.00853841313864
wannier_stark,15,12.80015625,-0.105620587255,-1.29347914106e-17,0.0111557084521
wannier_stark,15,13.10859375,-0.120923581189,-1.48088676645e-17,0.0146225124876
wannier_stark,15,13.41703125,-0.136509422611,-1.67175827454e-17,0.0186348224617
wannier_stark,15,13.72546875,-0.147292730268,-1.80381570661e-17,0.0216951483898
wannier_stark,15,14.03390625,-0.155134709936,-1.8998522596e-17,0.0240667782271
wannier_stark,15,14.34234375,-0.159863623508,-1.95776474829e-17,0.025556378121
wannier_stark,15,14.65078125,-0.16136897554,-1.97619999376e-17,0.0260399462668
wannier_stark,15,14.95921875,-0.159604663527,-1.95459340317e-17,0.0254736486195
wannier_stark,15,15.26765625,-0.154590860287,-1.89319202228e-17,0.0238983340842
wannier_stark,15,15.57609375,-0.146414558536,-1.79306120459e-17,0.0214372229512
wannier_stark,15,15.88453125,-0.135228734118,-1.6560743639e-17,0.0182868105311
wannier_stark,15,16.19296875,-0.121250112569,-1.48488562253e-17,0.0147015897979
wannier_stark,15,16.50140625,-0.104755553155,-1.28288552865e-17,0.0109737259169
wannier_stark,15,16.80984375,-0.0860770946778,-1.05414038477e-17,0.00740926622818
wannier_stark,15,17.11828125,-0.0655957374477,-8.0331609903e-18,0.0043028007713
wannier_stark,15,17.42671875,-0.0437340653703,-5.35587831695e-18,0.00191266847382
wannier_stark,15,17.73515625,-0.0209478402089,-2.56537054608e-18,0.000438812009416
wannier_stark,15,18.04359375,0.00228327374054,2.79620387793e-19,5.21333897423e-06
wannier_stark,15,18.35203125,0.025465672856,3.11864547512e-18,0.000648500494007
wannier_stark,15,18.66046875,0.0481022634012,5.8908282906e-18,0.00231382774432
wannier_stark,15,18.96890625,0.0697031785637,8.53617745184e-18,0.00485853310188
wannier_stark,15,19.27734375,0.0897965332314,1.09969036996e-17,0.00806341738037
wannier_stark,15,19.58578125,0.107938979324,1.32187125532e-17,0.0116508232575
wannier_stark,15,19.89421875,0.123725822552,1.5152043256e-17,0.0153080791662
wannier_stark,15,20.20265625,0.136800464909,1.67532251472e-17,0.0187143671992
wannier_stark,15,20.51109375,0.14686294612,1.79855236879e-17,0.021568724943
wannier_stark,15,20.81953125,0.153677371686,1.88200501336e-17,0.0236167345682
wannier_stark,15,21.12796875,0.157078034864,1.92365112612e-17,0.0246735090366
wannier_stark,15,21.43640625,0.15697406475,1.92237785945e-17,0.0246408570041
wannier_stark,15,21.74484375,0.153352462047,1.87802601788e-17,0.023516977616
wannier_stark,15,22.05328125,0.146279417682,1.79140620645e-17,0.0213976680373
wannier_stark,15,22.36171875,0.135899846461,1.66429311973e-17,0.0184687682681
wannier_stark,15,22.67015625,0.122435107726,1.4993976278e-17,0.0149903556038
wannier_stark,15,22.97859375,0.106178926545,1.30031682531e-17,0.0112739644423
wannier_stark,15,23.28703125,0.087491571546,1.07146273046e-17,0.00765477509158
wannier_stark,15,23.59546875,0.0667923879472,8.17970841069e-18,0.00446122308769
wannier_stark,15,23.90390625,0.044550825757,5.45590261627e-18,0.00198477607563
wannier_stark,15,24.21234375,0.0212761423576,2.60557596365e-18,0.000452674233622
wannier_stark,15,24.52078125,-0.00249400516972,-3.05427544816e-19,6.2200617866e-06
wannier_stark,15,24.82921875,-0.0262058306363,-3.20928866077e-18,0.000686745559336
wannier_stark,15,25.13765625,-0.0493022779676,-6.03778769037e-18,0.0024307146128
wannier_stark,15,25.44609375,-0.0712361737048,-8.72391521111e-18,0.0050745924441
wannier_stark,15,25.75453125,-0.0914833629591,-1.12034807623e-17,0.00836920569832
wannier_stark,15,26.06296875,-0.109555511688,-1.34166806718e-17,0.0120024101412
wannier_stark,15,26.37140625,-0.125012258434,-1.53095862145e-17,0.0156280647587
wannier_stark,15,26.67984375,-0.137472406762,-1.68355142912e-17,0.0188986626209
wannier_stark,15,26.98828125,-0.146623865617,-1.79562447706e-17,0.0214985579684
wannier_stark,15,27.29671875,-0.1522320685,-1.86430515417e-17,0.0231746026799
wannier_stark,15,27.60515625,-0.154146633489,-1.88775181302e-17,0.023761184616
wannier_stark,15,27.91359375,-0.15230606401,-1.86521133781e-17,0.0231971371343
wannier_stark,15,28.22203125,-0.146740334329,-1.79705080742e-17,0.0215327257189
wannier_stark,15,28.53046875,-0.137571252886,-1.68476194501e-17,0.0189258496205
wannier_stark,15,28.83890625,-0.125010549894,-1.53093769788e-17,0.0156276375849
wannier_stark,15,29.14734375,-0.109355691723,-1.33922097837e-17,0.0119586673122
wannier_stark,15,29.45578125,-0.0909834821872,-1.11422630236e-17,0.0082779940309
wannier_stark,15,29.76421875,-0.0671451528192,-8.22290964783e-18,0.00450847154712
wannier_stark,15,30.07265625,-0.0409644711126,-5.01670084268e-18,0.00167808789353
wannier_stark,15,30.38109375,-0.0152996076804,-1.8736615574e-18,0.000234077995174
wannier_stark,15,30.68953125,0.010174560952,1.24602435026e-18,0.000103521690566
wannier_stark,15,30.99796875,0.0357742451957,4.38108148708e-18,0.00127979661932
wannier_stark,15,31.30640625,0.0618106759427,7.56962464464e-18,0.0038205596605
wannier_stark,15,31.61484375,0.0885938162925,1.08496133547e-17,0.00784886428527
wannier_stark,15,31.92328125,0.116435899006,1.42592851024e-17,0.0135573185774
wannier_stark,15,32.23171875,0.145654832332,1.78375724196e-17,0.0212153301816
wannier_stark,15,32.54015625,0.176577512584,2.16245085588e-17,0.0311796179505
wannier_stark,15,32.84859375,0.209543078183,2.5661625998e-17,0.0439083016144
wannier_stark,15,33.15703125,0.240725034277,2.94803142702e-17,0.0579485421277
wannier_stark,15,33.46546875,0.261438774756,3.20170158678e-17,0.068350232946
wannier_stark,15,33.77390625,0.275298899145,3.37143915646e-17,0.0757894838703
wannier_stark,15,34.08234375,0.281915198079,3.45246544958e-17,0.0794761789078
wannier_stark,15,34.39078125,0.281086067678,3.44231153066e-17,0.0790093774425
wannier_stark,15,34.69921875,0.272805974376,3.34090963308e-17,0.0744230996551
wannier_stark,15,35.00765625,0.257267781932,3.15062165666e-17,0.06618671162
wannier_stark,15,35.31609375,0.234859782805,2.8762028126e-17,0.0551591175791
wannier_stark,15,35.62453125,0.206157416654,2.52470020425e-17,0.0425008804413
wannier_stark,15,35.93296875,0.171909803353,2.10528790419e-17,0.029552980489
wannier_stark,15,36.24140625,0.133021362764,1.62904186127e-17,0.0176946829515
wannier_stark,15,36.54984375,0.090528934484,1.10865969846e-17,0.00819548797881
wannier_stark,15,36.85828125,0.0455749439506,5.58132092304e-18,0.0020770755161
wannier_stark,15,37.16671875,-0.000622717482828,-7.62608972119e-20,3.8777706342e-07
wannier_stark,15,37.47515625,-0.0468033251326,-5.73175423131e-18,0.00219055124347
wannier_stark,15,37.78359375,-0.0916976062039,-1.12297179927e-17,0.00840845098353
wannier_stark,15,38.09203125,-0.134062752911,-1.64179521237e-17,0.0179728217179
wannier_stark,15,38.40046875,-0.172717198545,-2.11517564355e-17,0.0298312306731
wannier_stark,15,38.70890625,-0.206574177628,-2.52980405418e-17,0.0426728908626
wannier_stark,15,39.01734375,-0.234673104806,-2.87391666647e-17,0.0550714661195
wannier_stark,15,39.32578125,-0.256207848512,-3.13764121596e-17,0.065642461639
wannier_stark,15,39.63421875,-0.270551044201,-3.31329470286e-17,0.0731978675181
wannier_stark,15,39.94265625,-0.277273686983,-3.39562333252e-17,0.0768806974932
wannier_stark,15,40.25109375,-0.276159362634,-3.38197679505e-17,0.0762639935705
wannier_stark,15,40.55953125,-0.267212616585,-3.27241075593e-17,0.0714025824622
wannier_stark,15,40.86796875,-0.248098107222,-3.03832552883e-17,0.0615526708069
wannier_stark,15,41.17640625,-0.228434742542,-2.79751876269e-17,0.0521824316004
wannier_stark,15,41.48484375,-0.21059670255,-2.57906577689e-17,0.044350971125
wannier_stark,15,41.79328125,-0.194414534053,-2.38089136836e-17,0.0377970110512
wannier_stark,15,42.10171875,-0.17973615181,-2.20113303005e-17,0.0323050842674
wannier_stark,15,42.41015625,-0.166425046667,-2.03811900699e-17,0.0276972961583
wannier_stark,15,42.71859375,-0.154358687959,-1.89034873129e-17,0.0238266045483
wannier_stark,15,43.02703125,-0.144719579827,-1.7723037021e-17,0.0209437567854
wannier_stark,15,43.33546875,-0.132141313691,-1.61826436847e-17,0.0174613267839
wannier_stark,15,43.64390625,-0.115686304446,-1.41674862445e-17,0.0133833210364
wannier_stark,15,43.95234375,-0.095826017053,-1.17353025059e-17,0.00918262554424
wannier_stark,15,44.26078125,-0.0731356963481,-8.95653964361e-18,0.00534883008032
wannier_stark,15,44.56921875,-0.0482783191389,-5.91238890017e-18,0.00233079609888
wannier_stark,15,44.87765625,-0.0219857136298,-2.69247338237e-18,0.00048337160381
wannier_stark,15,45.18609375,0.00496263349767,6.07747322826e-19,2.46277312321e-05
wannier_stark,15,45.49453125,0.0317624817828,3.88978216483e-18,0.00100885524901
wannier_stark,15,45.80296875,0.0576087890962,7.05504191695e-18,0.00331877258113
wannier_stark,15,46.11140625,0.081720001836,1.00078138675e-17,0.00667815870007
wannier_stark,15,46.41984375,0.103361949646,1.26581880788e-17,0.0106836926346
wannier_stark,15,46.72828125,0.121870608855,1.49248451045e-17,0.0148524453028
wannier_stark,15,47.03671875,0.136673019253,1.67376175558e-17,0.0186795141918
wannier_stark,15,47.34515625,0.14730568182,1.80397431737e-17,0.0216989638964
wannier_stark,15,47.65359375,0.153429829892,1.87897350071e-17,0.0235407127007
wannier_stark,15,47.96203125,0.154843051464,1.89628047346e-17,0.0239763705867
wannier_stark,15,48.27046875,0.151486843771,1.85517878337e-17,0.0229482638357
wannier_stark,15,48.57890625,0.143449800194,1.75675338645e-17,0.0205778451756
wannier_stark,15,48.88734375,0.130966260479,1.60387411692e-17,0.0171521613839
wannier_stark,15,49.19578125,0.114410394471,1.40112323379e-17,0.0130897383631
wannier_stark,15,49.50421875,0.0942858327775,1.15466843316e-17,0.00888981826254
wannier_stark,15,49.81265625,0.071211100592,8.72084464037e-18,0.00507102084752
wannier_stark,15,50.12109375,0.0459012487016,5.62128172993e-18,0.00210692463237
wannier_stark,15,50.42953125,0.0191462039519,2.34473373855e-18,0.000366577125769
wannier_stark,15,50.73796875,-0.00821352417873,-1.00586660952e-18,6.74619794346e-05
wannier_stark,15,51.04640625,-0.0353130478171,-4.32460109774e-18,0.00124701134613
wannier_stark,15,51.35484375,-0.0612904077197,-7.50591016324e-18,0.00375651407845
wannier_stark,15,51.66328125,-0.0853141245623,-1.04479669567e-17,0.00727849984983
wannier_stark,15,51.97171875,-0.106610112175,-1.30559732631e-17,0.0113657160179
wannier_stark,15,52.28015625,-0.12448707473,-1.52452697604e-17,0.0154970317749
wannier_stark,15,52.58859375,-0.138359542912,-1.69441571359e-17,0.0191433631149
wannier_stark,15,52.89703125,-0.147767765379,-1.80963320889e-17,0.0218353124851
wannier_stark,15,53.20546875,-0.152393760149,-1.86628530577e-17,0.0232238581324
wannier_stark,15,53.51390625,-0.152072943515,-1.86235643513e-17,0.0231261801494
wannier_stark,15,53.82234375,-0.146800888697,-1.79779238455e-17,0.0215505009223
wannier_stark,15,54.13078125,-0.136734918672,-1.67451980484e-17,0.0186964379843
wannier_stark,15,54.43921875,-0.122190402866,-1.49640085756e-17,0.0149304945526
wannier_stark,15,54.74765625,-0.103631800432,-1.26912352689e-17,0.0107395500608
wannier_stark,15,55.05609375,-0.0816586681196,-1.00003026535e-17,0.00666813807907
wannier_stark,15,55.36453125,-0.056987022362,-6.97889745286e-18,0.00324752071769
wannier_stark,15,55.67296875,-0.0304266074057,-3.72618473683e-18,0.000925778438222
wannier_stark,15,55.98140625,-0.00285476828608,-3.49608284385e-19,8.14970196718e-06
wannier_stark,15,56.28984375,0.02481224603,3.03862376803e-18,0.000615647553053
wannier_stark,15,56.59828125,0.0516496227961,6.32525452345e-18,0.00266768353498
wannier_stark,15,56.90671875,0.0767549704831,9.39977289208e-18,0.00589132549386
wannier_stark,15,57.21515625,0.0992789107178,1.21581600233e-17,0.0098563021133
wannier_stark,15,57.52359375,0.118454234376,1.45064598974e-17,0.0140314056417
wannier_stark,15,57.83203125,0.133622609702,1.63640501266e-17,0.0178550018236
wannier_stark,15,58.14046875,0.144257896293,1.76664970947e-17,0.020810340643
wannier_stark,15,58.44890625,0.149985218639,1.83678917925e-17,0.0224955658101
wannier_stark,15,58.75734375,0.150595083921,1.84425787491e-17,0.0226788793011
wannier_stark,15,59.06578125,0.146051987197,1.7886209863e-17,0.0213311829642
wannier_stark,15,59.37421875,0.135017550898,1.65348811536e-17,0.0182297390506
wannier_stark,15,59.68265625,0.122564241628,1.500979062e-17,0.015021993326
wannier_stark,15,59.99109375,0.110150372125,1.34895300648e-17,0.0121331044793
wannier_stark,15,60.29953125,0.0977578690886,1.19718861471e-17,0.00955660096875
wannier_stark,15,60.60796875,0.0853718339421,1.04550343175e-17,0.00728835003063
wannier_stark,15,60.91640625,0.0729805355587,8.9375379272e-18,0.00532615857043
wannier_stark,15,61.22484375,0.0605754100035,7.41834819678e-18,0.00366938029709
wannier_stark,15,61.53328125,0.0481510652687,5.89680479569e-18,0.00231852508652
wannier_stark,15,61.84171875,0.0357052889759,4.3726367857e-18,0.00127486766086
wannier_stark,15,62.15015625,0.0232390570124,2.84596367855e-18,0.000540053770828
wannier_stark,15,62.45859375,0.0107565410655,1.31729635858e-18,0.000115703175694
wannier_stark,15,62.76703125,-0.000257980254609,-3.1593469305e-20,6.6553811768e-08
wannier_stark,15,63.07546875,-0.00978644015263,-1.1984932608e-18,9.57744108611e-05
wannier_stark,15,63.38390625,-0.0189666634268,-2.32274636561e-18,0.000359734321545
wannier_stark,15,63.69234375,-0.0274701338761,-3.36412115235e-18,0.000754608255171
wannier_stark,15,64.00078125,-0.0349907568927,-4.28513184284e-18,0.00122435306792
wannier_stark,15,64.30921875,-0.0412560391518,-5.05240762927e-18,0.00170206076649
wannier_stark,15,64.61765625,-0.046037179018,-5.63792839261e-18,0.00211942185193
wannier_stark,15,64.92609375,-0.0491576872947,-6.0200804399e-18,0.00241647822017
wannier_stark,15,65.23453125,-0.0505002051938,-6.18449146469e-18,0.00255027072461
wannier_stark,15,65.54296875,-0.0500112467329,-6.12461132328e-18,0.00250112479978
wannier_stark,15,65.85140625,-0.0477036642559,-5.84201397385e-18,0.00227563958344
wannier_stark,15,66.15984375,-0.0436567160099,-5.34640575228e-18,0.00190590885277
wannier_stark,15,66.46828125,-0.0380137009414,-4.65533571816e-18,0.00144504145926
wannier_stark,15,66.77671875,-0.0309772150078,-3.79361472059e-18,0.000959587849642
wannier_stark,15,67.08515625,-0.0228021721105,-2.79246070888e-18,0.000519939052958
wannier_stark,15,67.39359375,-0.0137868179085,-1.6883982422e-18,0.000190076348041
wannier_stark,15,67.70203125,-0.0042620430234,-5.21949734644e-19,1.81650107333e-05
wannier_stark,15,68.01046875,0.00542062958988,6.63835667661e-19,2.93832251506e-05
wannier_stark,15,68.31890625,0.0149019528271,1.82496288308e-18,0.000222068198063
wannier_stark,15,68.62734375,0.0238282885057,2.91812372477e-18,0.000567787333111
wannier_stark,15,68.93578125,0.0318648712319,3.90232125594e-18,0.00101537001863
wannier_stark,15,69.24421875,0.0387085037591,4.74042452284e-18,0.00149834826327
wannier_stark,15,69.55265625,0.0440991981011,5.40059417994e-18,0.00194473927316
wannier_stark,15,69.86109375,0.047830308909,5.85752347076e-18,0.00228773845033
wannier_stark,15,70.16953125,0.0497567556891,6.09344515906e-18,0.0024757347367
wannier_stark,15,70.47796875,0.0498078475716,6.0997021101e-18,0.00248082167971
wannier_stark,15,70.78640625,0.049659004497,6.08147409061e-18,0.00246601672764
wannier_stark,15,71.09484375,0.0492976465726,6.03722050806e-18,0.00243025795759
wannier_stark,15,71.40328125,0.0487190193386,5.96635910906e-18,0.00237354284532
wannier_stark,15,71.71171875,0.0479194460482,5.86843962199e-18,0.00229627330957
wannier_stark,15,72.02015625,0.0468964281208,5.74315605896e-18,0.00219927497049
wannier_stark,15,72.32859375,0.0456487418319,5.59035855695e-18,0.00208380763083
wannier_stark,15,72.63703125,0.0443505949397,5.43138141332e-18,0.0019669752715
wannier_stark,15,72.94546875,0.0415141871203,5.08402163761e-18,0.00172342773226
wannier_stark,15,73.25390625,0.0370709125643,4.53987744133e-18,0.00137425255835
wannier_stark,15,73.56234375,0.0311891369171,3.81956766937e-18,0.000972762261633
wannier_stark,15,73.87078125,0.0240940530915,2.9506704997e-18,0.000580523394376
wannier_stark,15,74.17921875,0.0160593200676,1.96669949173e-18,0.000257901761033
wannier_stark,15,74.48765625,0.00739671891917,9.05836814856e-19,5.47114507692e-05
wannier_stark,15,74.79609375,-0.00155579215736,-1.90529588565e-19,2.4204892369e-06
wannier_stark,15,75.10453125,-0.0104471730715,-1.27940970622e-18,0.000109143425186
wannier_stark,15,75.41296875,-0.0189270442821,-2.31789441974e-18,0.000358233005256
wannier_stark,15,75.72140625,-0.0266595401885,-3.26485205586e-18,0.000710731083064
wannier_stark,15,76.02984375,-0.0333367247652,-4.08257132778e-18,0.00111133721807
wannier_stark,15,76.33828125,-0.0386910299921,-4.73828460355e-18,0.00149699580185
wannier_stark,15,76.64671875,-0.0425062086546,-5.20550923727e-18,0.00180677777419
wannier_stark,15,76.95515625,-0.0446263450439,-5.46515106157e-18,0.00199151067198
wannier_stark,15,77.26359375,-0.0449625383126,-5.5063228626e-18,0.00202162985151
wannier_stark,15,77.57203125,-0.0434969612263,-5.32684143385e-18,0.00189198563593
wannier_stark,15,77.88046875,-0.0402840985718,-4.93337923725e-18,0.00162280859774
wannier_stark,15,78.18890625,-0.0354490806707,-4.34126031761e-18,0.0012566373204
wannier_stark,15,78.49734375,-0.0291831439864,-3.5739043872e-18,0.00085165589293
wannier_stark,15,78.80578125,-0.0217363680267,-2.6619373529e-18,0.000472469694993
wannier_stark,15,79.11421875,-0.0134079508855,-1.6420004135e-18,0.000179773146948
wannier_stark,15,79.42265625,-0.00453439008731,-5.55302630651e-19,2.05606934639e-05
wannier_stark,15,79.73109375,0.00452397353058,5.54026970365e-19,2.04663365053e-05
wannier_stark,15,80.03953125,0.0133975173719,1.6407226766e-18,0.000179493471731
wannier_stark,15,80.34796875,0.0217224193943,2.66022913809e-18,0.000471863504341
wannier_stark,15,80.65640625,0.0291556466024,3.57053692887e-18,0.000850051728806
wannier_stark,15,80.96484375,0.0353892301726,4.33393074551e-18,0.00125239761221
wannier_stark,15,81.27328125,0.0401632283033,4.91857689851e-18,0.00161308490774
wannier_stark,15,81.58171875,0.0432768237823,5.29988237223e-18,0.00187288347669
wannier_stark,15,81.89015625,0.0445970729619,5.46156626541e-18,0.00198889891677
wannier_stark,15,82.19859375,0.044064913892,5.39639557526e-18,0.00194171663631
wannier_stark,15,82.50703125,0.041698150349,5.10655063553e-18,0.00173873574253
wannier_stark,15,82.81546875,0.0375912511793,4.60360054327e-18,0.00141310216523
wannier_stark,15,83.12390625,0.0319119358476,3.90808500903e-18,0.00101837164954
wannier_stark,15,83.43234375,0.0248946519356,3.04871558088e-18,0.000619743694994
wannier_stark,15,83.74078125,0.0168311829563,2.06122543333e-18,0.000283288719708
wannier_stark,15,84.04921875,0.00805874953989,9.86912182916e-19,6.49434441467e-05
wannier_stark,15,84.35765625,-0.00105392161952,-1.29068173789e-19,1.11075078008e-06
wannier_stark,15,84.66609375,-0.0101219937047,-1.23958671914e-18,0.000102454756558
wannier_stark,15,84.97453125,-0.0187607429597,-2.29752838152e-18,0.000351965476399
wannier_stark,15,85.28296875,-0.0266019272918,-3.25779651091e-18,0.000707662535639
wannier_stark,15,85.59140625,-0.0333096027696,-4.07924984127e-18,0.00110952963667
wannier_stark,15,85.89984375,-0.0385947044896,-4.72648813172e-18,0.00148955121464
wannier_stark,15,86.20828125,-0.0422277519142,-5.17140812169e-18,0.00178318303173
wannier_stark,15,86.51671875,-0.044049110714,-5.39446024412e-18,0.0019403241547
wannier_stark,15,86.82515625,-0.0439763407741,-5.38554849672e-18,0.00193391854788
wannier_stark,15,87.13359375,-0.0420082796017,-5.14453051519e-18,0.00176469555509
wannier_stark,15,87.44203125,-0.0382256470816,-4.68129163438e-18,0.00146120009481
wannier_stark,15,87.75046875,-0.0327881057395,-4.0153848744e-18,0.00107505987798
wannier_stark,15,88.05890625,-0.0259278641153,-3.17524757975e-18,0.00067225413758
wannier_stark,15,88.36734375,-0.017940062906,-2.19702406143e-18,0.000321845857071
wannier_stark,15,88.67578125,-0.00917032750807,-1.12304122299e-18,8.40949066053e-05
