method,a,b,H_real_meV,H_imag_meV,Z_real_nm,Z_imag_nm,speed_nm_ps
energy,1,1,13.3621623264,0,7.08202062555,0,2.12949119907e-12
energy,1,2,-1.50053580672e-14,-1.4059288594e-30,26.5020539833,3.24556555815e-15,2.72831686808
energy,1,3,3.28730098698e-14,0,0.000388965660665,0,9.04140569014e-05
energy,1,4,8.23126289351e-14,0,1.564853744,0,0.530672895819
energy,1,5,-1.36609473733e-15,0,0.314412108657,0,1.33605163784
energy,1,6,-4.89625701094e-14,0,0.0510261705537,0,1.9648320486
energy,1,7,-1.32706345912e-14,0,-0.0160000379362,0,0.63003707537
energy,1,8,-6.93889390391e-15,0,-0.407442996081,0,16.5265640899
energy,1,9,2.56847494662e-14,0,-1.28182186272,0,53.3754652653
energy,1,10,1.11672823766e-14,0,-1.01444029307,0,42.7429611627
energy,1,11,7.51135265098e-14,9.0422410889e-30,-3.18711455405,-3.90308963713e-16,201.831075203
energy,1,12,-5.34294830601e-14,-6.47112461314e-30,0.0868749871096,1.0639117489e-17,5.64177871699
energy,1,13,6.93889390391e-15,0,0.00482504930636,0,0.322428728737
energy,1,14,-6.61797006085e-14,-8.04075751782e-30,-0.0148228603395,-1.81527684689e-18,1.01225822825
energy,1,15,1.22514845491e-15,0,-0.0341029645723,0,2.7800240599
energy,1,16,5.67254576644e-14,6.92371815007e-30,0.00303056786077,3.7113752303e-19,0.472931642001
energy,1,17,-2.9316826744e-14,0,0.000108947039918,0,0.0173050716381
energy,1,18,2.78423117894e-14,3.41852565129e-30,-0.016183213929,-1.98187211381e-18,2.63205022878
energy,1,19,4.77482636763e-14,5.89816045469e-30,0.0374612904825,4.58768494813e-18,6.22431882532
energy,1,20,-4.42354486374e-15,0,0.00687062861919,0,1.32602033362
energy,1,21,7.30318583386e-14,0,0.0136602451065,0,3.01849837208
energy,1,22,-1.10588621594e-15,-1.17963209094e-31,0.00989890088059,1.21226572785e-18,2.24608133928
energy,1,23,-3.2547749218e-14,0,0.000412809279984,0,0.0968072866065
energy,1,24,-1.89626959968e-14,-2.35986603498e-30,-0.00379029491251,-4.64177253243e-19,0.915172857023
energy,1,25,-2.14672030152e-14,-2.65296849839e-30,0.00307402512119,3.76459502516e-19,0.760365741443
energy,2,1,3.13117587414e-14,-5.39260384428e-30,26.5020539833,-3.24556555815e-15,2.72831686808
energy,2,2,13.429923519,-4.04445288321e-31,6.7219701372,0,1.79214605862e-12
energy,2,3,6.40112962635e-14,-7.81927557421e-30,28.0532874607,-3.43553686943e-15,3.63290150162
energy,2,4,5.56846235789e-14,-6.75038445508e-30,0.000429590281763,-5.26096363508e-20,0.000101457383213
energy,2,5,-3.94649590785e-15,4.33334237487e-31,0.536048999499,-6.56470691422e-17,2.22268272613
energy,2,6,-3.38271077815e-15,-5.77778983316e-31,0.0142863058032,-1.74956786735e-18,0.548642884294
energy,2,7,1.70002900646e-14,-2.11852293883e-30,-0.413769632818,5.06721656415e-17,16.2505029552
energy,2,8,1.84748050192e-14,-1.70444800078e-30,-2.11141325692,2.58573548676e-16,85.4250612293
energy,2,9,-2.12937306676e-14,3.93852673627e-30,0.845598474721,-1.03555946543e-16,35.123934133
energy,2,10,-2.90349341792e-14,3.49435914285e-30,-0.166265219071,2.03616168344e-17,6.98838967052
energy,2,11,-4.96130914129e-14,2.15463412528e-30,-0.0959369255666,4.62223186653e-32,6.06554145412
energy,2,12,7.58074159002e-14,4.33334237487e-32,-3.00529296583,0,194.858387469
energy,2,13,2.22044604925e-14,-5.77778983316e-32,0.109150382684,-1.3367066678e-17,7.28262014519
energy,2,14,-3.12250225676e-14,-2.52296822715e-30,-0.00497138904304,-1.61778115329e-31,0.33898607532
energy,2,15,3.68628738645e-16,8.18520226365e-32,-0.0617887096624,7.56693455115e-18,5.03056473777
energy,2,16,-3.3653635434e-14,-3.96561012611e-30,0.000115233697898,2.31111593326e-32,0.0179707938666
energy,2,17,-3.76434994287e-14,-2.69630192214e-30,0.0214324299358,-2.62471567188e-18,3.40210577221
energy,2,18,-3.1918911958e-14,-2.59398689385e-31,-0.0409352668325,8.76298124696e-32,6.65352877099
energy,2,19,-6.1235738702e-14,-1.073705944e-30,-0.0174957056161,3.08148791102e-32,2.9051689227
energy,2,20,-1.14491749414e-14,8.08890576643e-31,0.00884262101088,-1.0829087517e-18,1.70570138631
energy,2,21,-1.69135538908e-14,2.52296822715e-30,-0.00724232659678,8.86929208513e-19,1.5995881543
energy,2,22,8.78203759713e-14,-2.16200682585e-30,0.0196518975089,-2.84074666797e-32,4.45703358692
energy,2,23,4.11129463807e-14,-1.0424095824e-30,-0.0177163925472,2.16963234254e-18,4.15282085294
energy,2,24,4.52654407013e-15,-1.32437776332e-30,0.000425846543216,-7.70371977755e-33,0.102777499082
energy,2,25,2.27248775353e-14,2.18965445298e-30,0.00774535858312,-3.06945084887e-32,1.91503126088
energy,3,1,8.52616588443e-14,0,0.000388965660664,0,9.04140547241e-05
energy,3,2,6.78276879107e-14,8.06964646698e-30,28.0532874607,3.43553686943e-15,3.63290150162
energy,3,3,13.5151619856,0,6.2395783104,0,2.71984519485e-12
energy,3,4,3.77302356025e-14,0,26.4728493269,0,2.82392244466
energy,3,5,-3.38271077815e-15,0,0.573353553221,0,2.30311366378
energy,3,6,2.55004350969e-14,0,0.285994404156,0,10.9461245807
energy,3,7,3.16587034366e-14,0,-2.78884613619,0,109.16875854
energy,3,8,-1.74339709336e-14,0,0.61541772183,0,24.8193118586
energy,3,9,1.50053580672e-14,0,0.0502437812721,0,2.08048780837
energy,3,10,-1.2728533505e-14,0,-0.248449125661,0,10.4105348545
energy,3,11,2.37657116209e-14,2.96593211436e-30,-0.00559938781366,-6.85727236318e-19,0.353292049266
energy,3,12,-3.52148865623e-14,-4.27556447654e-30,-0.12016098785,-1.47154769153e-17,7.77548534474
energy,3,13,9.03790930984e-14,0,-2.83339770592,0,188.680137376
energy,3,14,6.99960922557e-14,8.61853650113e-30,-0.0830578211679,-1.01716494837e-17,5.65274058569
energy,3,15,-1.60461921528e-15,0,-0.0718997220462,0,5.84444783991
energy,3,16,-2.54136989231e-14,-3.25482160601e-30,0.0169230759418,2.07247907839e-18,2.63697664575
energy,3,17,3.03576608296e-14,0,0.0473263769163,0,7.50628772356
energy,3,18,-5.89805981832e-15,-6.54816181092e-31,0.0231360395501,2.833347678e-18,3.75748516659
energy,3,19,-6.38378239159e-14,-7.75186802616e-30,-0.000141659991415,-1.73483455054e-20,0.0235043533227
energy,3,20,-9.10729824888e-16,0,0.00724525277163,0,1.39663805563
energy,3,21,2.67797936604e-14,0,9.36114113462e-05,0,0.0206635127938
energy,3,22,-4.6143644461e-14,-5.63815991219e-30,-0.0119135032398,-1.45898336093e-18,2.70042957053
energy,3,23,-4.67941657645e-14,0,-0.0216791951414,0,5.07891634368
energy,3,24,-8.79830062972e-15,-1.07611335643e-30,-0.0206281207849,-2.52621620917e-18,4.97589828308
energy,3,25,2.51534904017e-15,2.40741243048e-31,0.011667542549,1.42886186366e-18,2.88327591969
energy,4,1,1.03909936211e-13,0,1.564853744,0,0.530672895818
energy,4,2,7.06899816461e-14,9.1289079364e-30,0.000429590281764,5.26096363508e-20,0.000101457381211
energy,4,3,-2.61075883135e-14,0,26.4728493269,0,2.82392244466
energy,4,4,13.5853750365,0,5.81536978728,0,2.17165934162e-12
energy,4,5,-1.69135538908e-15,0,0.375032973549,0,1.46647067748
energy,4,6,-7.5894152074e-15,0,3.23838587091,0,123.600248578
energy,4,7,-4.30211422042e-14,0,0.35458658608,0,13.8423880394
energy,4,8,2.1553939189e-14,0,0.0255528457861,0,1.02780035504
energy,4,9,2.83952548974e-14,0,0.167716291552,0,6.92688318075
energy,4,10,3.97360096216e-15,0,-0.0420376034011,0,1.75697872036
energy,4,11,7.31185945124e-14,8.57038825252e-30,-0.0196395220374,-2.40514777999e-18,1.23705600117
energy,4,12,2.7582103268e-14,2.96593211436e-30,-0.00551026572044,-6.748129277e-19,0.355975440104
energy,4,13,-6.1669419571e-14,0,-0.0881451668039,0,5.86031416657
energy,4,14,-1.90819582357e-14,-2.38815313104e-30,2.72376875884,3.33565469213e-16,185.083420965
energy,4,15,-1.81061762805e-15,0,-0.0508162914733,0,4.12523734395
energy,4,16,5.13478148889e-14,6.21112407065e-30,0.0539544479668,6.60751420023e-18,8.40149980913
energy,4,17,-5.27355936697e-14,0,-0.0178469707339,0,2.82874809083
energy,4,18,2.94035629178e-14,3.63037794517e-30,0.000140211510792,1.71709577894e-20,0.0227565583141
energy,4,19,3.6212352561e-14,4.41519439751e-30,-0.00357751605922,-4.38119359082e-19,0.593203063382
energy,4,20,-3.55618312575e-15,0,0.00396103647812,0,0.763130438504
energy,4,21,-4.58400678527e-14,0,-0.00136717623592,0,0.301640696898
energy,4,22,8.19656842399e-15,9.9426133379e-31,0.000180555910144,2.21117217425e-20,0.0409072840321
energy,4,23,-1.90169061054e-14,0,0.0122198894362,0,2.86152398181
energy,4,24,-5.01443504775e-14,-6.07931824008e-30,-0.0112815807311,-1.38159517317e-18,2.72013016636
energy,4,25,-4.64038529824e-15,-5.72964158455e-31,0.0203209095259,2.48859368067e-18,5.01952295051
energy,5,1,-1.40946282423e-15,0,0.314412108657,0,1.33605163784
energy,5,2,-2.12503625807e-15,-2.64815367353e-31,0.536048999499,6.56470691422e-17,2.22268272613
energy,5,3,-1.77809156288e-15,0,0.573353553221,0,2.30311366378
energy,5,4,-9.54097911787e-16,0,0.375032973549,0,1.46647067748
energy,5,5,16.1591448165,0,79.4464753229,0,6.74690280893e-13
energy,5,6,-2.8135046376e-15,0,-0.48437613909,0,16.5932708211
energy,5,7,6.47268696974e-15,0,0.874418740084,0,30.7164585537
energy,5,8,8.28330459779e-15,0,1.1298040951,0,41.0257796952
energy,5,9,7.97227409956e-15,0,1.24630116016,0,46.6003841996
energy,5,10,-6.51063404578e-15,0,-1.14354710012,0,43.3234669174
energy,5,11,1.42030484596e-15,1.85370757147e-31,-0.134470992071,-1.64679470018e-17,7.94425660758
energy,5,12,2.10335221462e-15,2.86482079228e-31,-0.207793736289,-2.54473934029e-17,12.6114138965
energy,5,13,2.93818788744e-15,0,-0.202394663888,0,12.6647569725
energy,5,14,-1.92987986702e-15,-2.43148655479e-31,0.125022791751,1.53108761739e-17,8.00658202092
energy,5,15,-9.33606490727e-14,0,2.87249129666,0,221.955049278
energy,5,16,-1.09504419421e-15,-1.34815096107e-31,-0.0225388176366,-2.76020908752e-18,3.4214925723
energy,5,17,-2.55871712707e-15,0,-0.0356600759052,0,5.51268886294
energy,5,18,3.95733792957e-15,4.74260248805e-31,0.035216038589,4.31272089366e-18,5.57791753286
energy,5,19,-3.58328818006e-15,-4.29121265734e-31,-0.0219631309539,-2.6897078022e-18,3.5559183875
energy,5,20,1.2348249593e-13,0,0.106373905364,0,20.0779720932
energy,5,21,1.95495204226e-14,0,-0.00400326897013,0,0.867589240308
energy,5,22,3.49031784377e-14,4.29843489463e-30,-0.0100329655197,-1.22868391097e-18,2.23386715962
energy,5,23,-4.47789049764e-14,0,0.0154042764247,0,3.54697543188
energy,5,24,-4.51221227266e-14,-5.4957464206e-30,0.015748265634,1.92860631009e-18,3.73552417141
energy,5,25,1.12301661026e-13,1.38378066504e-29,-0.0365179508125,-4.4721591574e-18,8.87760390601
energy,6,1,-3.59087759527e-14,0,0.0510261705537,0,1.9648320486
energy,6,2,1.40512601554e-14,1.67555905162e-30,0.0142863058032,1.74956786735e-18,0.548642884295
energy,6,3,1.94289029309e-14,0,0.285994404156,0,10.9461245807
energy,6,4,-4.28476698566e-14,0,3.23838587091,0,123.600248578
energy,6,5,-6.70036942596e-15,0,-0.48437613909,0,16.5932708211
energy,6,6,38.7075083119,0,7.71015534243,0,2.27707969801e-12
energy,6,7,2.47024622979e-13,0,-27.0267375831,0,23.5366320463
energy,6,8,-3.35842464949e-13,0,-0.00877618741774,0,0.018037701591
energy,6,9,-6.38378239159e-14,0,-2.49713817645,0,7.82591913606
energy,6,10,-7.14706072102e-14,0,0.332352310988,0,1.20582972716
energy,6,11,-2.09901540593e-14,-1.74296659967e-30,-0.206666007067,-2.53092864047e-17,5.12962630534
energy,6,12,-4.30211422042e-14,-5.20001084985e-30,-0.00858006778105,-1.05075525445e-18,0.226813990984
energy,6,13,-4.68375338514e-15,0,-1.00366534553,0,28.4213586488
energy,6,14,-3.1918911958e-14,-4.50667606987e-30,1.7720415226,2.1701249786e-16,52.7784574841
energy,6,15,-1.06197602795e-14,0,-0.567934182035,0,24.4280907265
energy,6,16,5.88071258356e-14,7.14520009368e-30,-0.360277144031,-4.41212251244e-17,42.3496576111
energy,6,17,4.30211422042e-14,0,0.0108405845747,0,1.30447943082
energy,6,18,2.02962646689e-14,2.61926472437e-30,0.00236471576851,2.89594159679e-19,0.293542577496
energy,6,19,-9.80118763927e-14,-1.20274325027e-29,-0.000797793937827,-9.77015792339e-20,0.101835993713
energy,6,20,-4.98732999343e-15,0,0.0909634912353,0,14.0531354465
energy,6,21,5.74193470548e-14,0,0.0660895801376,0,12.0589164393
energy,6,22,6.87384177356e-14,8.36816560836e-30,0.00915570635038,1.12125064759e-18,1.72489602718
energy,6,23,7.58507839871e-14,0,-0.433938151629,0,85.0528083728
energy,6,24,4.29452480522e-14,5.55871530199e-30,-1.04413491228,-1.2786964782e-16,211.902234939
energy,6,25,1.86482773668e-15,3.37037740268e-31,-0.866688985403,-1.06138789183e-16,181.004069885
energy,7,1,-2.23779328401e-14,0,-0.0160000379362,0,0.630037075369
energy,7,2,2.87964097012e-14,3.89037848766e-30,-0.413769632818,-5.06721656415e-17,16.2505029552
energy,7,3,2.98372437868e-14,0,-2.78884613619,0,109.16875854
energy,7,4,-4.73579508942e-14,0,0.35458658608,0,13.8423880394
energy,7,5,1.0126448291e-14,0,0.874418740084,0,30.7164585537
energy,7,6,3.10168557505e-13,0,-27.0267375831,0,23.5366320463
energy,7,7,39.280721878,0,7.35800621969,0,5.48185853225e-12
energy,7,8,1.16573417586e-13,0,29.6599639851,0,35.1303200695
energy,7,9,-1.37390099297e-13,0,0.0834154464836,0,0.188776702233
energy,7,10,-7.07767178199e-14,0,-3.42798663863,0,9.45199581444
energy,7,11,3.90312782095e-14,4.64149116597e-30,0.0102901568357,1.26018076316e-18,0.246449121941
energy,7,12,3.17454396104e-14,3.44741460045e-30,1.76546881246,2.16207573018e-16,45.1326628256
energy,7,13,3.24393290008e-14,0,1.67762482454,0,46.0452657351
energy,7,14,-4.42354486374e-14,-5.52741894039e-30,1.34517095725,1.64735930711e-16,38.8930892056
energy,7,15,3.71556084511e-14,0,1.0549085584,0,44.4552405872
energy,7,16,-3.41740524767e-14,-4.17926797932e-30,0.01928115478,2.36126044852e-18,2.24965919508
energy,7,17,-2.30718222305e-14,0,0.327916234077,0,39.1735543766
energy,7,18,-3.31332183912e-14,-4.04445288321e-30,0.0109912160523,1.34603575572e-18,1.35481616818
energy,7,19,-2.18575157973e-14,-2.48444962826e-30,0.00358936892373,4.39570916341e-19,0.455046279468
energy,7,20,1.43114686768e-14,0,-0.205940951225,0,31.6368912389
energy,7,21,1.79543879764e-14,0,-0.0081527479297,0,1.48047655539
energy,7,22,-3.64291929955e-15,-5.58519683872e-31,-0.563217160019,-6.89742092243e-17,105.617224868
energy,7,23,8.17922118923e-14,0,0.818038846291,0,159.624967131
energy,7,24,-7.75204553327e-14,-9.55381623038e-30,-0.894573092961,-1.0955360749e-16,180.770319964
energy,7,25,-2.37657116209e-14,-2.60000542492e-30,0.637340687291,7.80517232657e-17,132.550678891
energy,8,1,-1.28369537222e-14,0,-0.407442996081,0,16.5265640899
energy,8,2,1.75207071074e-14,1.96444854327e-30,-2.11141325692,-2.58573548676e-16,85.4250612293
energy,8,3,2.42861286637e-15,0,0.61541772183,0,24.8193118586
energy,8,4,3.71230823859e-14,0,0.0255528457861,0,1.02780035504
energy,8,5,-3.72965547335e-15,0,1.1298040951,0,41.0257796952
energy,8,6,-3.08086889333e-13,0,-0.00877618741774,0,0.0180377015984
energy,8,7,1.85962356625e-13,0,29.6599639851,0,35.1303200695
energy,8,8,40.0603316145,0,6.24383658746,0,4.04814168536e-12
energy,8,9,1.4155343564e-13,0,32.0688051949,0,34.5911699326
energy,8,10,3.77475828373e-13,0,-2.25497846656,0,3.54678056836
energy,8,11,-3.86192813839e-14,-4.18889762904e-30,2.23103621934,2.7322313648e-16,50.7907694057
energy,8,12,-2.36572914036e-14,-3.11519168505e-30,1.6179441034,1.98141006742e-16,39.4449721886
energy,8,13,5.40474782984e-14,0,-2.87161935747,0,75.4152273412
energy,8,14,-6.01461155186e-14,-7.40941360792e-30,0.0271447533823,3.32427353432e-18,0.752688295002
energy,8,15,4.00721122951e-14,0,1.43686594112,0,58.8495540961
energy,8,16,4.2674197509e-14,5.20964049957e-30,0.000320500736799,3.92500201447e-20,0.0370153172934
energy,8,17,3.45209971719e-14,0,0.0387945331707,0,4.58852587559
energy,8,18,7.14706072102e-14,8.66668474974e-30,-0.268309383083,-3.28584227174e-17,32.7549683985
energy,8,19,-8.01442245901e-14,-9.89927991415e-30,-0.00535784552303,-6.56146837011e-19,0.672900864482
energy,8,20,2.17057274932e-14,0,-0.366418529708,0,55.8556464786
energy,8,21,4.85722573274e-14,0,-0.561629368477,0,101.322376082
energy,8,22,2.88397777881e-14,3.39445152698e-30,-0.704722280171,-8.63035884699e-17,131.318255943
energy,8,23,6.92154666915e-14,0,-1.12764316921,0,218.702834121
energy,8,24,9.52363188311e-14,1.16940058811e-29,-0.0690401329844,-8.45497778721e-18,13.8694697696
energy,8,25,5.11743425413e-15,3.80371164016e-31,0.57975295258,7.09992597673e-17,119.887212312
energy,9,1,3.67761376907e-14,0,-1.28182186272,0,53.3754652653
energy,9,2,-2.61075883135e-14,-3.06222861158e-30,0.845598474721,1.03555946543e-16,35.123934133
energy,9,3,2.57606436183e-14,0,0.0502437812721,0,2.08048780837
energy,9,4,1.57426155445e-14,0,0.167716291552,0,6.92688318075
energy,9,5,2.61102988189e-14,0,1.24630116016,0,46.6003841996
energy,9,6,-3.1918911958e-14,0,-2.49713817645,0,7.82591913606
energy,9,7,-1.73472347598e-13,0,0.0834154464836,0,0.18877670223
energy,9,8,1.19348975147e-13,0,32.0688051949,0,34.5911699326
energy,9,9,40.770315086,0,1.57050325651,0,9.27699136228e-13
energy,9,10,9.85322934355e-14,0,-39.3758368106,0,19.4600085177
energy,9,11,-2.77555756156e-15,-4.23704587765e-31,1.83547583638,2.24780960793e-16,39.8057744525
energy,9,12,6.93889390391e-15,7.70371977755e-31,-4.95207060841,-6.06453741974e-16,115.38836099
energy,9,13,-6.93889390391e-15,0,-0.0756808484173,0,1.90591695612
energy,9,14,-3.66026653431e-14,-4.14074938043e-30,0.839453149822,1.02803361296e-16,22.3714511657
energy,9,15,4.05057931641e-14,0,1.67901369995,0,66.9560960249
energy,9,16,5.31259064518e-14,6.58186558494e-30,0.0150065053611,1.83776687569e-18,1.71694664156
energy,9,17,-5.07406616723e-14,0,0.00111837168635,0,0.131072028105
energy,9,18,4.31946145518e-14,5.59482648844e-30,-0.0553546987763,-6.77899546741e-18,6.69794327757
energy,9,19,-1.69135538908e-15,-5.10371435263e-31,0.161439482487,1.97706345484e-17,20.1013196826
energy,9,20,3.9876955904e-14,0,-0.55429047077,0,83.8963448185
energy,9,21,-7.79107681148e-14,0,-0.615813568439,0,110.433383672
energy,9,22,1.10686199789e-13,1.37463249781e-29,1.34791638022,1.65072148056e-16,249.71738762
energy,9,23,5.60966204044e-14,0,-0.0623353649647,0,12.0225089815
energy,9,24,2.72080535185e-14,3.59185934628e-30,-0.447413883937,-5.47923980857e-17,89.3983535236
energy,9,25,-7.26415455565e-14,-8.85446291932e-30,0.470962688544,5.76762949043e-17,96.8824488339
energy,10,1,1.56341953272e-14,0,-1.01444029307,0,42.7429611627
energy,10,2,-2.50450701844e-14,-3.13445098449e-30,-0.166265219071,-2.03616168344e-17,6.98838967052
energy,10,3,-9.34582272683e-15,0,-0.248449125661,0,10.4105348545
energy,10,4,1.34441069388e-15,0,-0.0420376034011,0,1.75697872036
energy,10,5,-2.62214295416e-14,0,-1.14354710012,0,43.3234669174
energy,10,6,-4.51028103754e-14,0,0.332352310988,0,1.20582972715
energy,10,7,-8.32667268469e-15,0,-3.42798663863,0,9.45199581445
energy,10,8,3.5527136788e-13,0,-2.25497846656,0,3.54678056836
energy,10,9,1.01307850997e-13,0,-39.3758368106,0,19.4600085177
energy,10,10,41.095611291,0,20.1270452314,0,5.0601771067e-13
energy,10,11,-4.47558656802e-14,-5.50815964095e-30,6.79434423289,8.32067191711e-16,143.990394006
energy,10,12,-1.97758476261e-14,-2.61926472437e-30,0.768082570629,9.40629861602e-17,17.5175218017
energy,10,13,2.15105711021e-14,0,1.37453181601,0,33.9363628875
energy,10,14,-5.16947595841e-14,-6.43260601425e-30,-0.169571308249,-2.07664959874e-17,4.43527619448
energy,10,15,-5.06322414551e-14,0,-1.58531817941,0,62.4362012558
energy,10,16,5.88938620094e-14,7.03927394674e-30,-0.00384291650579,-4.70621539821e-19,0.437782271566
energy,10,17,-8.67361737988e-16,0,-0.0231014207629,0,2.69604610088
energy,10,18,2.48065457065e-14,3.12000650991e-30,0.00748244976,9.16335814837e-19,0.901681847217
energy,10,19,-1.98625837999e-14,-2.53259787687e-30,-0.044911369743,-5.50005652011e-18,5.56985514799
energy,10,20,-1.61762964135e-14,0,0.593777000783,0,89.5794987487
energy,10,21,-7.8062556419e-15,0,-1.52185771181,0,272.16147763
energy,10,22,8.77336397975e-14,1.06070591687e-29,-0.220823013831,-2.70430197066e-17,40.8009311939
energy,10,23,7.27933338607e-14,0,0.462857512274,0,89.0417406741
energy,10,24,7.34763812293e-14,8.94925478377e-30,0.115424381911,1.4135409985e-17,23.0060526579
energy,10,25,3.0617869351e-14,3.85185988877e-30,-0.436026421307,-5.33978361197e-17,89.4801668612
energy,11,1,2.98372437868e-14,-9.62964972194e-31,-3.18711455405,3.90308963713e-16,201.831075203
energy,11,2,-6.80011602583e-14,-4.40074992292e-30,-0.0959369255666,-1.54074395551e-32,6.06554145412
energy,11,3,3.12250225676e-14,-6.77927340424e-30,-0.00559938781366,6.85727236318e-19,0.353292049266
energy,11,4,1.16573417586e-13,-1.05926146941e-29,-0.0196395220374,2.40514777999e-18,1.23705600117
energy,11,5,-1.60461921528e-15,6.40371706509e-31,-0.134470992071,1.64679470018e-17,7.94425660758
energy,11,6,-2.72351585728e-14,3.27408090546e-31,-0.206666007067,2.53092864047e-17,5.12962630534
energy,11,7,1.87350135405e-14,-8.35853595864e-30,0.0102901568357,-1.26018076316e-18,0.246449121943
energy,11,8,-1.63064006742e-14,1.19889139038e-30,2.23103621934,-2.7322313648e-16,50.7907694057
energy,11,9,5.89805981832e-15,1.54074395551e-31,1.83547583638,-2.24780960793e-16,39.8057744525
energy,11,10,-2.63677968348e-14,2.5037089277e-30,6.79434423289,-8.32067191711e-16,143.990394006
energy,11,11,55.0448896487,-2.31111593326e-31,7.35457457183,3.85185988877e-32,3.37345140446e-13
energy,11,12,-5.30131494259e-13,-7.39557098645e-30,26.6364045936,1.23259516441e-31,42.9947952043
energy,11,13,1.98452365652e-13,-2.53452380681e-29,0.00544215037661,-6.6647120392e-19,0.0190296397497
energy,11,14,-3.66026653431e-13,1.15555796663e-30,-1.60735599997,6.16297582204e-32,7.97752156228
energy,11,15,-6.41847686111e-15,4.42963887209e-31,-0.900122870338,1.102332592e-16,16.3744361621
energy,11,16,1.21083698623e-13,4.62223186653e-31,-0.0531605132869,3.17778440824e-32,4.92939327323
energy,11,17,-1.00613961607e-13,1.40978071929e-29,-0.0165708500039,2.02934384165e-18,1.58271651632
energy,11,18,9.71445146547e-14,3.37639593375e-30,0.297740679598,3.08148791102e-32,29.5696839292
energy,11,19,-3.64291929955e-14,-3.6881558435e-30,-3.71133363309,1.00148357108e-31,381.622100491
energy,11,20,-2.79290479632e-14,3.18741405796e-30,-0.226012297926,2.76785237223e-17,29.307283549
energy,11,21,-3.64291929955e-14,4.8726027593e-30,0.251631632199,-3.08159872937e-17,39.6678020274
energy,11,22,-7.06032454723e-14,-1.54074395551e-30,-0.100756148935,-4.62223186653e-32,16.4811753059
energy,11,23,6.93889390391e-15,2.09926363938e-30,0.0061872928591,-7.57724839529e-19,1.05914879182
energy,11,24,-8.38955641069e-14,-3.80852646503e-30,0.0588843300138,3.85185988877e-32,10.4887366522
energy,11,25,3.67761376907e-14,-2.64815367353e-31,-0.0678894305103,-1.54074395551e-32,12.4933266472
energy,12,1,-6.45317133063e-14,6.47112461314e-30,0.0868749871096,-1.0639117489e-17,5.64177871699
energy,12,2,9.29811783124e-14,1.75741107425e-31,-3.00529296583,1.07852076886e-31,194.858387469
energy,12,3,-2.49800180541e-14,-1.92592994439e-30,-0.12016098785,1.47154769153e-17,7.77548534474
energy,12,4,1.94289029309e-14,-5.39260384428e-31,-0.00551026572044,6.74812927699e-19,0.355975440106
energy,12,5,-1.77809156288e-15,6.4518653137e-31,-0.207793736289,2.54473934029e-17,12.6114138965
energy,12,6,-2.60208521397e-14,6.00890142649e-30,-0.00858006778104,1.05075525445e-18,0.226813990981
energy,12,7,-2.77555756156e-15,-4.04445288321e-30,1.76546881246,-2.16207573018e-16,45.1326628256
energy,12,8,5.98479599212e-15,9.4370567275e-31,1.6179441034,-1.98141006742e-16,39.4449721886
energy,12,9,3.1918911958e-14,-3.69778549322e-30,-4.95207060841,6.06453741974e-16,115.38836099
energy,12,10,-6.93889390391e-16,-2.08000433994e-30,0.768082570629,-9.40629861602e-17,17.5175218017
energy,12,11,-5.20417042793e-13,-5.54667823984e-30,26.6364045936,0,42.9947952043
energy,12,12,56.1073336498,-1.30963236218e-29,6.32910999399,1.23259516441e-31,3.79513283002e-12
energy,12,13,1.20736753928e-13,-2.11081921905e-29,28.1697764185,-3.44980265236e-15,53.0317657866
energy,12,14,1.74860126378e-13,1.42518815885e-30,-0.00648325976634,5.39260384428e-32,0.0217124135244
energy,12,15,-3.0184188482e-14,2.58074612548e-30,-1.59914605201,1.95838909397e-16,26.5093604833
energy,12,16,-1.16573417586e-13,1.2951878876e-30,-0.0180398497122,-5.39260384428e-32,1.64365501857
energy,12,17,8.60422844084e-14,-3.54371109767e-30,-0.407104031489,4.98558649083e-17,38.2262353676
energy,12,18,1.45022882592e-13,2.20037496146e-30,4.13989532799,6.54816181092e-32,404.465345955
energy,12,19,-7.35522753814e-14,8.49816587961e-31,0.355713449188,-6.16297582204e-32,36.0024697548
energy,12,20,-4.5276282723e-14,5.83556773149e-30,-0.327560483883,4.01145898115e-17,41.946430268
energy,12,21,-6.14092110496e-14,8.28149876087e-30,0.0160314772721,-1.96328973268e-18,2.50136276944
energy,12,22,-5.79397640976e-14,-1.13148384233e-30,0.270013544964,4.62223186653e-32,43.7315953705
energy,12,23,-3.105155022e-14,6.16297582204e-30,0.182775886631,-2.23835904524e-17,30.9927873578
energy,12,24,-1.96891114523e-14,-4.29482377598e-30,0.0150277474319,5.39260384428e-32,2.65255183611
energy,12,25,7.8062556419e-14,1.66352198946e-30,-0.140213741209,-7.51112678311e-32,25.5764563058
energy,13,1,6.93889390391e-14,0,0.00482504930636,0,0.322428728735
energy,13,2,-5.82867087928e-14,-7.8577941731e-30,0.109150382684,1.3367066678e-17,7.2826201452
energy,13,3,8.32667268469e-14,0,-2.83339770592,0,188.680137376
energy,13,4,-5.06539254985e-14,0,-0.0881451668039,0,5.86031416657
energy,13,5,-1.43114686768e-15,0,-0.202394663888,0,12.6647569725
energy,13,6,-2.74086309204e-14,0,-1.00366534553,0,28.4213586488
energy,13,7,1.80411241502e-14,0,1.67762482454,0,46.0452657351
energy,13,8,6.1355000941e-14,0,-2.87161935747,0,75.4152273412
energy,13,9,-1.2490009027e-14,0,-0.0756808484173,0,1.90591695612
energy,13,10,4.16333634234e-15,0,1.37453181601,0,33.9363628875
energy,13,11,1.92901250529e-13,2.3342270926e-29,0.00544215037661,6.6647120392e-19,0.0190296397502
energy,13,12,2.02615701994e-13,2.31111593326e-29,28.1697764185,3.44980265236e-15,53.0317657866
energy,13,13,57.3464681676,0,4.86401681233,0,6.40955766848e-12
energy,13,14,2.35228503342e-13,2.78874655947e-29,-26.4866663482,-3.24368111634e-15,38.8405679433
energy,13,15,-6.93889390391e-15,0,-1.84804099879,0,27.1562622637
energy,13,16,-1.00613961607e-13,-1.24029888419e-29,-0.341829504022,-4.18620407955e-17,30.5014054749
energy,13,17,-1.79023462721e-13,0,-4.73639643805,0,435.821302152
energy,13,18,-5.34294830601e-14,-5.85482703094e-30,-0.496845520915,-6.08460276859e-17,47.6061662287
energy,13,19,-6.0368376964e-14,-7.8577941731e-30,0.0240350848113,2.94344896814e-18,2.38739112153
energy,13,20,-5.01335084557e-14,0,-0.30460696612,0,38.4336244372
energy,13,21,2.08166817117e-15,0,0.00164081378969,0,0.252924287538
energy,13,22,7.07767178199e-14,8.12742436531e-30,0.033948346204,4.15747335151e-18,5.43438913472
energy,13,23,-7.8062556419e-15,0,-0.300642742006,0,50.4131518273
energy,13,24,3.17454396104e-14,3.87111918822e-30,0.210511156781,2.57801814337e-17,36.7610788272
energy,13,25,4.6143644461e-14,6.24001301981e-30,-0.184130735397,-2.25495115729e-17,33.2407362037
energy,14,1,-7.25114412958e-14,7.93483137088e-30,-0.0148228603395,1.81527684689e-18,1.01225822825
energy,14,2,-1.83880688454e-14,-1.41555850912e-30,-0.00497138904304,1.46370675773e-31,0.338986075325
energy,14,3,4.7878367937e-14,-9.78372411749e-30,-0.0830578211679,1.01716494837e-17,5.65274058569
energy,14,4,-6.66133814775e-14,9.89927991415e-30,2.72376875884,-3.33565469213e-16,185.083420965
energy,14,5,4.11996825544e-15,-6.16297582204e-31,0.125022791751,-1.53108761739e-17,8.00658202092
energy,14,6,2.08166817117e-14,5.98964212704e-30,1.7720415226,-2.1701249786e-16,52.7784574841
energy,14,7,-1.3357370765e-14,4.04445288321e-31,1.34517095725,-1.64735930711e-16,38.8930892056
energy,14,8,-2.84901225875e-14,8.48101306604e-30,0.0271447533823,-3.32427353433e-18,0.752688295003
energy,14,9,-3.98986399475e-14,3.1585251088e-30,0.839453149822,-1.02803361296e-16,22.3714511657
energy,14,10,-4.92661467177e-14,5.39260384428e-30,-0.169571308249,2.07664959874e-17,4.43527619448
energy,14,11,-4.17027523625e-13,-1.00918729086e-29,-1.60735599997,0,7.97752156228
energy,14,12,2.17187379192e-13,4.42963887209e-30,-0.00648325976634,1.15555796663e-32,0.02171241352
energy,14,13,3.08780778724e-13,-3.43585902079e-29,-26.4866663482,3.24368111634e-15,38.8405679433
energy,14,14,58.3116831132,7.31853378867e-30,3.43416625679,-6.16297582204e-32,3.03610626402e-12
energy,14,15,1.5092094241e-14,-2.34963453215e-30,1.31512925123,-1.61056882799e-16,17.3967946773
energy,14,16,3.05311331772e-14,1.15555796663e-31,5.29255231802,9.62964972194e-33,464.492703209
energy,14,17,9.15933995316e-14,-1.59466999395e-29,-0.399379768393,4.89099155006e-17,36.1634214707
energy,14,18,-9.57567358739e-14,-1.44444745829e-32,0.0255532176327,-5.77778983316e-33,2.41095674509
energy,14,19,-1.65839564303e-13,2.96593211436e-30,-0.0846839400988,1.92592994439e-32,8.28742476825
energy,14,20,2.7148422399e-14,-3.43778495073e-30,0.183365790993,-2.24558329013e-17,22.867191457
energy,14,21,-1.44849410244e-13,1.40785478935e-29,0.0107118210169,-1.31181973214e-18,1.63547245403
energy,14,22,3.98986399475e-14,6.93334779979e-31,-0.00169541713314,-4.62223186653e-32,0.268913079056
energy,14,23,-3.0184188482e-14,4.58371326764e-30,0.0597785325437,-7.32075885374e-18,9.93627768885
energy,14,24,-5.63785129692e-15,2.40741243048e-32,0.36011675205,3.85185988877e-32,62.3582773381
energy,14,25,-3.41740524767e-14,4.81482486097e-32,0.259502320251,2.31111593326e-32,46.466871334
energy,15,1,-8.67361737988e-17,0,-0.0341029645723,0,2.7800240599
energy,15,2,-6.07153216592e-16,1.25185446385e-31,-0.0617887096624,-7.56693455115e-18,5.03056473777
energy,15,3,1.21430643318e-15,0,-0.0718997220462,0,5.84444783991
energy,15,4,-2.16840434497e-16,0,-0.0508162914733,0,4.12523734395
energy,15,5,9.79847713384e-14,0,2.87249129666,0,221.955049278
energy,15,6,-1.89193279099e-14,0,-0.567934182035,0,24.4280907265
energy,15,7,4.17634676841e-14,0,1.0549085584,0,44.4552405873
energy,15,8,7.00828284295e-14,0,1.43686594112,0,58.8495540961
energy,15,9,6.26668855697e-14,0,1.67901369995,0,66.9560960249
energy,15,10,-5.87203896618e-14,0,-1.58531817941,0,62.4362012558
energy,15,11,-9.19403442268e-15,-1.11703936774e-30,-0.900122870338,-1.102332592e-16,16.3744361621
energy,15,12,-1.80411241502e-14,-2.42667172993e-30,-1.59914605201,-1.95838909397e-16,26.5093604833
energy,15,13,-1.70002900646e-14,0,-1.84804099879,0,27.1562622637
energy,15,14,1.70002900646e-14,2.08000433994e-30,1.31512925123,1.61056882799e-16,17.3967946773
energy,15,15,67.0186434758,0,78.5717551339,0,1.34938056179e-12
energy,15,16,-8.84708972748e-15,-1.13629866719e-30,-0.655466490188,-8.02714939157e-17,48.8553642566
energy,15,17,-1.5959455979e-14,0,-0.981013938898,0,75.8527389436
energy,15,18,2.22044604925e-14,2.54222752659e-30,0.919674655683,1.12627662334e-16,74.6060458549
energy,15,19,-1.3357370765e-14,-1.65629975217e-30,-0.557831386294,-6.83146421689e-17,47.2119492288
energy,15,20,1.18655085757e-13,0,3.85332640078,0,429.5682693
energy,15,21,7.6761513812e-15,0,0.21799257856,0,30.3992866345
energy,15,22,1.39645239816e-14,1.29037306274e-30,0.311216325343,3.81130076673e-17,45.245733851
energy,15,23,-1.79110198895e-14,0,-0.294359801771,0,45.0340938791
energy,15,24,-2.35732657353e-14,-2.91537645332e-30,-0.214325108811,-2.62472558482e-17,34.2776742253
energy,15,25,5.9934696095e-14,7.57853433116e-30,0.386861771194,4.73769029805e-17,64.1545585529
energy,16,1,4.71844785466e-14,-1.23259516441e-30,0.00303056786077,-3.7113752303e-19,0.472931642
energy,16,2,8.32667268469e-15,-2.22444908577e-30,0.000115233697898,2.5037089277e-32,0.0179707938626
energy,16,3,-5.75928194024e-14,2.08000433994e-30,0.0169230759418,-2.07247907839e-18,2.63697664575
energy,16,4,3.60822483003e-14,-1.84889274661e-30,0.0539544479668,-6.60751420023e-18,8.40149980913
energy,16,5,-1.04083408559e-15,-1.05926146941e-31,-0.0225388176366,2.76020908752e-18,3.4214925723
energy,16,6,7.00828284295e-14,-7.04890359646e-30,-0.360277144031,4.41212251244e-17,42.3496576111
energy,16,7,-3.98986399475e-14,3.38963670212e-30,0.01928115478,-2.36126044852e-18,2.24965919508
energy,16,8,7.06032454723e-14,-3.4666738999e-30,0.000320500736799,-3.92500201447e-20,0.0370153172919
energy,16,9,4.25007251614e-14,-4.91112135819e-30,0.0150065053611,-1.83776687569e-18,1.71694664156
energy,16,10,7.42461647718e-14,-5.46964104206e-30,-0.00384291650579,4.70621539821e-19,0.437782271565
energy,16,11,1.4155343564e-13,8.05038716754e-30,-0.0531605132869,2.31111593326e-31,4.92939327323
energy,16,12,-4.71844785466e-14,4.70889871403e-30,-0.0180398497122,9.24446373306e-32,1.64365501857
energy,16,13,-1.04083408559e-13,7.39557098645e-30,-0.341829504022,4.18620407955e-17,30.5014054749
energy,16,14,6.52256026967e-14,-1.69481835106e-30,5.29255231802,9.38890847889e-32,464.492703209
energy,16,15,-8.32667268469e-15,8.85927774418e-31,-0.655466490188,8.02714939157e-17,48.8553642566
energy,16,16,116.078641777,-1.78726298839e-29,7.37521666357,0,5.0601771067e-13
energy,16,17,-2.3037127761e-13,3.62074829545e-29,26.61412921,-3.25929081491e-15,74.1335790626
energy,16,18,-9.99200722163e-14,-7.12594079423e-30,-0.00352883511712,1.54074395551e-32,0.0232442862984
energy,16,19,-1.38777878078e-14,-5.54667823984e-30,1.6186693009,9.24446373306e-32,16.3478219567
energy,16,20,1.04083408559e-14,-1.54074395551e-31,-1.02853471819,1.25959175044e-16,37.9988004263
energy,16,21,-1.29063426613e-13,1.29422492263e-29,-0.115823622591,1.41843028672e-17,7.51877824099
energy,16,22,-6.93889390391e-14,-3.89037848766e-30,0.0621303664339,-4.81482486097e-34,4.40183024582
energy,16,23,6.73072708679e-14,-4.46815747098e-30,0.259838593032,-3.18210501252e-17,20.3855588953
energy,16,24,4.7878367937e-14,1.86815204606e-30,-2.07374264133,3.08148791102e-32,177.093098705
energy,16,25,5.16947595841e-14,2.50852375256e-30,-0.0619360702764,0,5.65464101922
energy,17,1,2.77555756156e-14,0,0.000108947039917,0,0.0173050716419
energy,17,2,2.77555756156e-15,2.00296714216e-30,0.0214324299358,2.62471567188e-18,3.40210577221
energy,17,3,6.93889390391e-14,0,0.0473263769163,0,7.50628772356
energy,17,4,-4.09394740331e-14,0,-0.0178469707339,0,2.82874809083
energy,17,5,-3.03576608296e-15,0,-0.0356600759052,0,5.51268886294
energy,17,6,5.48172618409e-14,0,0.0108405845747,0,1.30447943082
energy,17,7,-5.48172618409e-14,0,0.327916234077,0,39.1735543766
energy,17,8,4.54497550706e-14,0,0.0387945331707,0,4.58852587559
energy,17,9,-6.05418493116e-14,0,0.00111837168635,0,0.131072028105
energy,17,10,2.08166817117e-15,0,-0.0231014207629,0,2.69604610088
energy,17,11,-9.15933995316e-14,-1.27881748307e-29,-0.0165708500039,-2.02934384165e-18,1.58271651633
energy,17,12,5.27355936697e-14,5.54667823984e-30,-0.407104031489,-4.98558649083e-17,38.2262353676
energy,17,13,-1.63757896132e-13,0,-4.73639643805,0,435.821302152
energy,17,14,9.85322934355e-14,1.27881748307e-29,-0.399379768393,-4.89099155006e-17,36.1634214707
energy,17,15,-2.01227923213e-14,0,-0.981013938898,0,75.8527389436
energy,17,16,-2.38697950294e-13,-3.28178462524e-29,26.61412921,3.25929081491e-15,74.1335790626
energy,17,17,117.912089257,0,6.81725083062,0,5.0601771067e-13
energy,17,18,-3.44169137634e-13,-4.31408307543e-29,-28.2063971147,-3.45428739421e-15,107.225497024
energy,17,19,8.74300631892e-14,1.03229845019e-29,0.00583146810412,7.14148874804e-19,0.0426516318166
energy,17,20,2.91433543964e-14,0,-2.12762346233,0,72.6777019613
energy,17,21,-3.67761376907e-14,0,0.0827911751164,0,5.1438373024
energy,17,22,-1.11022302463e-13,-1.54074395551e-29,-0.474872661597,-5.81551285028e-17,32.3211598377
energy,17,23,5.13478148889e-14,0,-3.5283815315,0,266.989818519
energy,17,24,-6.24500451352e-15,-9.24446373306e-31,-0.101755701549,-1.24614794197e-17,8.40627477254
energy,17,25,3.46944695195e-16,0,-0.14302669845,-1.7515718845e-17,12.6596549333
energy,18,1,5.96744875736e-14,-5.23852944873e-30,-0.016183213929,1.98187211381e-18,2.63205022878
energy,18,2,-4.16333634234e-14,7.99260926921e-30,-0.0409352668325,2.9851914138e-32,6.65352877099
energy,18,3,-4.16333634234e-15,1.69481835106e-30,0.0231360395501,-2.833347678e-18,3.75748516659
energy,18,4,3.46944695195e-15,4.31408307543e-30,0.000140211510792,-1.71709577894e-20,0.0227565583152
energy,18,5,-9.54097911787e-16,-6.74075480536e-31,0.035216038589,-4.31272089366e-18,5.57791753286
energy,18,6,1.94289029309e-14,-4.00593428433e-30,0.00236471576851,-2.89594159679e-19,0.293542577495
energy,18,7,-1.94289029309e-14,1.23259516441e-30,0.0109912160523,-1.34603575572e-18,1.35481616818
energy,18,8,9.43689570931e-14,-1.05155774964e-29,-0.268309383083,3.28584227174e-17,32.7549683985
energy,18,9,1.97758476261e-14,-2.9851914138e-30,-0.0553546987763,6.77899546741e-18,6.69794327757
energy,18,10,3.0184188482e-14,-2.61926472437e-30,0.00748244976,-9.16335814837e-19,0.901681847219
energy,18,11,1.08246744901e-13,1.37944732267e-30,0.297740679598,0,29.5696839292
energy,18,12,2.05391259556e-13,9.16261171042e-30,4.13989532799,2.42667172993e-31,404.465345955
energy,18,13,-3.46944695195e-14,5.23852944873e-30,-0.496845520915,6.08460276859e-17,47.6061662287
energy,18,14,-1.4155343564e-13,-6.01853107621e-30,0.0255532176327,-6.35556881648e-32,2.4109567451
energy,18,15,3.05311331772e-14,-2.54222752659e-30,0.919674655683,-1.12627662334e-16,74.6060458549
energy,18,16,-7.35522753814e-14,1.81037414772e-30,-0.00352883511712,-6.54816181092e-32,0.0232442862956
energy,18,17,-3.10862446895e-13,4.5297872292e-29,-28.2063971147,3.45428739421e-15,107.225497024
energy,18,18,120.414255836,-5.23852944873e-30,5.63422748945,2.42667172993e-31,2.86743369379e-12
energy,18,19,-3.60822483003e-14,6.47112461314e-30,-26.5658504273,0,93.3148547532
energy,18,20,2.77555756156e-14,-1.84889274661e-30,3.10456918731,-3.80200071798e-16,94.247392062
energy,18,21,-3.53883589099e-14,4.0829714821e-30,0.505119436105,-6.18592900613e-17,29.4630108527
energy,18,22,-4.16333634234e-15,-3.89037848766e-30,-5.63719678459,1.34815096107e-31,362.253780451
energy,18,23,-1.09634523682e-13,1.41748443907e-29,0.137922011177,-1.6890574952e-17,9.9121436267
energy,18,24,4.64905891562e-14,4.32130531272e-30,-0.107617208916,-3.08148791102e-32,8.48140496562
energy,18,25,2.91433543964e-14,2.17870824959e-30,0.165289042003,-5.39260384428e-32,14.0018115637
energy,19,1,7.00828284295e-14,-1.24800260396e-29,0.0374612904825,-4.58768494813e-18,6.22431882532
energy,19,2,-2.8449465006e-14,-4.0829714821e-30,-0.0174957056161,5.77778983316e-33,2.9051689227
energy,19,3,-6.93889390391e-16,1.92592994439e-30,-0.000141659991415,1.73483455054e-20,0.0235043533202
energy,19,4,5.41233724505e-14,-2.77333911992e-30,-0.00357751605922,4.38119359082e-19,0.59320306338
energy,19,5,-4.90059381963e-15,-1.39629920968e-31,-0.0219631309539,2.6897078022e-18,3.5559183875
energy,19,6,-1.09287578987e-13,1.46370675773e-29,-0.000797793937827,9.77015792339e-20,0.101835993713
energy,19,7,-1.49186218934e-14,5.00741785541e-30,0.00358936892373,-4.39570916341e-19,0.455046279469
energy,19,8,-5.89805981832e-14,7.51112678311e-30,-0.00535784552303,6.56146837011e-19,0.672900864481
energy,19,9,-5.55111512313e-15,1.86815204606e-30,0.161439482487,-1.97706345484e-17,20.1013196826
energy,19,10,-1.45716771982e-14,1.73333694995e-30,-0.044911369743,5.50005652011e-18,5.56985514799
energy,19,11,9.02056207508e-15,-5.39260384428e-31,-3.71133363309,-1.15555796663e-31,381.622100491
energy,19,12,-1.02695629778e-13,-1.32889166163e-30,0.355713449188,-3.08148791102e-32,36.0024697548
energy,19,13,-4.99600361081e-14,1.40207699951e-29,0.0240350848113,-2.94344896814e-18,2.38739112153
energy,19,14,-1.40859546249e-13,1.54074395551e-30,-0.0846839400988,-4.23704587765e-32,8.28742476825
energy,19,15,-1.49186218934e-14,1.8874113455e-30,-0.557831386294,6.83146421689e-17,47.2119492288
energy,19,16,1.94289029309e-14,-9.24446373306e-31,1.6186693009,-3.08148791102e-32,16.3478219567
energy,19,17,1.38777878078e-15,2.31111593326e-30,0.00583146810412,-7.14148874804e-19,0.0426516318206
energy,19,18,-8.60422844084e-14,-3.69778549322e-30,-26.5658504273,-1.84889274661e-31,93.3148547532
energy,19,19,122.726282447,8.78224054641e-30,3.89373973867,-1.54074395551e-31,2.10840712779e-12
energy,19,20,-2.91433543964e-14,3.85185988877e-30,-2.88720376302,3.53580484687e-16,77.5071371393
energy,19,21,1.97758476261e-14,-1.50222535662e-30,8.27188026405,-1.01301316883e-15,453.43315708
energy,19,22,-6.24500451352e-15,-1.23259516441e-30,0.192358134382,-3.85185988877e-33,11.6855155143
energy,19,23,-1.73472347598e-14,1.84889274661e-30,0.102197902739,-1.25156334469e-17,6.98575358834
energy,19,24,1.4224732503e-13,-4.62223186653e-31,0.0574872898435,-3.08148791102e-32,4.32869375411
energy,19,25,-1.5959455979e-14,-3.85185988877e-32,-0.125092480773,-7.70371977755e-33,10.1573196691
energy,20,1,3.46944695195e-16,0,0.00687062861919,0,1.32602033362
energy,20,2,3.46944695195e-16,-2.31111593326e-31,0.00884262101088,1.0829087517e-18,1.70570138631
energy,20,3,3.81639164715e-15,0,0.00724525277163,0,1.39663805563
energy,20,4,3.81639164715e-15,0,0.00396103647812,0,0.763130438503
energy,20,5,9.58651560912e-14,0,0.106373905364,0,20.0779720932
energy,20,6,3.46944695195e-16,0,0.0909634912353,0,14.0531354465
energy,20,7,-1.38777878078e-14,0,-0.205940951225,0,31.6368912389
energy,20,8,-2.42861286637e-14,0,-0.366418529708,0,55.8556464786
energy,20,9,-6.93889390391e-15,0,-0.55429047077,0,83.8963448185
energy,20,10,7.97972798949e-15,0,0.593777000783,0,89.5794987487
energy,20,11,-2.42861286637e-14,-2.88889491658e-30,-0.226012297926,-2.76785237223e-17,29.307283549
energy,20,12,-3.98986399475e-14,-5.00741785541e-30,-0.327560483883,-4.01145898115e-17,41.946430268
energy,20,13,-3.92047505571e-14,0,-0.30460696612,0,38.4336244372
energy,20,14,2.63677968348e-14,3.38963670212e-30,0.183365790993,2.24558329013e-17,22.867191457
energy,20,15,1.09461051334e-13,0,3.85332640078,0,429.5682693
energy,20,16,1.45716771982e-14,1.84889274661e-30,-1.02853471819,-1.25959175044e-16,37.9988004263
energy,20,17,2.77555756156e-14,0,-2.12762346233,0,72.6777019613
energy,20,18,2.35922392733e-14,3.38963670212e-30,3.10456918731,3.80200071798e-16,94.247392062
energy,20,19,-2.49800180541e-14,-3.38963670212e-30,-2.88720376302,-3.53580484687e-16,77.5071371393
energy,20,20,140.3960171,0,74.6035203626,0,1.70241710466e-29
energy,20,21,-2.22044604925e-14,0,3.39403223911,0,94.9350225787
energy,20,22,-2.49800180541e-14,-3.38963670212e-30,3.96570136853,4.85658348734e-16,134.451924362
energy,20,23,5.96744875736e-14,0,-3.22151629368,0,133.72547429
energy,20,24,5.30825383649e-14,6.77927340424e-30,-2.24253137849,-2.74630887466e-16,108.657871208
energy,20,25,-2.20309881449e-13,-2.58844984526e-29,4.22409969459,5.17303017025e-16,229.594308234
energy,21,1,9.83588210879e-14,0,0.0136602451065,0,3.01849837208
energy,21,2,1.5959455979e-14,1.61778115329e-30,-0.00724232659678,-8.86929208513e-19,1.5995881543
energy,21,3,1.87350135405e-14,0,9.36114113459e-05,0,0.0206635127934
energy,21,4,-3.72965547335e-14,0,-0.00136717623592,0,0.301640696898
energy,21,5,1.2490009027e-14,0,-0.00400326897013,0,0.867589240308
energy,21,6,4.59701721134e-14,0,0.0660895801376,0,12.0589164393
energy,21,7,3.29597460436e-15,0,-0.00815274792971,0,1.48047655539
energy,21,8,6.67868538251e-14,0,-0.561629368477,0,101.322376082
energy,21,9,-4.3975240116e-14,0,-0.615813568439,0,110.433383672
energy,21,10,2.53269627493e-14,0,-1.52185771181,0,272.16147763
energy,21,11,-4.64905891562e-14,-5.77778983316e-30,0.251631632199,3.08159872937e-17,39.6678020274
energy,21,12,-4.85722573274e-14,-6.00890142649e-30,0.0160314772721,1.96328973268e-18,2.50136276944
energy,21,13,4.85722573274e-15,0,0.00164081378969,0,0.252924287535
energy,21,14,-7.8062556419e-14,-1.0284465903e-29,0.0107118210169,1.31181973214e-18,1.63547245403
energy,21,15,1.49186218934e-14,0,0.21799257856,0,30.3992866345
energy,21,16,-1.07552855511e-13,-1.34044724129e-29,-0.115823622591,-1.41843028672e-17,7.51877824099
energy,21,17,-2.08166817117e-14,0,0.0827911751164,0,5.14383730241
energy,21,18,-4.02455846427e-14,-3.85185988877e-30,0.505119436105,6.18592900613e-17,29.4630108527
energy,21,19,3.46944695195e-15,1.23259516441e-30,8.27188026405,1.01301316883e-15,453.43315708
energy,21,20,-1.38777878078e-14,0,3.39403223911,0,94.9350225787
energy,21,21,158.806969782,0,-0.80579736873,0,5.31318596203e-12
energy,21,22,-4.56579218877e-13,-5.77778983316e-29,27.3492184496,3.34931328334e-15,162.250128733
energy,21,23,-2.80331313718e-13,0,-0.0312663256191,0,0.423312976541
energy,21,24,-1.94289029309e-14,-4.46815747098e-30,-2.196437363,-2.68985998612e-16,44.9875642798
energy,21,25,1.66533453694e-14,-6.16297582204e-31,1.40859767176,1.72503463001e-16,37.1620029225
energy,22,1,-3.46944695195e-15,2.23407873549e-30,0.00989890088059,-1.21226572785e-18,2.24608133928
energy,22,2,1.11022302463e-13,1.3818547351e-30,0.0196518975089,5.77778983316e-33,4.45703358692
energy,22,3,-1.45716771982e-14,4.62223186653e-30,-0.0119135032398,1.45898336093e-18,2.70042957053
energy,22,4,1.38777878078e-15,-3.65926689434e-30,0.000180555910144,-2.21117217426e-20,0.0409072840331
energy,22,5,1.59811400224e-14,-2.70593157186e-30,-0.0100329655197,1.22868391097e-18,2.23386715962
energy,22,6,1.4224732503e-14,-6.66371760758e-30,0.00915570635038,-1.12125064759e-18,1.72489602718
energy,22,7,-4.85722573274e-15,6.24001301981e-30,-0.563217160019,6.89742092243e-17,105.617224868
energy,22,8,1.75207071074e-14,-1.92592994439e-30,-0.704722280171,8.63035884699e-17,131.318255943
energy,22,9,8.24861012827e-14,-1.24511370905e-29,1.34791638022,-1.65072148056e-16,249.71738762
energy,22,10,1.17614251671e-13,-8.4740917553e-30,-0.220823013831,2.70430197066e-17,40.8009311939
energy,22,11,-6.24500451352e-14,-2.08000433994e-30,-0.100756148935,-4.62223186653e-32,16.4811753059
energy,22,12,-3.05311331772e-14,1.67555905162e-30,0.270013544964,-6.16297582204e-32,43.7315953705
energy,22,13,8.74300631892e-14,-1.03229845019e-29,0.033948346204,-4.15747335151e-18,5.43438913472
energy,22,14,4.30211422042e-14,2.65778332325e-30,-0.00169541713314,1.07852076886e-31,0.26891307906
energy,22,15,-1.83880688454e-14,1.92592994439e-31,0.311216325343,-3.81130076673e-17,45.245733851
energy,22,16,-3.33066907388e-14,-1.11703936774e-30,0.0621303664339,-4.38149062348e-32,4.40183024581
energy,22,17,-1.29063426613e-13,1.67941091151e-29,-0.474872661597,5.81551285028e-17,32.3211598377
energy,22,18,2.22044604925e-14,1.25185446385e-30,-5.63719678459,-1.00148357108e-31,362.253780451
energy,22,19,2.01227923213e-14,1.23259516441e-30,0.192358134382,4.23704587765e-32,11.6855155143
energy,22,20,-2.35922392733e-14,1.54074395551e-30,3.96570136853,-4.85658348734e-16,134.451924362
energy,22,21,-5.88418203051e-13,6.36327253626e-29,27.3492184496,-3.34931328334e-15,162.250128733
energy,22,22,162.711833641,1.84889274661e-30,1.1980933818,0,8.30712408349e-12
energy,22,23,0,3.08148791102e-30,-29.4706933726,3.60911903074e-15,224.166167483
energy,22,24,2.58126853225e-13,-1.69481835106e-30,-0.219218959608,0,3.1895325119
energy,22,25,-2.77555756156e-14,1.0977800683e-30,3.81501412361,5.77778983316e-33,78.0160340035
energy,23,1,-1.94289029309e-14,0,0.000412809279985,0,0.0968072866049
energy,23,2,3.88578058619e-14,4.54519466875e-30,-0.0177163925472,-2.16963234254e-18,4.15282085294
energy,23,3,-6.73072708679e-14,0,-0.0216791951414,0,5.07891634368
energy,23,4,-4.68375338514e-15,0,0.0122198894362,0,2.86152398181
energy,23,5,-2.09142599072e-14,0,0.0154042764247,0,3.54697543188
energy,23,6,4.07660016855e-14,0,-0.433938151629,0,85.0528083728
energy,23,7,6.99093560819e-14,0,0.818038846291,0,159.624967131
energy,23,8,3.55618312575e-14,0,-1.12764316921,0,218.702834121
energy,23,9,4.81602605018e-14,0,-0.0623353649647,0,12.0225089815
energy,23,10,6.49653941753e-14,0,0.462857512274,0,89.0417406741
energy,23,11,1.80411241502e-14,2.38815313104e-30,0.0061872928591,7.57724839529e-19,1.05914879182
energy,23,12,-4.4408920985e-14,-5.77778983316e-30,0.182775886631,2.23835904524e-17,30.9927873578
energy,23,13,9.71445146547e-15,0,-0.300642742006,0,50.4131518273
energy,23,14,-3.71230823859e-14,-4.58371326764e-30,0.0597785325437,7.32075885374e-18,9.93627768885
energy,23,15,1.74339709336e-14,0,-0.294359801771,0,45.0340938791
energy,23,16,6.52256026967e-14,8.01186856865e-30,0.259838593032,3.18210501252e-17,20.3855588953
energy,23,17,4.71844785466e-14,0,-3.5283815315,0,266.989818519
energy,23,18,-1.01307850997e-13,-1.52533651595e-29,0.137922011177,1.6890574952e-17,9.9121436267
energy,23,19,-4.30211422042e-14,-4.00593428433e-30,0.102197902739,1.25156334469e-17,6.98575358834
energy,23,20,7.49400541622e-14,0,-3.22151629368,0,133.72547429
energy,23,21,-2.45636844198e-13,0,-0.0312663256191,0,0.423312976551
energy,23,22,-6.10622663544e-14,-7.08742219535e-30,-29.4706933726,-3.60911903074e-15,224.166167483
energy,23,23,167.718463442,0,-0.00688266704115,0,4.98078240079e-12
energy,23,24,6.16173778667e-13,7.21068171179e-29,28.9488339504,3.54520968365e-15,200.995195178
energy,23,25,0,-5.54667823984e-30,-7.41887874191,-9.08550610455e-16,95.2830851258
energy,24,1,3.02275565689e-14,2.55185717631e-31,-0.00379029491251,4.64177253243e-19,0.915172857022
energy,24,2,1.08420217249e-14,1.82963344717e-30,0.000425846543216,1.92592994439e-33,0.102777499085
energy,24,3,1.35308431126e-14,-2.11852293883e-30,-0.0206281207849,2.52621620917e-18,4.97589828308
energy,24,4,-6.51822346098e-14,1.06359481179e-29,-0.0112815807311,1.38159517317e-18,2.72013016636
energy,24,5,-3.68520318428e-14,2.14259706313e-30,0.015748265634,-1.92860631009e-18,3.73552417141
energy,24,6,5.39932681898e-15,3.43297012587e-30,-1.04413491228,1.2786964782e-16,211.902234939
energy,24,7,-4.08093697724e-14,8.77261089668e-30,-0.894573092961,1.0955360749e-16,180.770319964
energy,24,8,1.07075806555e-13,-1.38426214753e-29,-0.0690401329844,8.45497778721e-18,13.8694697696
energy,24,9,3.89879101226e-14,-8.32483218461e-30,-0.447413883937,5.47923980857e-17,89.3983535236
energy,24,10,8.40798784763e-14,-9.37085288566e-30,0.115424381911,-1.4135409985e-17,23.0060526579
energy,24,11,-5.66387214906e-14,2.87926526686e-30,0.0588843300138,-3.08148791102e-32,10.4887366522
energy,24,12,-2.51534904017e-14,-3.48593319934e-30,0.0150277474319,-1.73333694995e-32,2.65255183611
energy,24,13,3.24393290008e-14,-4.64149116597e-30,0.210511156781,-2.57801814337e-17,36.7610788272
energy,24,14,1.90819582357e-15,-2.31111593326e-30,0.36011675205,-1.92592994439e-32,62.3582773381
energy,24,15,-2.63786388566e-14,5.10371435263e-31,-0.214325108811,2.62472558482e-17,34.2776742253
energy,24,16,7.00828284295e-14,3.4666738999e-31,-2.07374264133,-3.08148791102e-32,177.093098705
energy,24,17,-2.08166817117e-15,-3.08148791102e-31,-0.101755701549,1.24614794197e-17,8.40627477253
energy,24,18,3.95516952523e-14,-1.36741026051e-30,-0.107617208916,1.54074395551e-32,8.48140496562
energy,24,19,1.74860126378e-13,2.92741351547e-30,0.0574872898435,1.54074395551e-32,4.32869375411
energy,24,20,3.43475248243e-14,-3.92889708655e-30,-2.24253137849,2.74630887466e-16,108.657871208
energy,24,21,1.11022302463e-14,9.24446373306e-31,-2.196437363,2.68985998612e-16,44.9875642798
energy,24,22,2.08166817117e-13,-7.2414965909e-30,-0.219218959608,0,3.1895325119
energy,24,23,5.74540415244e-13,-7.27231147001e-29,28.9488339504,-3.54520968365e-15,200.995195178
energy,24,24,172.288507296,-4.46815747098e-30,-9.70879443453,-1.54074395551e-32,1.01203542134e-12
energy,24,25,-3.10862446895e-13,-7.549645382e-30,-20.4758194771,5.77778983316e-32,120.811595147
energy,25,1,-7.6327832943e-15,1.23259516441e-30,0.00307402512119,-3.76459502516e-19,0.760365741443
energy,25,2,1.17961196366e-14,1.00017227649e-30,0.00774535858313,-6.47537761057e-33,1.91503126088
energy,25,3,1.2490009027e-14,-1.54074395551e-31,0.011667542549,-1.42886186366e-18,2.88327591969
energy,25,4,7.6327832943e-15,6.16297582204e-31,0.0203209095259,-2.48859368067e-18,5.01952295051
energy,25,5,5.96311194867e-14,-7.70371977755e-30,-0.0365179508125,4.4721591574e-18,8.87760390601
energy,25,6,1.07552855511e-14,5.77778983316e-31,-0.866688985403,1.06138789183e-16,181.004069885
energy,25,7,-1.66533453694e-14,-1.92592994439e-31,0.637340687291,-7.80517232657e-17,132.550678891
energy,25,8,2.65412691824e-14,-2.06074504049e-30,0.57975295258,-7.09992597673e-17,119.887212312
energy,25,9,-3.53883589099e-14,7.28001518978e-30,0.470962688544,-5.76762949043e-17,96.8824488338
energy,25,10,5.48172618409e-14,-1.05926146941e-29,-0.436026421307,5.33978361197e-17,89.4801668612
energy,25,11,5.13478148889e-14,-1.27761677133e-30,-0.0678894305103,8.70029730136e-33,12.4933266472
energy,25,12,7.84095011142e-14,-2.82490591383e-31,-0.140213741209,6.58171570854e-33,25.5764563058
energy,25,13,9.29811783124e-14,-1.19407656552e-29,-0.184130735397,2.25495115729e-17,33.2407362037
energy,25,14,-5.23886489745e-14,-2.32640079159e-31,0.259502320251,5.24377277906e-33,46.466871334
energy,25,15,2.30718222305e-14,-5.50815964095e-30,0.386861771194,-4.73769029805e-17,64.1545585529
energy,25,16,3.98986399475e-14,-1.13940284319e-30,-0.0619360702764,8.15463301176e-33,5.65464101922
energy,25,17,1.94289029309e-14,-1.23259516441e-30,-0.14302669845,1.7515718845e-17,12.6596549333
energy,25,18,1.2490009027e-14,-1.64864710952e-30,0.165289042003,-3.79139124225e-33,14.0018115637
energy,25,19,-2.08166817117e-15,2.02290220721e-30,-0.125092480773,1.32454474471e-32,10.1573196691
energy,25,20,-2.13370987545e-13,2.54607938648e-29,4.22409969459,-5.17303017025e-16,229.594308234
energy,25,21,1.38777878078e-14,-3.69778549322e-30,1.40859767176,-1.72503463001e-16,37.1620029225
energy,25,22,-6.10622663544e-14,2.03790215973e-31,3.81501412361,5.19028177102e-34,78.0160340035
energy,25,23,3.88578058619e-14,-1.84889274661e-30,-7.41887874191,9.08550610455e-16,95.2830851258
energy,25,24,-2.77555756156e-13,2.35319872898e-30,-20.4758194771,-2.75343833841e-32,120.811595147
energy,25,25,176.172094788,-8.19111531175e-30,57.2967463484,-1.26008859625e-32,4.19480958739e-28
pzp_tails,1,1,88.2553126274,-2.58869264361e-29,-53.6834995956,-9.86015946216e-31,2.62977217417e-29
pzp_tails,1,2,-56.4248913337,6.91005625641e-15,-3.66410920516e-13,4.4711139098e-29,379.752577236
pzp_tails,1,3,8.10890365614,-2.77218948644e-30,3.93100261645e-15,-1.8056768723e-33,133.504322292
pzp_tails,1,4,-3.52771564238,4.32020566975e-16,4.8268087796e-15,-5.1729697778e-31,86.3857097057
pzp_tails,1,5,1.89421593637,-2.31974548337e-16,-1.25505930586e-15,1.05074148636e-31,61.5121964388
pzp_tails,1,6,-0.53361622386,6.53491400523e-17,-3.46914964339e-14,4.27105951199e-30,23.7837205504
pzp_tails,1,7,0.49204662172,-3.66606125168e-31,-1.97532741981e-14,7.70277938207e-33,25.2132531926
pzp_tails,1,8,-0.23119433349,2.32084902649e-31,1.93943863383e-14,-3.85280028426e-33,14.1850342231
pzp_tails,1,9,0.168906571588,-2.04928632156e-31,-1.62678945564e-14,2.87384858889e-33,11.7232063526
pzp_tails,1,10,-0.121952204556,-1.36397311503e-31,1.26186140394e-14,-3.88007175319e-33,9.44201968383
pzp_tails,1,11,0.0485533678875,-5.94607265712e-18,-4.8705343144e-14,5.95424940273e-30,4.34716735415
pzp_tails,1,12,-0.0526457691729,5.20414858996e-32,5.31450155151e-14,3.76158192263e-36,5.06455816336
pzp_tails,1,13,0.0264359337057,-3.23746815951e-18,-2.64781144059e-14,3.2387408433e-30,2.81102955656
pzp_tails,1,14,-0.0210612135716,2.57925477866e-18,2.01593502633e-14,-2.46654825989e-30,2.40908123108
pzp_tails,1,15,0.0161214682792,-1.97431045257e-18,-5.63446316514e-15,6.88535001446e-31,1.9733253723
pzp_tails,1,16,-0.0073322576578,8.97942587115e-19,-3.74003670915e-14,4.58235909815e-30,0.986080956407
pzp_tails,1,17,0.00835135475648,-1.30903050908e-32,3.6665006968e-14,2.03125423822e-34,1.17874590461
pzp_tails,1,18,-0.00420116075237,-2.70833898429e-33,-7.83796855544e-15,3.47946327843e-34,0.635564350878
pzp_tails,1,19,0.00347321911299,-8.27548022979e-33,-1.13570177568e-14,5.14278778485e-35,0.553334463783
pzp_tails,1,20,-0.00272009569474,-1.95602259977e-33,2.24950266747e-14,1.20840819265e-34,0.455139521199
pzp_tails,1,21,0.00153544326573,-6.01853107621e-34,-3.88599742662e-14,-4.70197740329e-36,0.274745793521
pzp_tails,1,22,-0.0017019095439,2.08423807537e-19,1.93546350821e-14,-2.37021790843e-30,0.31572296747
pzp_tails,1,23,0.000826084311404,-1.95602259977e-33,3.49687726692e-14,1.45761299502e-35,0.161403764122
pzp_tails,1,24,-0.000758667464953,9.29099682572e-20,-3.42748832788e-14,4.19738375786e-30,0.153835815171
pzp_tails,1,25,0.000569903898422,-6.39468926847e-34,6.14319792952e-14,-4.70197740329e-37,0.119787073853
pzp_tails,2,1,-56.4248913337,-6.91005625641e-15,-3.65907308606e-13,-4.46495128663e-29,379.752577236
pzp_tails,2,2,110.378150756,0,-49.2535807963,0,1.38445778238e-29
pzp_tails,2,3,-21.2382629349,-2.60093707227e-15,-1.89599573275e-13,-2.34444397228e-29,206.726587905
pzp_tails,2,4,6.10757188588,0,4.99984723457e-14,0,108.455132424
pzp_tails,2,5,-2.81575778914,0,-1.73835724732e-15,0,72.4873667656
pzp_tails,2,6,0.647665770119,0,-2.95223508183e-14,0,24.5080635098
pzp_tails,2,7,-0.57419210387,-7.031825221e-17,3.58293242623e-14,4.4494887399e-30,25.5580728876
pzp_tails,2,8,0.27703308561,3.3926768155e-17,-1.44447323704e-14,-1.76812688076e-30,15.1329950739
pzp_tails,2,9,-0.197193168036,-2.41491982049e-17,1.70523402392e-14,2.08677048542e-30,12.359323077
pzp_tails,2,10,0.14390072958,1.76227567875e-17,-2.26834915055e-14,-2.77641891512e-30,10.1728756678
pzp_tails,2,11,-0.0500653914042,0,6.0547541373e-14,0,4.14559288891
pzp_tails,2,12,0.0553827500383,6.78243075624e-18,-2.74499661283e-14,-3.3740562298e-30,4.95511882586
pzp_tails,2,13,-0.029371590031,0,-2.043588958e-14,0,2.92551103635
pzp_tails,2,14,0.0232905431036,0,2.64996629241e-14,0,2.50733174273
pzp_tails,2,15,-0.0182500091585,0,-1.39061803522e-14,0,2.11103960289
pzp_tails,2,16,0.0072807272161,0,-1.48839274239e-14,0,0.93014988974
pzp_tails,2,17,-0.00859504239876,-1.05258911622e-18,1.92527200779e-14,2.35989612764e-30,1.15529439548
pzp_tails,2,18,0.00454429785245,5.56515981938e-19,-5.17869167688e-15,-6.33149469217e-31,0.656890996696
pzp_tails,2,19,-0.00375454387591,-4.59799013989e-19,-6.98876720384e-15,-8.57038825252e-31,0.572884652602
pzp_tails,2,20,0.00300770401967,3.68337510047e-19,1.13776175981e-14,1.39413253849e-30,0.483020988125
pzp_tails,2,21,-0.0014487473074,-1.77420375278e-19,-1.80953342588e-15,-2.20880090497e-31,0.24948237681
pzp_tails,2,22,0.00171422166868,0,-2.90349341792e-15,0,0.306469893677
pzp_tails,2,23,-0.000824021672447,-1.00913550359e-19,1.5280745419e-14,1.87116131159e-30,0.155454900647
pzp_tails,2,24,0.000764386800129,0,4.73286774355e-14,0,0.149851030833
pzp_tails,2,25,-0.00059689230241,-7.30982247581e-20,-2.49198448335e-14,-3.05211747937e-30,0.121442494541
pzp_tails,3,1,8.10890365614,-1.57665530793e-31,3.91365538169e-15,-4.09248358239e-33,133.504322292
pzp_tails,3,2,-21.2382629349,2.60093707227e-15,-1.90015904792e-13,2.34753749725e-29,206.726587905
pzp_tails,3,3,65.3966730751,-1.23187258803e-29,-42.8467521253,0,4.68040984445e-30
pzp_tails,3,4,-40.0666978579,4.90675532841e-15,-1.26942456113e-14,1.52465637492e-30,321.487226949
pzp_tails,3,5,9.56535457866,-1.17141808675e-15,-6.44736386099e-14,7.99706627359e-30,153.139226341
pzp_tails,3,6,-1.649588058,2.02016273514e-16,9.31627821762e-15,-1.14636936239e-30,46.3648347935
pzp_tails,3,7,1.33201668207,-1.92127498676e-31,-9.20922172342e-15,-2.69630192214e-32,46.3244449462
pzp_tails,3,8,-0.507965570639,3.36967210607e-32,4.76345833844e-14,-1.44444745829e-32,22.8033569047
pzp_tails,3,9,0.340326619594,2.12470603911e-31,-6.49044840361e-14,-9.62964972194e-33,18.0177547428
pzp_tails,3,10,-0.226587297112,1.31490798083e-31,2.54855866093e-14,9.32872316813e-34,13.8127657885
pzp_tails,3,11,0.0877649550012,-1.0748107122e-17,3.38215851267e-14,-4.15522394767e-30,6.41297461608
pzp_tails,3,12,-0.0913486038838,6.43794746058e-32,-2.20633448035e-14,-1.80555932286e-33,7.28384082241
pzp_tails,3,13,0.042257179955,-5.17501201729e-18,-4.01951692416e-14,4.92253775932e-30,3.79764182584
pzp_tails,3,14,-0.0326665137966,4.00049415603e-18,4.96358257772e-14,-6.08117646155e-30,3.19873157153
pzp_tails,3,15,0.024057419147,-2.94618413541e-18,-9.18048189552e-15,1.12095141294e-30,2.54863477122
pzp_tails,3,16,-0.0112246861845,1.37462760072e-18,-3.18110338418e-14,3.8950729419e-30,1.32475311065
pzp_tails,3,17,0.012415694483,-2.03125423822e-32,-2.54757694974e-14,4.89005649942e-35,1.54799321295
pzp_tails,3,18,-0.00595113633533,3.76158192263e-33,4.28080964773e-14,2.03125423822e-34,0.802326950228
pzp_tails,3,19,0.00484450959865,-6.77084746074e-33,-2.03943849655e-14,-1.41059322099e-34,0.692041432037
pzp_tails,3,20,-0.00370436967951,-1.80555932286e-33,-1.6763933991e-14,-7.25985311068e-34,0.558844550588
pzp_tails,3,21,0.00220919416173,9.02779661432e-34,4.18046673667e-14,6.39468926847e-35,0.358931968979
pzp_tails,3,22,-0.00236570135049,2.89714858662e-19,3.49828672974e-14,-4.28350893756e-30,0.399914947172
pzp_tails,3,23,0.00114011776239,-2.03125423822e-33,4.11004780557e-14,7.52316384526e-36,0.20399011161
pzp_tails,3,24,-0.00103450546708,1.26690380896e-19,6.89742317081e-15,-8.44881392478e-31,0.192735769714
pzp_tails,3,25,0.0007590615249,6.39468926847e-34,7.91196535371e-16,-1.12377259939e-34,0.147048648175
pzp_tails,4,1,-3.52771564238,-4.32020566975e-16,5.087017301e-15,4.90935811666e-31,86.3857097057
pzp_tails,4,2,6.10757188588,0,5.11043585616e-14,0,108.455132424
pzp_tails,4,3,-40.0666978579,-4.90675532841e-15,-1.25901643203e-14,-1.4630268518e-30,321.487226949
pzp_tails,4,4,66.7871383551,0,-37.5653900972,0,5.30236501426e-30
pzp_tails,4,5,-40.4850485197,0,-8.49619574117e-14,0,323.312747079
pzp_tails,4,6,3.41906589397,0,-2.45840555622e-14,0,68.6654958808
pzp_tails,4,7,-2.38364650272,-2.91912505985e-16,1.37411105714e-14,1.65595274624e-30,63.7717802172
pzp_tails,4,8,0.821234439444,1.00572212761e-16,-3.76465995693e-14,-4.60222777386e-30,30.2770569085
pzp_tails,4,9,-0.51799981555,-6.34366816072e-17,4.31241414106e-15,5.31268903634e-31,23.2678968893
pzp_tails,4,10,0.332969950985,4.07770584686e-17,9.75365215027e-15,1.18134361071e-30,17.6261695563
pzp_tails,4,11,-0.120319480118,0,-4.38844381841e-15,0,7.82631020274
pzp_tails,4,12,0.123387079408,1.51105591853e-17,-5.98557526243e-15,-7.34320976608e-31,8.84845132448
pzp_tails,4,13,-0.0566748043726,0,-4.36099995092e-15,0,4.63860262528
pzp_tails,4,14,0.0432325127789,0,1.59405502036e-14,0,3.88647367923
pzp_tails,4,15,-0.031666414177,0,7.8414922125e-15,0,3.10064408811
pzp_tails,4,16,0.0142161086849,0,-5.01370321128e-14,0,1.5637377312
pzp_tails,4,17,-0.015710991274,-1.92404151751e-18,3.2629064381e-15,3.98095738036e-31,1.83279011725
pzp_tails,4,18,0.00754896350924,9.24481399848e-19,2.80212051479e-14,3.43194697559e-30,0.957173216013
pzp_tails,4,19,-0.00611201630771,-7.48506120758e-19,-1.48535697631e-15,-1.82963344717e-31,0.824064006954
pzp_tails,4,20,0.00467185553016,5.72137292109e-19,-1.41857012248e-14,-1.73333694995e-30,0.66731429752
pzp_tails,4,21,-0.00268952559853,-3.29371891547e-19,2.25514051877e-15,2.76250576398e-31,0.415392109987
pzp_tails,4,22,0.00289973373318,0,2.96431715979e-14,0,0.466924683879
pzp_tails,4,23,-0.00139028536653,-1.70260852402e-19,-7.25602303936e-15,-8.88636113402e-31,0.237594778657
pzp_tails,4,24,0.00125970962517,0,-3.76977095373e-15,0,0.22458525568
pzp_tails,4,25,-0.000928221863143,-1.1367439336e-19,2.43837068592e-15,2.98489048725e-31,0.172371245182
pzp_tails,5,1,1.89421593637,2.31974548337e-16,-1.47078165687e-15,-1.50574478671e-31,61.5121964388
pzp_tails,5,2,-2.81575778914,0,-1.59957936924e-15,0,72.4873667656
pzp_tails,5,3,9.56535457866,1.17141808675e-15,-6.47425207487e-14,-8.01415514026e-30,153.139226341
pzp_tails,5,4,-40.4850485197,0,-8.49402754858e-14,0,323.312747079
pzp_tails,5,5,67.5264066696,0,-32.3089232382,0,1.06824721461e-30
pzp_tails,5,6,-9.71770409494,0,7.7584838307e-14,0,117.556394745
pzp_tails,5,7,4.99211963745,6.11358333496e-16,-3.7677829674e-14,-4.50818352382e-30,93.6915814462
pzp_tails,5,8,-1.37520445933,-1.6841397393e-16,-3.01260650812e-14,-3.68750132825e-30,39.7183250476
pzp_tails,5,9,0.789593847072,9.66973577443e-17,1.69229559565e-15,1.73307363921e-31,29.1618775749
pzp_tails,5,10,-0.475144289495,-5.81883933263e-17,-8.38204322845e-15,-1.01263666148e-30,21.3578488661
pzp_tails,5,11,0.164188706399,0,-3.24453598754e-14,0,9.36862372544
pzp_tails,5,12,-0.162876834596,-1.99466594144e-17,-9.46261162959e-15,-1.16303599149e-30,10.3796471418
pzp_tails,5,13,0.0722778155859,0,3.34116211803e-14,0,5.33843662425
pzp_tails,5,14,-0.0540876670705,0,9.09035758993e-16,0,4.4303766315
pzp_tails,5,15,0.0388955993512,0,-1.88611875684e-14,0,3.49787651178
pzp_tails,5,16,-0.0173999400357,0,3.49180862176e-14,0,1.77499595934
pzp_tails,5,17,0.018940690424,2.31956559013e-18,-1.20826200607e-14,-1.47995679164e-30,2.05829573783
pzp_tails,5,18,-0.00896739625394,-1.09818931191e-18,-9.35666474855e-15,-1.14574776098e-30,1.06541040643
pzp_tails,5,19,0.0072014006229,8.81917222221e-19,2.27714982287e-14,2.78862618885e-30,0.913432046511
pzp_tails,5,20,-0.00545479281931,-6.68019456618e-19,9.52363188311e-15,1.16615058133e-30,0.735584928837
pzp_tails,5,21,0.00316185867454,3.87216010513e-19,-1.5676479212e-14,-1.9203928958e-30,0.463092517672
pzp_tails,5,22,-0.00336937263953,0,-4.0750822855e-14,0,0.515639749491
pzp_tails,5,23,0.00160912680976,1.970611997e-19,-2.87096735274e-15,-3.5142202954e-31,0.262143542862
pzp_tails,5,24,-0.00144976349602,0,2.07353665488e-15,0,0.246890916185
pzp_tails,5,25,0.00105998823241,1.29811119596e-19,-5.7609082435e-15,-7.05371842132e-31,0.188375279394
pzp_tails,6,1,-0.53361622386,-6.53491400523e-17,-3.46568019644e-14,-4.27683730182e-30,23.7837205504
pzp_tails,6,2,0.647665770119,0,-2.95050035836e-14,0,24.5080635098
pzp_tails,6,3,-1.649588058,-2.02016273514e-16,9.28158374811e-15,1.14638440872e-30,46.3648347935
pzp_tails,6,4,3.41906589397,0,-2.43066353313e-14,0,68.6654958808
pzp_tails,6,5,-9.71770409494,0,7.75328050731e-14,0,117.556394745
pzp_tails,6,6,93.7156098147,0,-24.3464432291,0,4.13099603646e-29
pzp_tails,6,7,-56.4754030182,-6.91624215368e-15,-2.42440921126e-13,-2.943657907e-29,376.733812247
pzp_tails,6,8,7.8738286237,9.64265902105e-16,5.22411297164e-14,6.33761478596e-30,132.1592469
pzp_tails,6,9,-3.4911178392,-4.27538628722e-16,-2.69853177347e-14,-3.31738799813e-30,86.7040766372
pzp_tails,6,10,1.90576057125,2.33388358352e-16,-2.16089285679e-14,-2.58151348819e-30,62.6101449962
pzp_tails,6,11,-0.527821771226,0,1.71120984136e-14,0,23.7324300321
pzp_tails,6,12,0.497848999278,6.09689183425e-17,9.378348792e-15,1.15954524347e-30,25.7038608154
pzp_tails,6,13,-0.235358697909,0,1.5019723746e-14,0,14.5364178565
pzp_tails,6,14,0.172562313974,0,-4.84448635721e-15,0,12.0472473328
pzp_tails,6,15,-0.125372242049,0,1.37628623775e-14,0,9.75806530673
pzp_tails,6,16,0.0491478948651,0,-4.05816873161e-14,0,4.41910725735
pzp_tails,6,17,-0.0539471561801,-6.60662121391e-18,2.47187253305e-14,3.02852483755e-30,5.20986241224
pzp_tails,6,18,0.026901200802,3.29444694554e-18,-1.44567517679e-14,-1.76704072398e-30,2.87068633722
pzp_tails,6,19,-0.0215055966095,-2.63367600516e-18,1.93334931398e-14,2.36504197171e-30,2.46763281917
pzp_tails,6,20,0.0165215270625,2.02330352341e-18,-4.33680868994e-16,-5.10371435263e-32,2.02808328088
pzp_tails,6,21,-0.00830310221444,-1.01683675499e-18,-2.17274115366e-14,-2.66067221817e-30,1.11564617224
pzp_tails,6,22,0.00919838477708,0,4.29560900739e-14,0,1.29642201113
pzp_tails,6,23,-0.0043640218287,-5.34438536393e-19,-2.25123739095e-14,-2.7564872329e-30,0.658152510462
pzp_tails,6,24,0.00394012177331,0,-1.89420961555e-14,0,0.623328199271
pzp_tails,6,25,-0.0029551467709,-3.61901103399e-19,3.18289231777e-14,3.89796183682e-30,0.489423618246
pzp_tails,7,1,0.49204662172,-2.11765307301e-31,-1.96838852591e-14,9.61554378973e-33,25.2132531926
pzp_tails,7,2,-0.57419210387,7.031825221e-17,3.60027966099e-14,-4.44565192634e-30,25.5580728876
pzp_tails,7,3,1.33201668207,-5.91917829368e-31,-9.41738854054e-15,4.62232590608e-32,46.3244449462
pzp_tails,7,4,-2.38364650272,2.91912505985e-16,1.36371626882e-14,-1.64054530669e-30,63.7717802172
pzp_tails,7,5,4.99211963745,-6.11358333496e-16,-3.7608440735e-14,4.50818352382e-30,93.6915814462
pzp_tails,7,6,-56.4754030182,6.91624215368e-15,-2.42162823268e-13,2.943657907e-29,376.733812247
pzp_tails,7,7,102.894717703,-6.16233635311e-30,-19.9556697878,-2.46522794463e-31,3.94752832201e-29
pzp_tails,7,8,-19.3789025659,-4.16241609231e-30,1.0653065615e-14,-1.20370621524e-34,195.995586473
pzp_tails,7,9,5.78882396407,-7.43834017291e-31,7.6308859405e-15,3.76158192263e-36,105.153182717
pzp_tails,7,10,-2.69708918896,6.53650090696e-31,-4.7788955139e-14,0,70.6161117675
pzp_tails,7,11,0.622854631177,-7.62776930405e-17,-7.99571997154e-15,1.01243729764e-30,23.8504756259
pzp_tails,7,12,-0.566268730209,2.31111593326e-31,2.90200263993e-14,9.62964972194e-34,25.4589177926
pzp_tails,7,13,0.267171888858,-3.27191198512e-17,-3.29776353794e-14,4.04042046739e-30,14.7190510467
pzp_tails,7,14,-0.190484895322,2.33276717342e-17,2.93257714119e-14,-3.60651446945e-30,12.0278136906
pzp_tails,7,15,0.138617648187,-1.69757659157e-17,6.03331403934e-15,-7.46267760795e-31,9.86430663175
pzp_tails,7,16,-0.0486583960407,5.95893489629e-18,-3.91830665136e-15,4.8413063977e-31,4.05050578529
pzp_tails,7,17,0.0542490246637,-1.56481807981e-32,-2.86435371949e-14,-2.40741243048e-34,4.87713271147
pzp_tails,7,18,-0.0279612475319,2.40929322145e-32,1.55756484099e-14,-1.20370621524e-34,2.79728350832
pzp_tails,7,19,0.0221856971148,5.29630734706e-32,-2.97461708043e-14,4.81482486097e-34,2.39767465974
pzp_tails,7,20,-0.0172850730568,1.44444745829e-32,-2.22651758142e-14,-6.01853107621e-35,2.00650703471
pzp_tails,7,21,0.00762835390322,1.68518870134e-32,3.63554672478e-14,3.61111864573e-34,0.974096716439
pzp_tails,7,22,-0.00888162549451,1.08768542331e-18,-1.08506953422e-14,1.32792869665e-30,1.19253071599
pzp_tails,7,23,0.00417535040324,1.20370621524e-33,-4.14165229889e-16,2.10648587667e-34,0.601845594193
pzp_tails,7,24,-0.00378702448913,4.63776741891e-19,8.53158689529e-15,-1.04505773607e-30,0.573845844278
pzp_tails,7,25,0.00292518690168,-6.01853107621e-33,-1.11737875896e-14,-1.20370621524e-34,0.464948526348
pzp_tails,8,1,-0.23119433349,9.05859456631e-32,1.94204071905e-14,4.81482486097e-34,14.1850342231
pzp_tails,8,2,0.27703308561,-3.3926768155e-17,-1.44620796052e-14,1.76621599714e-30,15.1329950739
pzp_tails,8,3,-0.507965570639,-1.13301198498e-31,4.76779514713e-14,7.22223729145e-33,22.8033569047
pzp_tails,8,4,0.821234439444,-1.00572212761e-16,-3.76379259519e-14,4.5983909603e-30,30.2770569085
pzp_tails,8,5,-1.37520445933,1.6841397393e-16,-3.01087178464e-14,3.67979760847e-30,39.7183250476
pzp_tails,8,6,7.8738286237,-9.64265902105e-16,5.21023518383e-14,-6.33761478596e-30,132.1592469
pzp_tails,8,7,-19.3789025659,-1.57679871824e-30,1.06525235139e-14,1.20370621524e-34,195.995586473
pzp_tails,8,8,65.1129431581,9.74394538866e-30,-13.2986035268,0,2.40141531399e-30
pzp_tails,8,9,-39.810096857,3.73511919381e-30,-4.92703480012e-14,3.08148791102e-32,320.510967766
pzp_tails,8,10,9.5041774743,-3.15980404665e-30,-2.13393688028e-14,-3.85185988877e-33,152.717666709
pzp_tails,8,11,-1.64799255474,2.01820880718e-16,1.90562084341e-15,-2.73271403515e-31,46.437691826
pzp_tails,8,12,1.34321838769,-6.93710938172e-31,-8.75682989662e-15,0,46.8047268064
pzp_tails,8,13,-0.508465859555,6.2269108738e-17,1.08347033602e-14,-1.31243097913e-30,22.8698795557
pzp_tails,8,14,0.341343219731,-4.18024881454e-17,1.50866732301e-15,-1.97588375232e-31,18.1011824895
pzp_tails,8,15,-0.226993243588,2.77986549188e-17,2.39212946326e-14,-2.93680242395e-30,13.8575103791
pzp_tails,8,16,0.0890413977479,-1.09044262744e-17,-3.42607886505e-15,4.20454580984e-31,6.51158438671
pzp_tails,8,17,-0.0927104183924,4.15278644258e-32,1.98105420957e-14,-2.40741243048e-33,7.39725451911
pzp_tails,8,18,0.0422356231892,3.76158192263e-33,6.54641271747e-15,3.61111864573e-34,3.79814727307
pzp_tails,8,19,-0.0327696947842,2.82870960582e-32,-9.7014410394e-15,1.08333559372e-33,3.21009071302
pzp_tails,8,20,0.0241215499465,-6.01853107621e-33,-6.97358837343e-15,-1.20370621524e-34,2.55614524619
pzp_tails,8,21,-0.0131117127803,1.56481807981e-32,-2.3232284152e-14,4.81482486097e-34,1.54167988108
pzp_tails,8,22,0.0137238455821,-1.68068635642e-18,4.08093697724e-15,-5.00741785541e-31,1.70389169651
pzp_tails,8,23,-0.00641865654961,4.51389830716e-33,1.87046558797e-14,1.50463276905e-34,0.860284010394
pzp_tails,8,24,0.00568355815131,-6.96035129777e-19,1.63161584937e-14,-1.99875417041e-30,0.803743865651
pzp_tails,8,25,-0.00410436072135,1.57986440751e-33,8.42425088021e-15,-5.41667796859e-34,0.610863254974
pzp_tails,9,1,0.168906571588,-3.88571412608e-32,-1.62332000869e-14,-1.9108836167e-33,11.7232063526
pzp_tails,9,2,-0.197193168036,2.41491982049e-17,1.70086926314e-14,-2.08676954503e-30,12.359323077
pzp_tails,9,3,0.340326619594,-1.6609970276e-31,-6.4930369363e-14,9.62964972194e-34,18.0177547428
pzp_tails,9,4,-0.51799981555,6.34366816072e-17,4.37340898359e-15,-5.31268903634e-31,23.2678968893
pzp_tails,9,5,0.789593847072,-9.66973577443e-17,1.69229559565e-15,-1.71353222113e-31,29.1618775749
pzp_tails,9,6,-3.4911178392,4.27538628722e-16,-2.6846573738e-14,3.3096955631e-30,86.7040766372
pzp_tails,9,7,5.78882396407,2.07889467327e-30,7.6308859405e-15,-3.08148791102e-32,105.153182717
pzp_tails,9,8,-39.810096857,7.24382877169e-30,-4.93408211424e-14,-2.70833898429e-32,320.510967766
pzp_tails,9,9,66.3023944214,-3.67724725593e-30,-7.99934108227,0,2.98462080448e-30
pzp_tails,9,10,-40.1800139865,-5.66870395741e-32,-3.03495293133e-14,2.88889491658e-33,322.142501572
pzp_tails,9,11,3.41421498247,-4.18120744988e-16,-2.11239175023e-14,2.5861928961e-30,68.7190706591
pzp_tails,9,12,-2.39999551603,2.25770146996e-31,-1.07945878798e-14,-4.09260113182e-33,64.305991233
pzp_tails,9,13,0.823067794659,-1.00796734021e-16,1.25734925943e-14,-1.53511662895e-30,30.3935922883
pzp_tails,9,14,-0.520233192233,6.37101913679e-17,2.19033233391e-14,-2.65170460687e-30,23.3991916869
pzp_tails,9,15,0.334305388344,-4.09406023773e-17,3.1356482081e-14,-3.82101491701e-30,17.7172232262
pzp_tails,9,16,-0.121955079837,1.49351898162e-17,3.00735998604e-14,-3.68671139604e-30,7.93669716724
pzp_tails,9,17,0.125183947913,7.40279322374e-32,-7.43762690325e-15,-1.08333559372e-33,8.98042341167
pzp_tails,9,18,-0.0567312190318,-4.87124858981e-32,-1.77288739245e-14,6.01853107621e-35,4.64495821954
pzp_tails,9,19,0.0434256657297,4.29572655564e-32,1.08723793857e-14,-2.40741243048e-34,3.90432042896
pzp_tails,9,20,-0.0317999080676,-2.19676384282e-32,2.39391839685e-15,9.62964972194e-34,3.11379499126
pzp_tails,9,21,0.0164449420491,-6.50753672615e-33,1.35828848169e-14,4.21297175335e-34,1.80120399336
pzp_tails,9,22,-0.0173018394659,2.11886423213e-18,-3.81205483846e-15,4.66556529028e-31,2.00882246466
pzp_tails,9,23,0.00802521815056,4.51389830716e-33,-2.28506449873e-14,0,1.01099832078
pzp_tails,9,24,-0.00707652689995,8.6662460171e-19,-1.86482773668e-14,2.28463439653e-30,0.943758300137
pzp_tails,9,25,0.00512920923312,4.25058757257e-33,-6.59953862392e-15,0,0.722099019969
pzp_tails,10,1,-0.121952204556,-3.4009402558e-32,1.26271521315e-14,-2.85974265668e-33,9.44201968383
pzp_tails,10,2,0.14390072958,-1.76227567875e-17,-2.26401318889e-14,2.77641797472e-30,10.1728756678
pzp_tails,10,3,-0.226587297112,1.95757425231e-31,2.55289546962e-14,-1.92592994439e-33,13.8127657885
pzp_tails,10,4,0.332969950985,-4.07770584686e-17,9.77967300241e-15,-1.18519735139e-30,17.6261695563
pzp_tails,10,5,-0.475144289495,5.81883933263e-17,-8.39939893354e-15,1.01269684679e-30,21.3578488661
pzp_tails,10,6,1.90576057125,-2.33388358352e-16,-2.16089285679e-14,2.58151348819e-30,62.6101449962
pzp_tails,10,7,-2.69708918896,1.31444718704e-30,-4.7788955139e-14,0,70.6161117675
pzp_tails,10,8,9.5041774743,5.34483175387e-31,-2.13393688028e-14,1.34890327746e-32,152.717666709
pzp_tails,10,9,-40.1800139865,-5.72945350546e-31,-3.03495293133e-14,0,322.142501572
pzp_tails,10,10,66.9705336914,1.22778033955e-29,-2.72213917991,0,1.01544681241e-30
pzp_tails,10,11,-9.75100990354,1.19415430668e-15,-3.65755602888e-15,4.10313356121e-31,118.083368267
pzp_tails,10,12,5.03714864981,8.81263412834e-31,-1.57751416097e-15,4.81482486097e-34,94.5811902561
pzp_tails,10,13,-1.38333004132,1.69409070727e-16,-7.25331253393e-16,9.23242667091e-32,39.9916880948
pzp_tails,10,14,0.795886375881,-9.74679702708e-17,3.07837522834e-14,-3.75562357687e-30,29.4165924867
pzp_tails,10,15,-0.478941903809,5.86534669478e-17,3.12827563333e-14,-3.83260058933e-30,21.5426345366
pzp_tails,10,16,0.167111468849,-2.04652525427e-17,-4.26850395308e-15,5.2517702171e-31,9.53561029962
pzp_tails,10,17,-0.165789432402,-1.62500339058e-31,1.33898968302e-14,7.22223729145e-34,10.564158677
pzp_tails,10,18,0.0727398439211,6.77084746074e-32,2.75474087985e-14,1.02315028296e-33,5.37249936156
pzp_tails,10,19,-0.0546393816362,-6.22917966388e-32,-2.31585584043e-15,-3.37037740268e-33,4.47445445601
pzp_tails,10,20,0.0393132139279,3.89699887185e-32,1.32619609738e-14,-9.32872316813e-34,3.53429266506
pzp_tails,10,21,-0.0202982277251,-6.28936497464e-32,-2.52402265755e-15,4.81482486097e-34,2.06051125442
pzp_tails,10,22,0.0209884963363,-2.57034948572e-18,-3.05311331772e-15,3.74111891697e-31,2.26858526771
pzp_tails,10,23,-0.00965383916218,-2.31713446434e-32,2.6953266008e-15,0,1.13876873589
pzp_tails,10,24,0.00843420075255,-1.0328916955e-18,6.02816407902e-15,-7.38594133673e-31,1.0572029087
pzp_tails,10,25,-0.00604715097313,-1.67014237365e-32,-1.85723832147e-15,-1.20370621524e-34,0.802845540342
pzp_tails,11,1,0.0485533678875,5.94607265712e-18,-4.87010402167e-14,-5.95479107053e-30,4.34716735415
pzp_tails,11,2,-0.0500653914042,0,6.05518443004e-14,0,4.14559288891
pzp_tails,11,3,0.0877649550012,1.0748107122e-17,3.38389323615e-14,4.15486283581e-30,6.41297461608
pzp_tails,11,4,-0.120319480118,0,-4.38844381841e-15,0,7.82631020274
pzp_tails,11,5,0.164188706399,0,-3.24453598754e-14,0,9.36862372544
pzp_tails,11,6,-0.527821771226,0,1.71119628883e-14,0,23.7324300321
pzp_tails,11,7,0.622854631177,7.62776930405e-17,-7.99571997154e-15,-1.01195581515e-30,23.8504756259
pzp_tails,11,8,-1.64799255474,-2.01820880718e-16,1.90562084341e-15,2.72308438543e-31,46.437691826
pzp_tails,11,9,3.41421498247,4.18120744988e-16,-2.11239175023e-14,-2.59004475599e-30,68.7190706591
pzp_tails,11,10,-9.75100990354,-1.19415430668e-15,-3.58816708984e-15,-4.18017075898e-31,118.083368267
pzp_tails,11,11,94.075356642,0,5.24871569885,0,8.43362851116e-14
pzp_tails,11,12,-56.4906344209,-6.91810746253e-15,-1.45608351765e-15,-1.12065048639e-31,376.615808906
pzp_tails,11,13,7.8588571367,0,1.35736690984e-14,0,132.027719196
pzp_tails,11,14,-3.48769055002,0,7.75204553327e-15,0,86.6723668671
pzp_tails,11,15,1.90513178059,0,-9.66457816554e-15,0,62.6212623065
pzp_tails,11,16,-0.52643272929,0,1.53045978668e-14,0,23.6639488823
pzp_tails,11,17,0.497880879154,6.09728225012e-17,1.71043734731e-14,2.10359698176e-30,25.6958700052
pzp_tails,11,18,-0.232855849914,-2.8516617126e-17,7.26849136434e-15,8.85927774418e-31,14.378671536
pzp_tails,11,19,0.170911908079,2.09306721165e-17,1.8630930132e-14,2.27067140443e-30,11.9263678371
pzp_tails,11,20,-0.123976663824,-1.51827624522e-17,-8.36136715421e-15,-1.01303915075e-30,9.64427152394
pzp_tails,11,21,0.0525802579928,6.43922446492e-18,5.93275428784e-15,7.35705238756e-31,4.70078125111
pzp_tails,11,22,-0.0565606575088,0,-6.97358837343e-15,0,5.42853460883
pzp_tails,11,23,0.0258010670462,3.15971941727e-18,1.97888580522e-14,2.42474579998e-30,2.7310515431
pzp_tails,11,24,-0.0224423187681,0,-1.17614251671e-14,0,2.5413070362
pzp_tails,11,25,0.0165657004538,2.02871320363e-18,1.16399945238e-14,1.42615112382e-30,1.99872468754
pzp_tails,12,1,-0.0526457691729,-5.17123474814e-32,5.31406787064e-14,-1.92592994439e-33,5.06455816336
pzp_tails,12,2,0.0553827500383,-6.78243075624e-18,-2.74499661283e-14,3.37357098573e-30,4.95511882586
pzp_tails,12,3,-0.0913486038838,-1.05869723212e-31,-2.20806920383e-14,2.40741243048e-33,7.28384082241
pzp_tails,12,4,0.123387079408,-1.51105591853e-17,-5.95955441029e-15,7.34317215026e-31,8.84845132448
pzp_tails,12,5,-0.162876834596,1.99466594144e-17,-9.45393801221e-15,1.1639914333e-30,10.3796471418
pzp_tails,12,6,0.497848999278,-6.09689183425e-17,9.45207453973e-15,-1.1479896638e-30,25.7038608154
pzp_tails,12,7,-0.566268730209,-2.06736542468e-31,2.89851964045e-14,9.62964972194e-34,25.4589177926
pzp_tails,12,8,1.34321838769,1.48958644136e-31,-8.70465266707e-15,8.18520226365e-33,46.8047268064
pzp_tails,12,9,-2.39999551603,4.62674576484e-31,-1.07338725581e-14,5.29630734706e-33,64.305991233
pzp_tails,12,10,5.03714864981,5.96285966376e-31,-1.57751416097e-15,-1.92592994439e-33,94.5811902561
pzp_tails,12,11,-56.4906344209,6.91810746253e-15,-1.49186218934e-15,1.12065048639e-31,376.615808906
pzp_tails,12,12,102.508397996,-1.00217570216e-29,9.63693032926,-2.46519032882e-31,9.27700494595e-30
pzp_tails,12,13,-19.2861014344,2.36186623897e-15,2.69489291993e-14,-3.25446049415e-30,195.425889174
pzp_tails,12,14,5.773697395,-7.07074003403e-16,1.07151700707e-14,-1.31059532716e-30,104.989272111
pzp_tails,12,15,-2.69122617432,3.29580152017e-16,-1.66490085607e-14,2.03955981111e-30,70.5179525329
pzp_tails,12,16,0.621702688022,-7.61366206907e-17,2.89091667272e-14,-3.51915549088e-30,23.8016658661
pzp_tails,12,17,-0.567547395245,4.59815774222e-31,-2.33060098997e-14,6.01853107621e-35,25.5076265422
pzp_tails,12,18,0.264014151912,-3.6126232785e-31,1.98278893304e-14,1.92592994439e-33,14.5425245102
pzp_tails,12,19,-0.188341440446,2.41192632879e-31,-5.10008701937e-15,-1.80555932286e-32,11.8869661527
pzp_tails,12,20,0.136578326477,1.15405333386e-31,9.85322934355e-15,3.37037740268e-33,9.7140175826
pzp_tails,12,21,-0.0510012505574,3.89699887185e-32,1.10154940725e-14,-2.55787570739e-34,4.2195960063
pzp_tails,12,22,0.0569420088375,-6.97338488598e-18,-9.59302082215e-15,1.17481726608e-30,5.08551058459
pzp_tails,12,23,-0.0256775139519,-2.25694915358e-33,-2.7582103268e-15,-5.26621469168e-35,2.5467847172
pzp_tails,12,24,0.0222789715107,-2.72838711488e-18,7.44196371194e-15,-9.08075968779e-31,2.37427899431
pzp_tails,12,25,-0.0168464129215,4.96528813787e-33,-1.77288739245e-14,-5.7176045224e-34,1.92028100991
pzp_tails,13,1,0.0264359337057,3.23746815951e-18,-2.64737775972e-14,-3.23874460488e-30,2.81102955656
pzp_tails,13,2,-0.029371590031,0,-2.04445631973e-14,0,2.92551103635
pzp_tails,13,3,0.042257179955,5.17501201729e-18,-4.0203842859e-14,-4.92253775932e-30,3.79764182584
pzp_tails,13,4,-0.0566748043726,0,-4.36099995092e-15,0,4.63860262528
pzp_tails,13,5,0.0722778155859,0,3.34007791585e-14,0,5.33843662425
pzp_tails,13,6,-0.235358697909,0,1.50023765112e-14,0,14.5364178565
pzp_tails,13,7,0.267171888858,3.27191198512e-17,-3.29863089968e-14,-4.04042046739e-30,14.7190510467
pzp_tails,13,8,-0.508465859555,-6.2269108738e-17,1.08345678349e-14,1.31052009552e-30,22.8698795557
pzp_tails,13,9,0.823067794659,1.00796734021e-16,1.25908398291e-14,1.54089441879e-30,30.3935922883
pzp_tails,13,10,-1.38333004132,-1.69409070727e-16,-7.42678488153e-16,-9.23242667091e-32,39.9916880948
pzp_tails,13,11,7.8588571367,0,1.37129890776e-14,0,132.027719196
pzp_tails,13,12,-19.2861014344,-2.36186623897e-15,2.69489291993e-14,3.26228458455e-30,195.425889174
pzp_tails,13,13,65.1271603009,0,16.3065860557,0,2.4133463646e-30
pzp_tails,13,14,-39.8093447438,0,8.22909448916e-16,0,320.50787227
pzp_tails,13,15,9.50252579487,0,1.33898968302e-14,0,152.704804735
pzp_tails,13,16,-1.65419224102,0,-2.80374681805e-14,0,46.5682456474
pzp_tails,13,17,1.34678103218,1.64933108021e-16,1.03216046821e-14,1.24415074407e-30,46.8822762729
pzp_tails,13,18,-0.506287680371,-6.20023587214e-17,-1.76074432812e-15,-2.25333803493e-31,22.7573155846
pzp_tails,13,19,0.340781453409,4.17336916126e-17,-3.74700270811e-15,-4.50667606987e-31,18.0549172238
pzp_tails,13,20,-0.22678893599,-2.77736344543e-17,1.18655085757e-14,1.41748443907e-30,13.8321204286
pzp_tails,13,21,0.0996467741513,1.2203210301e-17,6.33174068732e-15,7.72297907699e-31,7.23457074421
pzp_tails,13,22,-0.099361543088,0,5.27355936697e-15,0,7.86718431438
pzp_tails,13,23,0.0436426150049,5.34467887722e-18,-9.40653804848e-15,-1.15555796663e-30,3.88639540826
pzp_tails,13,24,-0.036807759496,0,-6.72205346941e-15,0,3.54964510954
pzp_tails,13,25,0.025864238134,3.16745564432e-18,1.47451495458e-15,1.80555932286e-31,2.68611854998
pzp_tails,14,1,-0.0210612135716,-2.57925477866e-18,2.01550134546e-14,2.46654825989e-30,2.40908123108
pzp_tails,14,2,0.0232905431036,0,2.64953261154e-14,0,2.50733174273
pzp_tails,14,3,-0.0326665137966,-4.00049415603e-18,4.96444993946e-14,6.08165042087e-30,3.19873157153
pzp_tails,14,4,0.0432325127789,0,1.59448870123e-14,0,3.88647367923
pzp_tails,14,5,-0.0540876670705,0,9.04698950303e-16,0,4.4303766315
pzp_tails,14,6,0.172562313974,0,-4.86183359197e-15,0,12.0472473328
pzp_tails,14,7,-0.190484895322,-2.33276717342e-17,2.93257714119e-14,3.60266260956e-30,12.0278136906
pzp_tails,14,8,0.341343219731,4.18024881454e-17,1.50866732301e-15,1.97588375232e-31,18.1011824895
pzp_tails,14,9,-0.520233192233,-6.37101913679e-17,2.18686288696e-14,2.65170460687e-30,23.3991916869
pzp_tails,14,10,0.795886375881,9.74679702708e-17,3.07837522834e-14,3.75177171698e-30,29.4165924867
pzp_tails,14,11,-3.48769055002,0,7.75204553327e-15,0,86.6723668671
pzp_tails,14,12,5.773697395,7.07074003403e-16,1.08539479488e-14,1.32588239609e-30,104.989272111
pzp_tails,14,13,-39.8093447438,0,8.22909448916e-16,0,320.50787227
pzp_tails,14,14,66.291531002,0,21.6058974373,0,3.37345140446e-13
pzp_tails,14,15,-40.1667180544,0,-2.6519585139e-15,0,322.090731604
pzp_tails,14,16,3.43019943994,0,1.48145384848e-14,0,68.9490034897
pzp_tails,14,17,-2.40846163433,-2.94951483135e-16,-2.53529836014e-14,-3.14215470427e-30,64.4493348812
pzp_tails,14,18,0.820268165719,1.00453878359e-16,-5.20417042793e-15,-6.83705130257e-31,30.2665051745
pzp_tails,14,19,-0.519682035572,-6.36426941438e-17,1.3357370765e-14,1.6139292934e-30,23.3492387514
pzp_tails,14,20,0.334029462323,4.09068111855e-17,-1.20042864538e-14,-1.5099290764e-30,17.6835495865
pzp_tails,14,21,-0.135269759777,-1.65657678332e-17,-7.16440795578e-15,-8.87853704363e-31,8.73180986196
pzp_tails,14,22,0.133845535238,0,-6.2970462178e-15,0,9.51993570745
pzp_tails,14,23,-0.0577056261537,-7.0669010362e-18,2.51534904017e-15,3.10074721046e-31,4.67412106075
pzp_tails,14,24,0.0480412812095,0,3.48679418671e-15,0,4.24619310457
pzp_tails,14,25,-0.0337079716228,-4.12803595537e-18,1.83447007585e-15,2.27259733438e-31,3.22934059983
pzp_tails,15,1,0.0161214682792,1.97431045257e-18,-5.63446316514e-15,-6.8854252461e-31,1.9733253723
pzp_tails,15,2,-0.0182500091585,0,-1.39083487566e-14,0,2.11103960289
pzp_tails,15,3,0.024057419147,2.94618413541e-18,-9.18265029987e-15,-1.12287734289e-30,2.54863477122
pzp_tails,15,4,-0.031666414177,0,7.83498699947e-15,0,3.10064408811
pzp_tails,15,5,0.0388955993512,0,-1.88613230936e-14,0,3.49787651178
pzp_tails,15,6,-0.125372242049,0,1.37715359949e-14,0,9.75806530673
pzp_tails,15,7,0.138617648187,1.69757659157e-17,6.02464042196e-15,7.46267760795e-31,9.86430663175
pzp_tails,15,8,-0.226993243588,-2.77986549188e-17,2.392996825e-14,2.93680242395e-30,13.8575103791
pzp_tails,15,9,0.334305388344,4.09406023773e-17,3.13391348462e-14,3.8229107543e-30,17.7172232262
pzp_tails,15,10,-0.478941903809,-5.86534669478e-17,3.1230714629e-14,3.83067465939e-30,21.5426345366
pzp_tails,15,11,1.90513178059,0,-9.5951892265e-15,0,62.6212623065
pzp_tails,15,12,-2.69122617432,-3.29580152017e-16,-1.65102306826e-14,-2.03955981111e-30,70.5179525329
pzp_tails,15,13,9.50252579487,0,1.35969794451e-14,0,152.704804735
pzp_tails,15,14,-40.1667180544,0,-2.79073639198e-15,0,322.090731604
pzp_tails,15,15,66.9271985033,0,26.8839978375,0,1.21091826625e-30
pzp_tails,15,16,-9.83167659014,0,-3.3289343504e-14,0,118.783715057
pzp_tails,15,17,5.06476697676,6.20255066652e-16,-1.21430643318e-16,-9.24446373306e-32,94.9172672862
pzp_tails,15,18,-1.38265995312,-1.69327008589e-16,-2.60208521397e-15,-3.19704370768e-31,39.9304716086
pzp_tails,15,19,0.797607845661,9.76787895163e-17,-7.84095011142e-15,-1.00148357108e-30,29.4405106456
pzp_tails,15,20,-0.480358381539,-5.88269354395e-17,1.28369537222e-14,1.5792625544e-30,21.5782956982
pzp_tails,15,21,0.186830626922,2.28801529242e-17,1.92554305833e-15,2.23407873549e-31,10.5619537685
pzp_tails,15,22,-0.178122565817,0,2.61943244872e-15,0,11.2408589633
pzp_tails,15,23,0.07491736766,9.17473145054e-18,3.46944695195e-16,3.94815638599e-32,5.46751094178
pzp_tails,15,24,-0.0611312761954,0,9.84455572617e-16,0,4.91296757888
pzp_tails,15,25,0.0420616547081,5.15106708051e-18,-1.23165366794e-15,-1.43481780857e-31,3.69236647765
pzp_tails,16,1,-0.0073322576578,-8.97942587115e-19,-3.74003670915e-14,-4.58175724504e-30,0.986080956407
pzp_tails,16,2,0.0072807272161,0,-1.48793195646e-14,0,0.93014988974
pzp_tails,16,3,-0.0112246861845,-1.37462760072e-18,-3.18088654375e-14,-3.89531368314e-30,1.32475311065
pzp_tails,16,4,0.0142161086849,0,-5.01348637084e-14,0,1.5637377312
pzp_tails,16,5,-0.0173999400357,0,3.49180862176e-14,0,1.77499595934
pzp_tails,16,6,0.0491478948651,0,-4.05860241248e-14,0,4.41910725735
pzp_tails,16,7,-0.0486583960407,-5.95893489629e-18,-3.92698026874e-15,-4.85093604743e-31,4.05050578529
pzp_tails,16,8,0.0890413977479,1.09044262744e-17,-3.40873163029e-15,-4.21417545956e-31,6.51158438671
pzp_tails,16,9,-0.121955079837,-1.49351898162e-17,3.01007049147e-14,3.68285953615e-30,7.93669716724
pzp_tails,16,10,0.167111468849,2.04652525427e-17,-4.27717757046e-15,-5.24214056738e-31,9.53561029962
pzp_tails,16,11,-0.52643272929,0,1.5343629145e-14,0,23.6639488823
pzp_tails,16,12,0.621702688022,7.61366206907e-17,2.88874826837e-14,3.50856287619e-30,23.8016658661
pzp_tails,16,13,-1.65419224102,0,-2.80764994587e-14,0,46.5682456474
pzp_tails,16,14,3.43019943994,0,1.48145384848e-14,0,68.9490034897
pzp_tails,16,15,-9.83167659014,0,-3.30464822174e-14,0,118.783715057
pzp_tails,16,16,94.7528742316,0,34.8363405307,0,4.49484076363e-29
pzp_tails,16,17,-56.6297727653,-6.93514699535e-15,-3.74700270811e-14,-4.31793493532e-30,377.095527227
pzp_tails,16,18,7.81756323622,9.57375379437e-16,1.49186218934e-14,1.79496670817e-30,131.317267529
pzp_tails,16,19,-3.46982650133,-4.24931191845e-16,8.46545056277e-15,9.55261252416e-31,86.1532727617
pzp_tails,16,20,1.89053285747,2.31523501259e-16,1.27675647832e-14,1.69481835106e-30,62.0841685981
pzp_tails,16,21,-0.537234075849,-6.57921991381e-17,1.67227343084e-14,2.06459690038e-30,23.8803255552
pzp_tails,16,22,0.509541000339,0,3.53883589099e-15,0,25.999688076
pzp_tails,16,23,-0.210208253604,-2.5743086493e-17,7.78890840714e-15,9.61039042249e-31,12.8014341531
pzp_tails,16,24,0.166219370755,0,3.58220397789e-15,0,11.350416115
pzp_tails,16,25,-0.117005630486,-1.43290570857e-17,2.9316826744e-15,3.54371109767e-31,8.85766402797
pzp_tails,17,1,0.00835135475648,1.54977175212e-32,3.66639227659e-14,-1.27893785369e-34,1.17874590461
pzp_tails,17,2,-0.00859504239876,1.05258911622e-18,1.92462148649e-14,-2.36013686888e-30,1.15529439548
pzp_tails,17,3,0.012415694483,2.66320000122e-32,-2.54757694974e-14,4.60793785522e-34,1.54799321295
pzp_tails,17,4,-0.015710991274,1.92404151751e-18,3.2629064381e-15,-3.98095738036e-31,1.83279011725
pzp_tails,17,5,0.018940690424,-2.31956559013e-18,-1.20847884651e-14,1.47992669898e-30,2.05829573783
pzp_tails,17,6,-0.0539471561801,6.60662121391e-18,2.47187253305e-14,-3.02948780252e-30,5.20986241224
pzp_tails,17,7,0.0542490246637,6.62038418383e-32,-2.86392003862e-14,1.68518870134e-33,4.87713271147
pzp_tails,17,8,-0.0927104183924,-8.42594350669e-32,1.98278893304e-14,-2.40741243048e-33,7.39725451911
pzp_tails,17,9,0.125183947913,3.9722305103e-32,-7.43871110542e-15,-9.62964972194e-34,8.98042341167
pzp_tails,17,10,-0.165789432402,-1.17812745817e-31,1.33812232128e-14,2.40741243048e-34,10.564158677
pzp_tails,17,11,0.497880879154,-6.09728225012e-17,1.71043734731e-14,-2.10359698176e-30,25.6958700052
pzp_tails,17,12,-0.567547395245,-4.94121401357e-31,-2.32626418128e-14,-1.92592994439e-33,25.5076265422
pzp_tails,17,13,1.34678103218,-1.64933108021e-16,1.03996672385e-14,-1.24029888419e-30,46.8822762729
pzp_tails,17,14,-2.40846163433,2.94951483135e-16,-2.53529836014e-14,3.1411917393e-30,64.4493348812
pzp_tails,17,15,5.06476697676,-6.20255066652e-16,-1.21430643318e-16,9.24446373306e-32,94.9172672862
pzp_tails,17,16,-56.6297727653,6.93514699535e-15,-3.74353326116e-14,4.31793493532e-30,377.095527227
pzp_tails,17,17,102.061860502,3.87442938031e-32,39.2193491966,0,3.94899177383e-29
pzp_tails,17,18,-19.173463465,1.35289055429e-30,-6.66133814775e-15,1.15318817002e-31,194.395170167
pzp_tails,17,19,5.7540035922,2.76858071879e-30,2.65065747129e-14,3.76158192263e-36,104.552037967
pzp_tails,17,20,-2.67416818282,-8.4744679135e-31,2.49800180541e-15,3.08148791102e-32,70.0111816453
pzp_tails,17,21,0.640139872588,1.82982152626e-31,2.70616862252e-15,-1.20370621524e-34,24.1918727689
pzp_tails,17,22,-0.59457976757,7.28150209192e-17,1.19695919842e-14,-1.40978071929e-30,26.3795666982
pzp_tails,17,23,0.236456886192,3.44270557008e-31,-2.90566182226e-15,-1.92498954891e-33,12.8253873358
pzp_tails,17,24,-0.182327041185,2.23286227386e-17,7.762887555e-15,-9.49483462583e-31,11.236231727
pzp_tails,17,25,0.128958463517,7.46438912772e-32,-5.44703171457e-15,3.85185988877e-33,8.9037984378
pzp_tails,18,1,-0.00420116075237,4.51389830716e-33,-7.83905275761e-15,1.17549435082e-34,0.635564350878
pzp_tails,18,2,0.00454429785245,-5.56515981938e-19,-5.17977587905e-15,6.33450395771e-31,0.656890996696
pzp_tails,18,3,-0.00595113633533,-4.51389830716e-33,4.28108069828e-14,-6.39468926847e-35,0.802326950228
pzp_tails,18,4,0.00754896350924,-9.24481399848e-19,2.8021747249e-14,-3.43182660497e-30,0.957173216013
pzp_tails,18,5,-0.00896739625394,1.09818931191e-18,-9.35612264746e-15,1.14556720505e-30,1.06541040643
pzp_tails,18,6,0.026901200802,-3.29444694554e-18,-1.44524149592e-14,1.76583701776e-30,2.87068633722
pzp_tails,18,7,-0.0279612475319,8.5764067836e-33,1.55778168143e-14,-2.40741243048e-34,2.79728350832
pzp_tails,18,8,0.0422356231892,9.50927910041e-32,6.54207590878e-15,4.81482486097e-34,3.79814727307
pzp_tails,18,9,-0.0567312190318,4.82610960674e-32,-1.77223687114e-14,4.21297175335e-34,4.64495821954
pzp_tails,18,10,0.0727398439211,5.62732655626e-32,2.75474087985e-14,-3.61111864573e-34,5.37249936156
pzp_tails,18,11,-0.232855849914,2.8516617126e-17,7.26849136434e-15,-8.84964809446e-31,14.378671536
pzp_tails,18,12,0.264014151912,7.68867344986e-32,1.98278893304e-14,5.77778983316e-33,14.5425245102
pzp_tails,18,13,-0.506287680371,6.20023587214e-17,-1.82145964978e-15,2.21481943605e-31,22.7573155846
pzp_tails,18,14,0.820268165719,-1.00453878359e-16,-5.27355936697e-15,6.62519900869e-31,30.2665051745
pzp_tails,18,15,-1.38265995312,1.69327008589e-16,-2.60208521397e-15,3.44741460045e-31,39.9304716086
pzp_tails,18,16,7.81756323622,-9.57375379437e-16,1.46410661372e-14,-1.81037414772e-30,131.317267529
pzp_tails,18,17,-19.173463465,-2.12819020437e-30,-6.38378239159e-15,-1.07852076886e-31,194.395170167
pzp_tails,18,18,65.4973662883,-9.89563117969e-30,45.8928031364,-1.54074395551e-32,7.22854923886e-30
pzp_tails,18,19,-39.9947186795,8.48603477791e-31,-3.5527136788e-14,1.84889274661e-31,321.219591391
pzp_tails,18,20,9.52741583211,1.77305925505e-30,1.63757896132e-14,6.16899435312e-32,152.836747866
pzp_tails,18,21,-1.7996426971,1.06528000049e-31,-2.77555756156e-15,2.31111593326e-32,49.7651244514
pzp_tails,18,22,1.42248420724,-1.74204073123e-16,-3.69496100383e-15,4.81482486097e-31,48.6887608601
pzp_tails,18,23,-0.504241667232,-1.64004971827e-31,8.59989163216e-15,3.85138969103e-33,22.237609238
pzp_tails,18,24,0.367173054582,-4.49657306027e-17,-1.91849574421e-15,2.55005161699e-31,18.905019674
pzp_tails,18,25,-0.237288450645,5.02570854751e-32,4.10695782938e-15,-3.61111864573e-33,13.9775149359
pzp_tails,19,1,0.00347321911299,-6.77084746074e-33,-1.13570177568e-14,-3.01690625139e-34,0.553334463783
pzp_tails,19,2,-0.00375454387591,4.59799013989e-19,-6.98768300167e-15,8.57279566495e-31,0.572884652602
pzp_tails,19,3,0.00484450959865,-5.7176045224e-33,-2.03949270666e-14,-1.05324293834e-34,0.692041432037
pzp_tails,19,4,-0.00611201630771,7.48506120758e-19,-1.48427277413e-15,1.83444827203e-31,0.824064006954
pzp_tails,19,5,0.0072014006229,-8.81917222221e-19,2.27725824309e-14,-2.78862618885e-30,0.913432046511
pzp_tails,19,6,-0.0215055966095,2.63367600516e-18,1.93334931398e-14,-2.36600493668e-30,2.46763281917
pzp_tails,19,7,0.0221856971148,-3.61111864573e-32,-2.97461708043e-14,-8.42594350669e-34,2.39767465974
pzp_tails,19,8,-0.0327696947842,1.95602259977e-32,-9.7014410394e-15,-6.62038418383e-34,3.21009071302
pzp_tails,19,9,0.0434256657297,-3.3402847473e-32,1.0868042577e-14,1.44444745829e-33,3.90432042896
pzp_tails,19,10,-0.0546393816362,8.66668474974e-32,-2.32019264912e-15,1.68518870134e-33,4.47445445601
pzp_tails,19,11,0.170911908079,-2.09306721165e-17,1.86135828972e-14,-2.27837512421e-30,11.9263678371
pzp_tails,19,12,-0.188341440446,8.68173107743e-32,-5.10008701937e-15,3.85185988877e-33,11.8869661527
pzp_tails,19,13,0.340781453409,-4.17336916126e-17,-3.71230823859e-15,4.50667606987e-31,18.0549172238
pzp_tails,19,14,-0.519682035572,6.36426941438e-17,1.34267597041e-14,-1.62548487306e-30,23.3492387514
pzp_tails,19,15,0.797607845661,-9.76787895163e-17,-7.77156117238e-15,1.00148357108e-30,29.4405106456
pzp_tails,19,16,-3.46982650133,4.24931191845e-16,8.74300631892e-15,-9.86076131526e-31,86.1532727617
pzp_tails,19,17,5.7540035922,-2.01744923256e-30,2.63677968348e-14,9.26853785736e-32,104.552037967
pzp_tails,19,18,-39.9947186795,4.15999927592e-30,-3.66373598126e-14,1.84889274661e-31,321.219591391
pzp_tails,19,19,66.5421524406,-7.08983901173e-30,51.1792655172,1.23258576045e-31,3.84067081024e-30
pzp_tails,19,20,-40.2399761884,-3.64782228134e-30,-8.32667268469e-15,-6.16306986159e-32,322.331621054
pzp_tails,19,21,3.76412309597,3.46074940837e-31,6.07153216592e-15,-4.61931664054e-32,73.8567260264
pzp_tails,19,22,-2.57136625346,3.14901545174e-16,-8.81239525796e-15,1.02459473041e-30,67.3606152664
pzp_tails,19,23,0.818242816295,4.08949782674e-31,-1.19348975147e-14,1.92592994439e-32,29.5136452075
pzp_tails,19,24,-0.560232105651,6.86086454965e-17,1.63064006742e-15,-2.08000433994e-31,24.3457188736
pzp_tails,19,25,0.351382798529,1.20365919547e-31,-6.85215773011e-15,1.92569484552e-33,17.8761125395
pzp_tails,20,1,-0.00272009569474,-5.26621469168e-33,2.24950266747e-14,-2.48969703504e-34,0.455139521199
pzp_tails,20,2,0.00300770401967,-3.68337510047e-19,1.13776175981e-14,-1.39389179725e-30,0.483020988125
pzp_tails,20,3,-0.00370436967951,2.25694915358e-33,-1.67617655866e-14,5.64237288395e-36,0.558844550588
pzp_tails,20,4,0.00467185553016,-5.72137292109e-19,-1.41857012248e-14,1.73309620871e-30,0.66731429752
pzp_tails,20,5,-0.00545479281931,6.68019456618e-19,9.52580028746e-15,-1.16590984008e-30,0.735584928837
pzp_tails,20,6,0.0165215270625,-2.02330352341e-18,-4.25007251614e-16,5.00741785541e-32,2.02808328088
pzp_tails,20,7,-0.0172850730568,-4.21297175335e-32,-2.22651758142e-14,0,2.00650703471
pzp_tails,20,8,0.0241215499465,-2.19676384282e-32,-6.97358837343e-15,-6.01853107621e-35,2.55614524619
pzp_tails,20,9,-0.0317999080676,-2.70833898429e-32,2.39391839685e-15,3.00926553811e-35,3.11379499126
pzp_tails,20,10,0.0393132139279,2.04630056591e-32,1.32619609738e-14,9.32872316813e-34,3.53429266506
pzp_tails,20,11,-0.123976663824,1.51827624522e-17,-8.36136715421e-15,1.02459473041e-30,9.64427152394
pzp_tails,20,12,0.136578326477,1.34589401192e-31,9.81853487403e-15,-7.70371977755e-33,9.7140175826
pzp_tails,20,13,-0.22678893599,2.77736344543e-17,1.19348975147e-14,-1.41363257918e-30,13.8321204286
pzp_tails,20,14,0.334029462323,-4.09068111855e-17,-1.20042864538e-14,1.51763279618e-30,17.6835495865
pzp_tails,20,15,-0.480358381539,5.88269354395e-17,1.29063426613e-14,-1.5792625544e-30,21.5782956982
pzp_tails,20,16,1.89053285747,-2.31523501259e-16,1.27675647832e-14,-1.66400347195e-30,62.0841685981
pzp_tails,20,17,-2.67416818282,-2.21534605751e-30,1.94289029309e-15,-6.16297582204e-32,70.0111816453
pzp_tails,20,18,9.52741583211,-2.00176343595e-30,1.63757896132e-14,3.07546937994e-32,152.836747866
pzp_tails,20,19,-40.2399761884,-1.0790944101e-30,-8.881784197e-15,0,322.331621054
pzp_tails,20,20,66.7800661013,6.31705962154e-30,56.4516972393,-9.86076131526e-31,4.56301915905e-30
pzp_tails,20,21,-11.3038267851,-2.31200930897e-30,-5.82867087928e-15,3.08148791102e-32,131.248691853
pzp_tails,20,22,5.5450490625,-6.7907265855e-16,1.87350135405e-14,-2.24948617504e-30,100.843347964
pzp_tails,20,23,-1.43464903105,8.63635699549e-32,1.17267306976e-14,0,40.2552619582
pzp_tails,20,24,0.893041020147,-1.09365982683e-16,7.77156117238e-15,-8.55112895308e-31,31.6549574904
pzp_tails,20,25,-0.524902532013,4.19490440517e-31,2.53269627493e-15,-2.35098870164e-37,22.4990962729
pzp_tails,21,1,0.00153544326573,5.11575141478e-33,-3.88610584684e-14,-1.21311017005e-34,0.274745793521
pzp_tails,21,2,-0.0014487473074,1.77420375278e-19,-1.81061762805e-15,2.20880090497e-31,0.24948237681
pzp_tails,21,3,0.00220919416173,-6.77084746074e-33,4.18046673667e-14,6.01853107621e-35,0.358931968979
pzp_tails,21,4,-0.00268952559853,3.29371891547e-19,2.25730892311e-15,-2.76250576398e-31,0.415392109987
pzp_tails,21,5,0.00316185867454,-3.87216010513e-19,-1.56753950098e-14,1.92051326642e-30,0.463092517672
pzp_tails,21,6,-0.00830310221444,1.01683675499e-18,-2.17230747279e-14,2.66067221817e-30,1.11564617224
pzp_tails,21,7,0.00762835390322,-3.9722305103e-32,3.63511304391e-14,2.40741243048e-34,0.974096716439
pzp_tails,21,8,-0.0131117127803,1.50463276905e-34,-2.32366209607e-14,-6.01853107621e-35,1.54167988108
pzp_tails,21,9,0.0164449420491,1.47454011367e-32,1.35785480082e-14,-9.32872316813e-34,1.80120399336
pzp_tails,21,10,-0.0202982277251,1.92592994439e-32,-2.52402265755e-15,-1.20370621524e-33,2.06051125442
pzp_tails,21,11,0.0525802579928,-6.43922446492e-18,5.91540705308e-15,-7.376311687e-31,4.70078125111
pzp_tails,21,12,-0.0510012505574,-4.73959322252e-33,1.10328413072e-14,0,4.2195960063
pzp_tails,21,13,0.0996467741513,-1.2203210301e-17,6.36643515683e-15,-7.72297907699e-31,7.23457074421
pzp_tails,21,14,-0.135269759777,1.65657678332e-17,-7.14706072102e-15,8.87853704363e-31,8.73180986196
pzp_tails,21,15,0.186830626922,-2.28801529242e-17,1.99493199737e-15,-2.1955601366e-31,10.5619537685
pzp_tails,21,16,-0.537234075849,6.57921991381e-17,1.67227343084e-14,-2.06459690038e-30,23.8803255552
pzp_tails,21,17,0.640139872588,-2.31186824965e-31,2.70616862252e-15,-2.32315299542e-32,24.1918727689
pzp_tails,21,18,-1.7996426971,5.41855875955e-32,-3.15719672628e-15,2.31111593326e-32,49.7651244514
pzp_tails,21,19,3.76412309597,8.12473483424e-31,6.210310044e-15,3.85091949329e-33,73.8567260264
pzp_tails,21,20,-11.3038267851,6.14825863277e-31,-5.82867087928e-15,0,131.248691853
pzp_tails,21,21,105.631447469,1.24047661893e-29,64.0941938823,-9.86091177854e-31,6.8398725597e-31
pzp_tails,21,22,-58.4566416495,7.15887390849e-15,-2.85188539451e-14,3.636155735e-30,384.364076343
pzp_tails,21,23,7.16057000434,2.05171019091e-30,-1.10675357767e-14,-5.9703828276e-32,117.779301422
pzp_tails,21,24,-3.31968352646,4.06543980486e-16,1.7763568394e-14,-2.15318967782e-30,79.1255070894
pzp_tails,21,25,1.78328242135,6.31146426844e-32,-4.87457296749e-15,2.9851914138e-32,55.7318249134
pzp_tails,22,1,-0.0017019095439,-2.08423807537e-19,1.93546350821e-14,2.37021790843e-30,0.31572296747
pzp_tails,22,2,0.00171422166868,0,-2.90457762009e-15,0,0.306469893677
pzp_tails,22,3,-0.00236570135049,-2.89714858662e-19,3.49828672974e-14,4.28350893756e-30,0.399914947172
pzp_tails,22,4,0.00289973373318,0,2.96431715979e-14,0,0.466924683879
pzp_tails,22,5,-0.00336937263953,0,-4.0750822855e-14,0,0.515639749491
pzp_tails,22,6,0.00919838477708,0,4.29517532652e-14,0,1.29642201113
pzp_tails,22,7,-0.00888162549451,-1.08768542331e-18,-1.08506953422e-14,-1.32841017914e-30,1.19253071599
pzp_tails,22,8,0.0137238455821,1.68068635642e-18,4.08093697724e-15,5.01223268027e-31,1.70389169651
pzp_tails,22,9,-0.0173018394659,-2.11886423213e-18,-3.81639164715e-15,-4.66556529028e-31,2.00882246466
pzp_tails,22,10,0.0209884963363,2.57034948572e-18,-3.05311331772e-15,-3.75556339156e-31,2.26858526771
pzp_tails,22,11,-0.0565606575088,0,-6.99093560819e-15,0,5.42853460883
pzp_tails,22,12,0.0569420088375,6.97338488598e-18,-9.59302082215e-15,-1.17481726608e-30,5.08551058459
pzp_tails,22,13,-0.099361543088,0,5.29090660173e-15,0,7.86718431438
pzp_tails,22,14,0.133845535238,0,-6.31439345256e-15,0,9.51993570745
pzp_tails,22,15,-0.178122565817,0,2.63677968348e-15,0,11.2408589633
pzp_tails,22,16,0.509541000339,0,3.43475248243e-15,0,25.999688076
pzp_tails,22,17,-0.59457976757,-7.28150209192e-17,1.20042864538e-14,1.41363257918e-30,26.3795666982
pzp_tails,22,18,1.42248420724,1.74204073123e-16,-3.81639164715e-15,-4.77630626208e-31,48.6887608601
pzp_tails,22,19,-2.57136625346,-3.14901545174e-16,-8.32667268469e-15,-9.86076131526e-31,67.3606152664
pzp_tails,22,20,5.5450490625,6.7907265855e-16,1.87350135405e-14,2.31111593326e-30,100.843347964
pzp_tails,22,21,-58.4566416495,-7.15887390849e-15,-2.87270207622e-14,-3.38963670212e-30,384.364076343
pzp_tails,22,22,95.8285461619,0,68.4220687581,0,2.18737647108e-31
pzp_tails,22,23,-18.7381838363,-2.2947656857e-15,5.4088677981e-14,6.63482865841e-30,185.004229658
pzp_tails,22,24,6.0330473383,0,-3.00454106039e-14,0,104.130739123
pzp_tails,22,25,-2.73604329273,-3.35068666077e-16,9.17668718792e-15,1.13148384233e-30,67.5178421295
pzp_tails,23,1,0.000826084311404,-1.80555932286e-33,3.49687726692e-14,5.87747175411e-35,0.161403764122
pzp_tails,23,2,-0.000824021672447,1.00913550359e-19,1.5280745419e-14,-1.87104094097e-30,0.155454900647
pzp_tails,23,3,0.00114011776239,2.70833898429e-33,4.11010201568e-14,-1.59867231712e-35,0.20399011161
pzp_tails,23,4,-0.00139028536653,1.70260852402e-19,-7.25710724153e-15,8.88756484024e-31,0.237594778657
pzp_tails,23,5,0.00160912680976,-1.970611997e-19,-2.87042525166e-15,3.51301658918e-31,0.262143542862
pzp_tails,23,6,-0.0043640218287,5.34438536393e-19,-2.25112897073e-14,2.7564872329e-30,0.658152510462
pzp_tails,23,7,0.00417535040324,-3.61111864573e-33,-4.14165229889e-16,-9.02779661432e-35,0.601845594193
pzp_tails,23,8,-0.00641865654961,-7.82409039907e-33,1.87024874754e-14,2.40741243048e-34,0.860284010394
pzp_tails,23,9,0.00802521815056,-1.80555932286e-33,-2.28528133916e-14,1.50463276905e-35,1.01099832078
pzp_tails,23,10,-0.00965383916218,1.20370621524e-33,2.6953266008e-15,6.01853107621e-34,1.13876873589
pzp_tails,23,11,0.0258010670462,-3.15971941727e-18,1.97975316696e-14,-2.42378283501e-30,2.7310515431
pzp_tails,23,12,-0.0256775139519,-1.21122937909e-32,-2.73218947466e-15,1.98611525515e-33,2.5467847172
pzp_tails,23,13,0.0436426150049,-5.34467887722e-18,-9.41087485717e-15,1.15363203669e-30,3.88639540826
pzp_tails,23,14,-0.0577056261537,7.0669010362e-18,2.51534904017e-15,-3.10074721046e-31,4.67412106075
pzp_tails,23,15,0.07491736766,-9.17473145054e-18,3.46944695195e-16,-3.94815638599e-32,5.46751094178
pzp_tails,23,16,-0.210208253604,2.5743086493e-17,7.70217223334e-15,-9.59113112305e-31,12.8014341531
pzp_tails,23,17,0.236456886192,-3.37131779816e-32,-2.85362011798e-15,1.92592994439e-33,12.8253873358
pzp_tails,23,18,-0.504241667232,-1.98014374385e-31,8.56086035395e-15,-5.77684943768e-33,22.237609238
pzp_tails,23,19,0.818242816295,1.15257221098e-31,-1.17961196366e-14,1.15560498641e-32,29.5136452075
pzp_tails,23,20,-1.43464903105,1.45488584813e-31,1.19348975147e-14,1.50463276905e-35,40.2552619582
pzp_tails,23,21,7.16057000434,-8.9615457527e-31,-1.1050188542e-14,-7.12518847785e-32,117.779301422
pzp_tails,23,22,-18.7381838363,2.2947656857e-15,5.41060252157e-14,-6.64060644825e-30,185.004229658
pzp_tails,23,23,78.5709490862,1.48053654545e-29,74.920670599,-1.97215226305e-30,2.48391828449e-29
pzp_tails,23,24,-47.1674778288,5.77635007469e-15,-3.36146041557e-14,4.26978668671e-30,348.423444649
pzp_tails,23,25,11.0656834818,1.54300090466e-30,-4.70977423728e-15,-6.06669107976e-32,163.817143589
pzp_tails,24,1,-0.000758667464953,-9.29099682572e-20,-3.42740701272e-14,-4.19738375786e-30,0.153835815171
pzp_tails,24,2,0.000764386800129,0,4.73281353344e-14,0,0.149851030833
pzp_tails,24,3,-0.00103450546708,-1.26690380896e-19,6.89688106972e-15,8.44881392478e-31,0.192735769714
pzp_tails,24,4,0.00125970962517,0,-3.77031305482e-15,0,0.22458525568
pzp_tails,24,5,-0.00144976349602,0,2.07191035162e-15,0,0.246890916185
pzp_tails,24,6,0.00394012177331,0,-1.89410119533e-14,0,0.623328199271
pzp_tails,24,7,-0.00378702448913,-4.63776741891e-19,8.53158689529e-15,1.04481699483e-30,0.573845844278
pzp_tails,24,8,0.00568355815131,6.96035129777e-19,1.63161584937e-14,1.99851342917e-30,0.803743865651
pzp_tails,24,9,-0.00707652689995,-8.6662460171e-19,-1.86482773668e-14,-2.28463439653e-30,0.943758300137
pzp_tails,24,10,0.00843420075255,1.0328916955e-18,6.02816407902e-15,7.38594133673e-31,1.0572029087
pzp_tails,24,11,-0.0224423187681,0,-1.17657619758e-14,0,2.5413070362
pzp_tails,24,12,0.0222789715107,2.72838711488e-18,7.44630052063e-15,9.09038933751e-31,2.37427899431
pzp_tails,24,13,-0.036807759496,0,-6.71771666072e-15,0,3.54964510954
pzp_tails,24,14,0.0480412812095,0,3.47812056933e-15,0,4.24619310457
pzp_tails,24,15,-0.0611312761954,0,9.67108337857e-16,0,4.91296757888
pzp_tails,24,16,0.166219370755,0,3.54750950837e-15,0,11.350416115
pzp_tails,24,17,-0.182327041185,-2.23286227386e-17,7.72819308548e-15,9.46594567666e-31,11.236231727
pzp_tails,24,18,0.367173054582,4.49657306027e-17,-1.95562966862e-15,-2.43148655479e-31,18.905019674
pzp_tails,24,19,-0.560232105651,-6.86086454965e-17,1.63064006742e-15,1.92592994439e-31,24.3457188736
pzp_tails,24,20,0.893041020147,1.09365982683e-16,7.77156117238e-15,8.85927774418e-31,31.6549574904
pzp_tails,24,21,-3.31968352646,-4.06543980486e-16,1.74686654031e-14,2.10118956933e-30,79.1255070894
pzp_tails,24,22,6.0330473383,0,-2.99413271954e-14,0,104.130739123
pzp_tails,24,23,-47.1674778288,-5.77635007469e-15,-3.24349921921e-14,-4.14363827535e-30,348.423444649
pzp_tails,24,24,77.9267851676,0,79.7828444477,0,5.92693154702e-29
pzp_tails,24,25,-46.8209335421,-5.73391063955e-15,-6.90419943439e-15,-1.22344699717e-30,347.276796445
pzp_tails,25,1,0.000569903898422,-1.61237074219e-33,6.14317082447e-14,-4.11405009004e-36,0.119787073853
pzp_tails,25,2,-0.00059689230241,7.30982247582e-20,-2.49203869346e-14,3.05214757202e-30,0.121442494541
pzp_tails,25,3,0.0007590615249,5.6740194255e-34,7.91738636458e-16,-3.11551407792e-35,0.147048648175
pzp_tails,25,4,-0.000928221863143,1.1367439336e-19,2.43782858483e-15,-2.98458956069e-31,0.172371245182
pzp_tails,25,5,0.00105998823241,-1.29811119596e-19,-5.76117929404e-15,7.05341749476e-31,0.188375279394
pzp_tails,25,6,-0.0029551467709,3.61901103399e-19,3.18278389755e-14,-3.89772109558e-30,0.489423618246
pzp_tails,25,7,0.00292518690168,-9.17557353936e-33,-1.11737875896e-14,1.07585845618e-34,0.464948526348
pzp_tails,25,8,-0.00410436072135,1.11833980015e-32,8.42641928456e-15,5.42336276155e-35,0.610863254973
pzp_tails,25,9,0.00512920923312,-1.7324859575e-32,-6.59737021957e-15,4.19944267908e-35,0.722099019969
pzp_tails,25,10,-0.00604715097313,1.42021902366e-32,-1.85940672581e-15,-8.18568007984e-35,0.802845540342
pzp_tails,25,11,0.0165657004538,-2.02871320363e-18,1.16421629281e-14,-1.42615112382e-30,1.99872468754
pzp_tails,25,12,-0.0168464129215,3.66348521482e-32,-1.77332107332e-14,-2.64704852676e-34,1.92028100991
pzp_tails,25,13,0.025864238134,-3.16745564432e-18,1.47451495458e-15,-1.81037414772e-31,2.68611854998
pzp_tails,25,14,-0.0337079716228,4.12803595537e-18,1.83447007585e-15,-2.25333803493e-31,3.22934059983
pzp_tails,25,15,0.0420616547081,-5.15106708051e-18,-1.22298005056e-15,1.43963263343e-31,3.69236647765
pzp_tails,25,16,-0.117005630486,1.43290570857e-17,2.96204033523e-15,-3.52445179823e-31,8.85766402797
pzp_tails,25,17,0.128958463517,-3.59970389719e-32,-5.3906532016e-15,5.04140939541e-34,8.9037984378
pzp_tails,25,18,-0.237288450645,1.16345173414e-31,4.07226335986e-15,1.36285523436e-33,13.9775149359
pzp_tails,25,19,0.351382798529,-4.19332040109e-31,-6.85215773011e-15,5.07435548683e-34,17.8761125395
pzp_tails,25,20,-0.524902532013,5.28573067675e-31,2.53269627493e-15,-6.83840907547e-33,22.4990962729
pzp_tails,25,21,1.78328242135,-1.54131134457e-30,-5.13478148889e-15,2.30697336322e-32,55.7318249134
pzp_tails,25,22,-2.73604329273,3.35068666077e-16,9.20270804006e-15,-1.08140966377e-30,67.5178421295
pzp_tails,25,23,11.0656834818,-1.73837875995e-30,-5.02202446295e-15,6.88746759088e-32,163.817143589
pzp_tails,25,24,-46.8209335421,5.73391063955e-15,-9.16367676185e-15,1.24944705142e-30,347.276796445
pzp_tails,25,25,77.158857122,-1.42240643204e-29,84.664885927,-7.51327339692e-32,3.39322427528e-29
bloch_wannier,1,1,13.8404528553,-2.24948617504e-29,-38.1346597721,0,3.56775883534e-13
bloch_wannier,1,2,1.10232187544,-1.2249284231e-15,-2.64192544587,2.46809757397e-15,62.5538582364
bloch_wannier,1,3,1.20342462685,-2.16566305717e-15,3.10700684454,1.50786855564e-15,204.420413283
bloch_wannier,1,4,0.416860911433,1.41671609017e-14,0.296967623648,-7.39090129503e-16,11.9490657527
bloch_wannier,1,5,-4.25236613366,-5.59646926755e-15,0.562836559062,9.46190288663e-16,19.2039712081
bloch_wannier,1,6,-0.2598625772,-2.82013366475e-15,-0.00358668578796,3.55557587053e-15,2.23181654759
bloch_wannier,1,7,-1.1993244501,1.95851419681e-15,0.00354289895865,-1.52919909563e-15,3.95479196596
bloch_wannier,1,8,-0.762375712821,3.96998484294e-15,-0.00470857308578,-4.51698591721e-15,5.00042067023
bloch_wannier,1,9,0.175931604828,4.25908216464e-15,-0.0524432694607,-2.435876033e-16,6.02230333441
bloch_wannier,1,10,4.2686106182,7.66959964872e-15,0.0980469900351,-9.77995075594e-15,39.3019210939
bloch_wannier,1,11,0.00791255234496,5.57143461903e-16,0.00176829345498,-1.14672016985e-15,0.190311289296
bloch_wannier,1,12,0.022762865686,1.69551193343e-15,-0.00122011794749,-4.26153425213e-16,0.1858466435
bloch_wannier,1,13,0.023248430646,3.9917680235e-16,0.00355872869552,-2.34851589236e-15,0.335759018213
bloch_wannier,1,14,0.0126399571234,3.84329027382e-15,0.0145075329153,-5.73783300303e-15,0.664118899499
bloch_wannier,1,15,-0.175068032732,-3.37281889089e-15,-0.0176379086472,6.82194656261e-15,4.22713394395
bloch_wannier,1,16,0.00791255234496,-4.31796095803e-15,-0.00453304617224,-2.175313885e-15,0.559524673748
bloch_wannier,1,17,-0.00508612846314,-1.84774480584e-15,0.000713117103862,-2.75640502233e-16,0.246016142265
bloch_wannier,1,18,0.0140395305111,1.62286007148e-16,-0.0101103439232,-4.37851456664e-16,1.45035541489
bloch_wannier,1,19,0.0218651209742,-1.12529661047e-14,-0.0249847260242,-1.28727425343e-15,2.86347165153
bloch_wannier,1,20,0.0124441801516,5.98698228636e-15,0.0176262134491,1.15683163833e-15,0.926121579421
bloch_wannier,1,21,-0.2598625772,-1.36298998546e-16,-0.0138078573492,-2.24736991342e-15,51.5459733743
bloch_wannier,1,22,0.0793258374402,-6.81122977521e-16,0.00648429751699,-9.92182938399e-16,16.6764199149
bloch_wannier,1,23,-0.478336875184,-2.15270051564e-15,-0.0337790756684,6.35054520801e-15,92.8210834385
bloch_wannier,1,24,-0.627297594359,-9.83840057109e-15,-0.0548370729517,-2.8727117181e-15,110.129692324
bloch_wannier,1,25,0.146379368042,-3.77974080437e-15,0.0125897599223,1.98581454243e-15,17.53193411
bloch_wannier,2,1,1.10232187544,1.2249284231e-15,-2.64192544587,-2.46809757397e-15,62.5538582364
bloch_wannier,2,2,40.3855234847,4.88415833897e-29,-50.7446056469,4.8966768836e-31,1.22781653891e-13
bloch_wannier,2,3,1.93284777511,6.11742853228e-15,-3.03052565346,-1.52956930857e-14,155.025807552
bloch_wannier,2,4,2.81150740822,-7.2539862742e-15,0.916322949995,-1.81611172929e-15,24.2565372558
bloch_wannier,2,5,0.716856433395,-1.48761373898e-14,0.997125190598,2.46852624681e-14,225.02130039
bloch_wannier,2,6,0.0793258374402,5.4448346909e-16,0.00116793312894,-1.9299848769e-15,0.302126552714
bloch_wannier,2,7,0.366246935354,-1.71772046769e-14,0.00190298327268,1.45216599245e-14,0.0309465389069
bloch_wannier,2,8,0.233846473977,-6.21754409164e-15,0.00243614138932,7.2091943455e-15,0.594588157137
bloch_wannier,2,9,-0.050962185691,-1.64840904143e-14,0.00763134157753,3.54296001596e-15,1.84975839491
bloch_wannier,2,10,-1.31979201208,3.15016454691e-15,-0.0300075275171,-1.68713365129e-14,4.54666229397
bloch_wannier,2,11,-0.00508612846314,1.59014714008e-15,0.00181597983256,2.32150741626e-15,0.620023332882
bloch_wannier,2,12,-0.00513514199374,9.89667966944e-15,-0.000333828797823,-6.42193141469e-15,0.234557712512
bloch_wannier,2,13,-0.01259785732,2.84944319701e-14,0.0043042401025,-6.10191268942e-15,1.47645093994
bloch_wannier,2,14,-0.0152162822084,6.71950031417e-16,0.010564766291,3.26395188578e-15,3.52640351704
bloch_wannier,2,15,0.0588947440174,9.89623428592e-15,-0.00423135313948,1.95036692777e-15,2.24119348789
bloch_wannier,2,16,0.022762865686,-1.81082065904e-15,-0.0109509028762,1.16957606871e-15,4.17226616892
bloch_wannier,2,17,-0.00513514199374,-2.10408216313e-14,0.00135400471721,3.28972642534e-15,1.01042128304
bloch_wannier,2,18,0.0475449666021,-2.09631278901e-14,-0.0252653562927,3.60920404013e-15,9.95820406107
bloch_wannier,2,19,0.0828655677708,2.11823749378e-15,-0.0588336862693,2.50566012416e-15,21.045992218
bloch_wannier,2,20,-0.0469243368267,-4.2152751289e-15,0.0406397599781,4.84762630025e-16,12.9000401475
bloch_wannier,2,21,-1.1993244501,-2.28881993916e-15,0.0081956335175,-2.18723007349e-15,243.367853445
bloch_wannier,2,22,0.366246935354,7.44426857679e-15,0.00531072975965,7.82974324717e-15,75.8933325064
bloch_wannier,2,23,-2.20164135837,-8.45296903022e-15,0.0134039659748,9.74687427985e-15,443.859576716
bloch_wannier,2,24,-2.82819450809,1.99606157514e-14,0.0538201659655,3.23224283255e-16,553.728253568
bloch_wannier,2,25,0.590965171495,5.92477587497e-15,-0.0662208706857,8.28770956705e-15,108.821367715
bloch_wannier,3,1,1.20342462685,2.16566305717e-15,3.10700684454,-1.50786855564e-15,204.420413283
bloch_wannier,3,2,1.93284777511,-6.11742853228e-15,-3.03052565346,1.52956930857e-14,155.025807552
bloch_wannier,3,3,57.3229709776,1.84889274661e-30,-38.6687846515,0,1.62652712662e-12
bloch_wannier,3,4,1.37795343533,-2.20503342534e-14,4.53176634833,2.79927633435e-15,387.108527141
bloch_wannier,3,5,-7.74737092841,3.38194696722e-16,1.59056992717,-3.09960904208e-14,63.307021826
bloch_wannier,3,6,-0.478336875184,2.15921438114e-15,-0.0109059227071,-3.53373819494e-15,4.11830898973
bloch_wannier,3,7,-2.20164135837,7.80176358453e-15,0.00174221303882,-5.54257390285e-15,6.92015137329
bloch_wannier,3,8,-1.39484499671,-1.21493769542e-14,-0.0177344801761,1.05818929457e-14,8.33112002425
bloch_wannier,3,9,0.334103424241,2.67997614196e-14,-0.124897991268,-7.33432551104e-15,12.0369524131
bloch_wannier,3,10,7.67382684142,4.00418122939e-15,0.271908349644,-7.83288561732e-15,65.5623435229
bloch_wannier,3,11,0.0140395305111,-1.13328128639e-16,0.00510041835745,1.51298532651e-15,0.220817991781
bloch_wannier,3,12,0.0475449666021,2.08300146822e-14,-0.00231267942318,-5.10682351077e-15,0.261334441463
bloch_wannier,3,13,0.0426520672381,-2.41405811494e-14,0.0106905292383,-6.79795285362e-17,0.17269598334
bloch_wannier,3,14,0.0168732906606,-1.13160181454e-14,0.0384490192913,8.08424542505e-15,0.646500994881
bloch_wannier,3,15,-0.330149840873,2.22822795196e-14,-0.0520126862477,3.00554963858e-15,6.2576379893
bloch_wannier,3,16,0.023248430646,-1.53574243847e-16,-0.013828864337,-1.84390595779e-15,1.94461789324
bloch_wannier,3,17,-0.01259785732,-2.88021625664e-14,0.00194938954107,1.76142361174e-15,0.697318702055
bloch_wannier,3,18,0.0426520672381,9.03499480607e-15,-0.0310949877227,-1.96093045491e-15,4.9629455911
bloch_wannier,3,19,0.0672168728705,1.33449599715e-14,-0.0754794520914,-7.75460066627e-15,9.97692418502
bloch_wannier,3,20,0.0151667944126,-1.91889557351e-14,0.0552356525812,1.09609318405e-14,4.93216193974
bloch_wannier,3,21,-0.762375712821,-3.84980499988e-15,-0.0249215697352,-1.26869277363e-14,153.656427691
bloch_wannier,3,22,0.233846473977,5.83080361405e-15,0.015428897484,9.07801979133e-15,49.3535679974
bloch_wannier,3,23,-1.39484499671,-1.16781003676e-15,-0.0624309204705,3.60491196289e-15,277.540807081
bloch_wannier,3,24,-1.79614702311,-7.75163271408e-15,-0.0846537625749,-5.13971547619e-15,333.749074592
bloch_wannier,3,25,0.388527133455,-6.07550346856e-15,-0.00721477349204,-8.67374339961e-15,58.1656839702
bloch_wannier,4,1,0.416860911433,-1.41671609017e-14,0.296967623648,7.39090129503e-16,11.9490657527
bloch_wannier,4,2,2.81150740822,7.2539862742e-15,0.916322949995,1.81611172929e-15,24.2565372558
bloch_wannier,4,3,1.37795343533,2.20503342534e-14,4.53176634833,-2.79927633435e-15,387.108527141
bloch_wannier,4,4,122.781289138,-1.46370675773e-29,-37.9176598239,1.38666955996e-31,1.96058835693e-13
bloch_wannier,4,5,-8.94198508464,-3.90727038344e-15,-2.34979936153,-1.59482891967e-14,331.605489473
bloch_wannier,4,6,-0.627297594359,9.84953665587e-15,-0.00129166619285,-2.24721518646e-15,10.2892708571
bloch_wannier,4,7,-2.82819450809,-2.09834047088e-14,0.0363893506256,6.8180077228e-15,16.6114628756
bloch_wannier,4,8,-1.79614702311,8.00853196634e-15,0.0242360563374,-5.30523757019e-15,20.8369216566
bloch_wannier,4,9,0.444742825219,-1.96092813485e-14,-0.200160107602,6.01250792471e-15,31.1805592599
bloch_wannier,4,10,9.45895776987,-1.09593745593e-14,0.0823647192168,-8.49840132342e-15,161.334767169
bloch_wannier,4,11,0.0218651209742,1.08256442882e-14,0.00324318376016,-5.88250316114e-15,1.71300593635
bloch_wannier,4,12,0.0828655677708,-2.37871992314e-15,-0.00949203960101,-1.29419833228e-15,0.790457833936
bloch_wannier,4,13,0.0672168728705,-1.38161831213e-14,0.00296110416057,9.36034101016e-16,3.4081727395
bloch_wannier,4,14,0.0193681601145,-4.19451308315e-14,0.0466088637108,-4.85386422186e-15,7.5380943148
bloch_wannier,4,15,-0.482234562535,1.49728080354e-14,-0.0109067759677,-8.24149819754e-15,23.6510911804
bloch_wannier,4,16,0.0126399571234,-3.3776679913e-15,-0.00417468484435,3.94986436481e-15,2.15779127068
bloch_wannier,4,17,-0.0152162822084,-9.39148185931e-16,0.00186833699754,-1.34523704212e-15,0.0157585546763
bloch_wannier,4,18,0.0168732906606,1.16864061127e-14,-0.00718184361217,-1.42087799968e-15,4.59799580126
bloch_wannier,4,19,0.0193681601145,8.30172491512e-15,-0.025357543057,4.11930194058e-17,10.7278263773
bloch_wannier,4,20,0.0688138015083,-7.71482438961e-15,0.00832295641532,2.08099045597e-14,11.0156577233
bloch_wannier,4,21,0.175931604828,-4.51969644128e-15,-0.0855048814944,-1.25388816626e-14,36.8837803693
bloch_wannier,4,22,-0.050962185691,1.66754778453e-14,0.0252317707271,-1.353168506e-15,8.9947588283
bloch_wannier,4,23,0.334103424241,-2.60778688833e-14,-0.198746580916,-1.87011996424e-15,72.5009533857
bloch_wannier,4,24,0.444742825219,-6.77259277956e-15,-0.374027238271,-8.92225339405e-15,115.785372711
bloch_wannier,4,25,-0.103551924202,8.42849375348e-15,0.173223563106,-4.1775709233e-15,42.6574328381
bloch_wannier,5,1,-4.25236613366,5.59646926755e-15,0.562836559062,-9.46190288663e-16,19.2039712081
bloch_wannier,5,2,0.716856433395,1.48761373898e-14,0.997125190598,-2.46852624681e-14,225.02130039
bloch_wannier,5,3,-7.74737092841,-3.38194696722e-16,1.59056992717,3.09960904208e-14,63.307021826
bloch_wannier,5,4,-8.94198508464,3.90727038344e-15,-2.34979936153,1.59482891967e-14,331.605489473
bloch_wannier,5,5,160.547859477,-9.12120421662e-29,-47.2460290578,7.39557098645e-30,2.6989191519e-12
bloch_wannier,5,6,0.146379368042,4.64380503809e-15,0.00343135919503,1.24966448823e-14,5.23080864375
bloch_wannier,5,7,0.590965171495,-4.93635623272e-15,-0.023211548185,1.3660376895e-14,8.65649119546
bloch_wannier,5,8,0.388527133455,5.70884732484e-15,-0.0085033034151,-1.12700882645e-14,8.98646851156
bloch_wannier,5,9,-0.103551924202,-7.98037980641e-15,0.148894434308,-2.77402955891e-15,16.2050105095
bloch_wannier,5,10,-1.75269601049,3.06812355455e-14,-0.0906463430693,1.26122804547e-13,69.6201037731
bloch_wannier,5,11,0.0124441801516,-5.15850885156e-15,-0.0228167154468,-2.23763541883e-14,0.133787921314
bloch_wannier,5,12,-0.0469243368267,3.24810977497e-15,0.00870642212959,-4.42737197024e-15,1.33912559821
bloch_wannier,5,13,0.0151667944126,2.03978279193e-14,-0.0493119943033,-9.9334298837e-15,1.48964312661
bloch_wannier,5,14,0.0688138015083,9.01742672467e-15,-0.155235839763,-4.88805573422e-14,2.40674788559
bloch_wannier,5,15,0.130570185549,-2.01837908561e-14,0.101681542899,-1.79119077503e-14,8.52128021498
bloch_wannier,5,16,-0.175068032732,4.16758058341e-15,0.108696039755,3.44296136456e-15,8.37110986619
bloch_wannier,5,17,0.0588947440174,-1.02069925915e-14,-0.0132510930171,7.72026808929e-15,4.1024971982
bloch_wannier,5,18,-0.330149840873,-2.17338548792e-14,0.243190429937,3.75605782478e-15,22.7482779215
bloch_wannier,5,19,-0.482234562535,-1.43186384943e-14,0.571064532421,2.61167157201e-14,43.2241598362
bloch_wannier,5,20,0.130570185549,-2.16690444192e-14,-0.390830355668,-7.82935492889e-14,23.6517537614
bloch_wannier,5,21,4.2686106182,-6.08513647206e-15,0.0865372269736,-2.14049825236e-15,833.802237974
bloch_wannier,5,22,-1.31979201208,-3.37404189778e-15,-0.0968551626407,-7.62262947099e-16,273.736383204
bloch_wannier,5,23,7.67382684142,-2.1053809393e-15,0.230327220943,-1.314643298e-14,1487.91709608
bloch_wannier,5,24,9.45895776987,1.36756011497e-14,0.108677926247,7.26267843814e-17,1716.67156771
bloch_wannier,5,25,-1.75269601049,-6.79306911515e-14,0.415633410754,2.90396914887e-14,258.933106315
bloch_wannier,6,1,-0.2598625772,2.82013366475e-15,-0.00358668578796,-3.55557587053e-15,2.23181654759
bloch_wannier,6,2,0.0793258374402,-5.4448346909e-16,0.00116793312894,1.9299848769e-15,0.302126552714
bloch_wannier,6,3,-0.478336875184,-2.15921438114e-15,-0.0109059227071,3.53373819494e-15,4.11830898973
bloch_wannier,6,4,-0.627297594359,-9.84953665587e-15,-0.00129166619285,2.24721518646e-15,10.2892708571
bloch_wannier,6,5,0.146379368042,-4.64380503809e-15,0.00343135919503,-1.24966448823e-14,5.23080864375
bloch_wannier,6,6,13.8404528553,-2.68089448259e-29,-8.53198803085,7.70371977755e-33,3.40334519483e-13
bloch_wannier,6,7,1.10232187544,-1.33892558828e-15,-2.66243472561,1.48018804395e-15,60.2684585385
bloch_wannier,6,8,1.20342462685,-2.17894147661e-15,3.08563647526,1.19446296621e-15,204.344793854
bloch_wannier,6,9,0.416860911433,1.42559788284e-14,0.288157602348,9.48208206436e-16,9.76995440261
bloch_wannier,6,10,-4.25236613366,-5.26908405727e-15,0.721840437136,1.13269440918e-15,29.2720301659
bloch_wannier,6,11,-0.2598625772,-2.78734798754e-15,-0.00265968881817,-1.19476115793e-15,2.29288086019
bloch_wannier,6,12,-1.1993244501,1.94555282949e-15,0.00466517273804,1.11549120278e-15,3.97850418988
bloch_wannier,6,13,-0.762375712821,4.03676453406e-15,-0.00220729083983,-9.52092784425e-17,5.15687838327
bloch_wannier,6,14,0.175931604828,4.34737167631e-15,-0.049269103443,2.34111135907e-15,6.3120104222
bloch_wannier,6,15,4.2686106182,7.64225017356e-15,0.0795227903983,-2.6600390087e-15,40.376023426
bloch_wannier,6,16,0.00791255234496,5.81531727498e-16,0.000722827730913,-2.35761836832e-15,0.288160988212
bloch_wannier,6,17,0.022762865686,1.68381007859e-15,-0.00127334675931,6.35717960261e-16,0.175702951876
bloch_wannier,6,18,0.023248430646,4.6104799577e-16,0.000989630181017,-1.8069251565e-15,0.572229124747
bloch_wannier,6,19,0.0126399571234,3.9205650866e-15,0.00891850814024,-5.01733438403e-15,1.20702703543
bloch_wannier,6,20,-0.175068032732,-3.36836558237e-15,-0.0101685361033,1.79144411262e-15,4.77696958078
bloch_wannier,6,21,0.00791255234496,-4.32666195034e-15,0.00658641073713,-8.85659565455e-15,2.56594793764
bloch_wannier,6,22,-0.00508612846314,-1.84475830122e-15,-0.00168449154078,-8.617052369e-16,0.974893071106
bloch_wannier,6,23,0.0140395305111,2.17402728842e-16,0.0152835245524,1.6920991387e-15,4.4597658634
bloch_wannier,6,24,0.0218651209742,-1.10331016052e-14,0.0266427319657,9.95866529134e-16,4.36961637796
bloch_wannier,6,25,0.0124441801516,5.87732778501e-15,-0.0121217367209,-2.42001680146e-15,0.885302340544
bloch_wannier,7,1,-1.1993244501,-1.95851419681e-15,0.00354289895865,1.52919909563e-15,3.95479196596
bloch_wannier,7,2,0.366246935354,1.71772046769e-14,0.00190298327268,-1.45216599245e-14,0.0309465389069
bloch_wannier,7,3,-2.20164135837,-7.80176358453e-15,0.00174221303882,5.54257390285e-15,6.92015137329
bloch_wannier,7,4,-2.82819450809,2.09834047088e-14,0.0363893506256,-6.8180077228e-15,16.6114628756
bloch_wannier,7,5,0.590965171495,4.93635623272e-15,-0.023211548185,-1.3660376895e-14,8.65649119546
bloch_wannier,7,6,1.10232187544,1.33892558828e-15,-2.66243472561,-1.48018804395e-15,60.2684585385
bloch_wannier,7,7,40.3855234847,1.1741431906e-28,-21.1957721159,4.0829714821e-31,3.57340608436e-13
bloch_wannier,7,8,1.93284777511,6.347734108e-15,-3.09060772344,-6.13210944984e-15,162.113155233
bloch_wannier,7,9,2.81150740822,-6.99433061696e-15,0.895832819926,-1.70865535927e-15,15.5344872783
bloch_wannier,7,10,0.716856433395,-1.48318825103e-14,1.43449774678,1.0300861853e-14,308.302633314
bloch_wannier,7,11,0.0793258374402,6.980220786e-16,0.00352677851536,5.36895393197e-16,0.116432297192
bloch_wannier,7,12,0.366246935354,-1.72298268674e-14,0.0048487219499,3.76577931968e-15,0.330461469074
bloch_wannier,7,13,0.233846473977,-5.92818691529e-15,0.00881633116604,2.12769887397e-15,0.49762727137
bloch_wannier,7,14,-0.050962185691,-1.61189680141e-14,0.0155372205847,-1.50659685453e-15,0.103697211596
bloch_wannier,7,15,-1.31979201208,3.07471824139e-15,-0.0778045186787,-3.87096356418e-15,3.01103436501
bloch_wannier,7,16,-0.00508612846314,1.72330576535e-15,-0.000544644641595,5.45669888824e-16,0.00147680051816
bloch_wannier,7,17,-0.00513514199374,9.84802601707e-15,-0.000525039614258,-8.95892780134e-16,0.187195894504
bloch_wannier,7,18,-0.01259785732,2.87763046354e-14,-0.00151508102043,1.19162433452e-14,0.0136829291334
bloch_wannier,7,19,-0.0152162822084,1.0356069146e-15,-0.00199494718761,1.35677095856e-15,0.215643847184
bloch_wannier,7,20,0.0588947440174,9.83913767004e-15,0.0136017524109,-3.03039910642e-15,1.22263895303
bloch_wannier,7,21,0.022762865686,-1.84716454795e-15,0.00918570361198,1.89844010443e-15,4.44903290257
bloch_wannier,7,22,-0.00513514199374,-2.10349464938e-14,-0.00259237611713,-9.85323337783e-15,1.59590002997
bloch_wannier,7,23,0.0475449666021,-2.10232171778e-14,0.0219464972245,-1.03014087411e-14,8.07671572166
bloch_wannier,7,24,0.0828655677708,2.13421786203e-15,0.0425252408182,4.96033720083e-15,9.36121703862
bloch_wannier,7,25,-0.0469243368267,-4.25919820292e-15,-0.023405863394,-4.81565447661e-15,0.960044612826
bloch_wannier,8,1,-0.762375712821,-3.96998484294e-15,-0.00470857308578,4.51698591721e-15,5.00042067023
bloch_wannier,8,2,0.233846473977,6.21754409164e-15,0.00243614138932,-7.2091943455e-15,0.594588157137
bloch_wannier,8,3,-1.39484499671,1.21493769542e-14,-0.0177344801761,-1.05818929457e-14,8.33112002425
bloch_wannier,8,4,-1.79614702311,-8.00853196634e-15,0.0242360563374,5.30523757019e-15,20.8369216566
bloch_wannier,8,5,0.388527133455,-5.70884732484e-15,-0.0085033034151,1.12700882645e-14,8.98646851156
bloch_wannier,8,6,1.20342462685,2.17894147661e-15,3.08563647526,-1.19446296621e-15,204.344793854
bloch_wannier,8,7,1.93284777511,-6.347734108e-15,-3.09060772344,6.13210944984e-15,162.113155233
bloch_wannier,8,8,57.3229709776,-9.62964972194e-30,-9.12114152097,-2.46519032882e-31,1.0311752582e-12
bloch_wannier,8,9,1.37795343533,-2.18481079563e-14,4.50634737184,4.23042805184e-16,380.638753782
bloch_wannier,8,10,-7.74737092841,1.23201460148e-15,2.0543933119,4.35820108426e-15,91.7703586716
bloch_wannier,8,11,-0.478336875184,2.25666172258e-15,-0.0082224820673,1.92555115789e-15,4.29518686498
bloch_wannier,8,12,-2.20164135837,7.76449999009e-15,0.00498431629798,1.50082933868e-15,6.9832153443
bloch_wannier,8,13,-1.39484499671,-1.19514971291e-14,-0.0104952988937,2.47457477017e-15,8.78333009173
bloch_wannier,8,14,0.334103424241,2.70573598304e-14,-0.115702805333,-6.22115798228e-16,12.8853250264
bloch_wannier,8,15,7.67382684142,3.90700570169e-15,0.218311354051,2.25221138472e-15,68.6455356472
bloch_wannier,8,16,0.0140395305111,-4.11011704687e-17,0.0020823401917,-2.2941226195e-15,0.513909922355
bloch_wannier,8,17,0.0475449666021,2.07954393336e-14,-0.00246489982993,7.66108503274e-15,0.229285874029
bloch_wannier,8,18,0.0426520672381,-2.3959516987e-14,0.00327572850214,-1.13926577161e-14,0.880124799735
bloch_wannier,8,19,0.0168732906606,-1.10932740548e-14,0.02232460145,6.36776953993e-16,2.26947210817
bloch_wannier,8,20,-0.330149840873,2.23029000495e-14,-0.0304701986432,-6.67945682416e-15,7.8756609825
bloch_wannier,8,21,0.023248430646,-1.33375567547e-16,0.0174613786997,1.28022954486e-15,7.29737317311
bloch_wannier,8,22,-0.01259785732,-2.88126803947e-14,-0.00474385999283,-1.47851628513e-14,2.66672549876
bloch_wannier,8,23,0.0426520672381,9.19781187388e-15,0.0405362440422,4.01399387874e-15,12.8794820841
bloch_wannier,8,24,0.0672168728705,1.38135882681e-14,0.0708749052955,7.66489848958e-15,13.3926472936
bloch_wannier,8,25,0.0151667944126,-1.94150598344e-14,-0.0298028390951,-1.85646697576e-15,0.506615536373
bloch_wannier,9,1,0.175931604828,-4.25908216464e-15,-0.0524432694607,2.435876033e-16,6.02230333441
bloch_wannier,9,2,-0.050962185691,1.64840904143e-14,0.00763134157753,-3.54296001596e-15,1.84975839491
bloch_wannier,9,3,0.334103424241,-2.67997614196e-14,-0.124897991268,7.33432551104e-15,12.0369524131
bloch_wannier,9,4,0.444742825219,1.96092813485e-14,-0.200160107602,-6.01250792471e-15,31.1805592599
bloch_wannier,9,5,-0.103551924202,7.98037980641e-15,0.148894434308,2.77402955891e-15,16.2050105095
bloch_wannier,9,6,0.416860911433,-1.42559788284e-14,0.288157602348,-9.48208206436e-16,9.76995440261
bloch_wannier,9,7,2.81150740822,6.99433061696e-15,0.895832819926,1.70865535927e-15,15.5344872782
bloch_wannier,9,8,1.37795343533,2.18481079563e-14,4.50634737184,-4.23042805184e-16,380.638753782
bloch_wannier,9,9,122.781289138,-9.55261252416e-30,-8.3229828518,-3.08148791102e-32,6.58691050608e-13
bloch_wannier,9,10,-8.94198508464,-2.92848215386e-15,-2.14877160101,3.67755850498e-15,372.602913664
bloch_wannier,9,11,-0.627297594359,9.82921741427e-15,0.00010052375089,1.84614282839e-15,10.1221660996
bloch_wannier,9,12,-2.82819450809,-2.09788057909e-14,0.0379101678448,1.72224617264e-15,16.4172518279
bloch_wannier,9,13,-1.79614702311,7.99170190687e-15,0.0279620740612,-3.02644584549e-16,20.39026203
bloch_wannier,9,14,0.444742825219,-1.9615104781e-14,-0.195105838639,1.54454316671e-15,30.6148663542
bloch_wannier,9,15,9.45895776987,-1.10470052371e-14,0.0558081877643,-5.02229196947e-15,158.230189181
bloch_wannier,9,16,0.0218651209742,1.07886501459e-14,0.00119008290343,-5.53177633516e-15,1.48755587322
bloch_wannier,9,17,0.0828655677708,-2.37794408138e-15,-0.00946758616081,-1.82277691692e-15,0.799079344797
bloch_wannier,9,18,0.0672168728705,-1.38548898032e-14,-0.00204270234987,-3.84490599654e-15,2.86907632948
bloch_wannier,9,19,0.0193681601145,-4.2014294706e-14,0.0355986841071,-1.72002414644e-14,6.41174363243
bloch_wannier,9,20,-0.482234562535,1.50798662707e-14,0.00194408134169,-1.28521828775e-14,22.4273972208
bloch_wannier,9,21,0.0126399571234,-3.34908685986e-15,0.0241896167173,3.33154675138e-15,6.36365869132
bloch_wannier,9,22,-0.0152162822084,-9.4250615887e-16,-0.00484243347572,-7.7917346184e-16,2.60288320817
bloch_wannier,9,23,0.0168732906606,1.19831671e-14,0.0556831985061,3.56477289667e-15,10.5402164323
bloch_wannier,9,24,0.0193681601145,9.1394003045e-15,0.0941285990548,8.8572175528e-15,8.0141461537
bloch_wannier,9,25,0.0688138015083,-8.14128479303e-15,-0.0520647921353,1.18628905425e-14,6.42519227307
bloch_wannier,10,1,4.2686106182,-7.66959964872e-15,0.0980469900351,9.77995075594e-15,39.3019210939
bloch_wannier,10,2,-1.31979201208,-3.15016454691e-15,-0.0300075275171,1.68713365129e-14,4.54666229397
bloch_wannier,10,3,7.67382684142,-4.00418122939e-15,0.271908349644,7.83288561732e-15,65.5623435229
bloch_wannier,10,4,9.45895776987,1.09593745593e-14,0.0823647192168,8.49840132342e-15,161.334767169
bloch_wannier,10,5,-1.75269601049,-3.06812355455e-14,-0.0906463430693,-1.26122804547e-13,69.6201037731
bloch_wannier,10,6,-4.25236613366,5.26908405727e-15,0.721840437136,-1.13269440918e-15,29.2720301659
bloch_wannier,10,7,0.716856433395,1.48318825103e-14,1.43449774678,-1.0300861853e-14,308.302633314
bloch_wannier,10,8,-7.74737092841,-1.23201460148e-15,2.0543933119,-4.35820108426e-15,91.7703586716
bloch_wannier,10,9,-8.94198508464,2.92848215386e-15,-2.14877160101,-3.67755850498e-15,372.602913664
bloch_wannier,10,10,160.547859477,-4.31408307543e-30,-21.1301778551,9.86076131526e-31,1.80621878e-12
bloch_wannier,10,11,0.146379368042,4.17623296351e-15,-0.0170646437285,2.03721787226e-15,5.64627798926
bloch_wannier,10,12,0.590965171495,-4.66522116385e-15,-0.047268280378,-2.42414344728e-15,8.18456009403
bloch_wannier,10,13,0.388527133455,4.73524076772e-15,-0.063663783455,6.22233153283e-15,9.9549311399
bloch_wannier,10,14,-0.103551924202,-9.18771648838e-15,0.0775223867633,1.15882899165e-15,19.2668501433
bloch_wannier,10,15,-1.75269601049,3.05152267176e-14,0.314304531515,1.05156619719e-14,75.5015294071
bloch_wannier,10,16,0.0124441801516,-5.57565713399e-15,0.0015297165224,3.28287432776e-15,0.968090177619
bloch_wannier,10,17,-0.0469243368267,3.45870475116e-15,0.00951069559644,-1.45309324987e-16,1.12111523621
bloch_wannier,10,18,0.0151667944126,1.92141593272e-14,0.010347932397,-1.61591036712e-14,1.16533813194
bloch_wannier,10,19,0.0688138015083,7.52232108433e-15,-0.0251686097573,-2.53445023806e-14,4.04039969847
bloch_wannier,10,20,0.130570185549,-2.02430605015e-14,-0.0663300106525,7.95443398247e-14,13.9786273311
bloch_wannier,10,21,-0.175068032732,4.4403665813e-15,-0.14080375567,-1.29231322534e-14,56.100282861
bloch_wannier,10,22,0.0588947440174,-1.01588960354e-14,0.0401940006175,-6.38208619572e-15,20.4130926111
bloch_wannier,10,23,-0.330149840873,-2.16316808774e-14,-0.328242209068,4.6514779361e-15,99.6118173226
bloch_wannier,10,24,-0.482234562535,-1.41696127178e-14,-0.595657425427,5.52227272327e-16,105.126930553
bloch_wannier,10,25,0.130570185549,-2.19653343179e-14,0.28324980493,-3.55673374244e-14,5.07584529526
bloch_wannier,11,1,0.00791255234496,-5.57143461904e-16,0.00176829345498,1.14672016985e-15,0.190311289296
bloch_wannier,11,2,-0.00508612846314,-1.59014714008e-15,0.00181597983256,-2.32150741626e-15,0.620023332882
bloch_wannier,11,3,0.0140395305111,1.13328128639e-16,0.00510041835745,-1.51298532651e-15,0.220817991781
bloch_wannier,11,4,0.0218651209742,-1.08256442882e-14,0.00324318376016,5.88250316114e-15,1.71300593635
bloch_wannier,11,5,0.0124441801516,5.15850885156e-15,-0.0228167154468,2.23763541883e-14,0.133787921314
bloch_wannier,11,6,-0.2598625772,2.78734798754e-15,-0.00265968881817,1.19476115793e-15,2.29288086019
bloch_wannier,11,7,0.0793258374402,-6.980220786e-16,0.00352677851536,-5.36895393197e-16,0.116432297192
bloch_wannier,11,8,-0.478336875184,-2.25666172258e-15,-0.0082224820673,-1.92555115789e-15,4.29518686498
bloch_wannier,11,9,-0.627297594359,-9.82921741427e-15,0.00010052375089,-1.84614282839e-15,10.1221660996
bloch_wannier,11,10,0.146379368042,-4.17623296351e-15,-0.0170646437285,-2.03721787226e-15,5.64627798926
bloch_wannier,11,11,13.8404528553,-3.61304457567e-29,21.0778616312,4.85334345986e-31,5.06648468009e-13
bloch_wannier,11,12,1.10232187544,-1.33446150671e-15,-2.66258352838,5.12166236379e-16,60.2657395135
bloch_wannier,11,13,1.20342462685,-2.17840019575e-15,3.08523789928,-3.78192249774e-16,204.345089846
bloch_wannier,11,14,0.416860911433,1.42518192939e-14,0.287590609326,2.30849232848e-15,9.76452509753
bloch_wannier,11,15,-4.25236613366,-5.30562030192e-15,0.724500729438,-6.60106729483e-16,29.2757900122
bloch_wannier,11,16,-0.2598625772,-2.7903029123e-15,-0.0023706306291,-6.49186724322e-15,2.29167351629
bloch_wannier,11,17,-1.1993244501,1.94680345879e-15,0.00464557142338,3.18175606567e-15,3.97896022432
bloch_wannier,11,18,-0.762375712821,4.02705557083e-15,-0.00151073951982,4.53331897079e-15,5.15508347261
bloch_wannier,11,19,0.175931604828,4.33007465818e-15,-0.0477439938728,4.44834719665e-15,6.31571095587
bloch_wannier,11,20,4.2686106182,7.65022499182e-15,0.0779854737642,9.62580888692e-16,40.3886533734
bloch_wannier,11,21,0.00791255234496,5.54190288936e-16,-0.00479121411415,-2.56994042577e-17,1.04696493824
bloch_wannier,11,22,0.022762865686,1.69777129956e-15,0.000168308041264,1.1106798882e-15,0.617555097396
bloch_wannier,11,23,0.023248430646,4.4922119189e-16,-0.0106794149299,3.67314052357e-15,1.53556595012
bloch_wannier,11,24,0.0126399571234,4.00640163171e-15,-0.0110695728895,5.7711919596e-15,0.601696566805
bloch_wannier,11,25,-0.175068032732,-3.44062851051e-15,-0.00192058837665,-2.73495500436e-15,4.89600228452
bloch_wannier,12,1,0.022762865686,-1.69551193343e-15,-0.00122011794749,4.26153425213e-16,0.1858466435
bloch_wannier,12,2,-0.00513514199374,-9.89667966944e-15,-0.000333828797823,6.42193141469e-15,0.234557712512
bloch_wannier,12,3,0.0475449666021,-2.08300146822e-14,-0.00231267942318,5.10682351077e-15,0.261334441463
bloch_wannier,12,4,0.0828655677708,2.37871992314e-15,-0.00949203960101,1.29419833228e-15,0.790457833936
bloch_wannier,12,5,-0.0469243368267,-3.24810977497e-15,0.00870642212959,4.42737197024e-15,1.33912559821
bloch_wannier,12,6,-1.1993244501,-1.94555282949e-15,0.00466517273804,-1.11549120278e-15,3.97850418988
bloch_wannier,12,7,0.366246935354,1.72298268674e-14,0.0048487219499,-3.76577931968e-15,0.330461469074
bloch_wannier,12,8,-2.20164135837,-7.76449999009e-15,0.00498431629798,-1.50082933868e-15,6.9832153443
bloch_wannier,12,9,-2.82819450809,2.09788057909e-14,0.0379101678448,-1.72224617264e-15,16.4172518279
bloch_wannier,12,10,0.590965171495,4.66522116385e-15,-0.047268280378,2.42414344728e-15,8.18456009403
bloch_wannier,12,11,1.10232187544,1.33446150671e-15,-2.66258352838,-5.12166236379e-16,60.2657395135
bloch_wannier,12,12,40.3855234847,7.79520144991e-29,8.41402620984,9.29261198167e-32,1.41464069387e-13
bloch_wannier,12,13,1.93284777511,6.33617031105e-15,-3.09101384951,-1.283276191e-15,162.120047551
bloch_wannier,12,14,2.81150740822,-7.01331637054e-15,0.89535333736,-4.0332333268e-15,15.5195849449
bloch_wannier,12,15,0.716856433395,-1.47979197954e-14,1.43764787193,1.24820649028e-16,308.359672191
bloch_wannier,12,16,0.0793258374402,6.99659652592e-16,0.00365164625317,2.18712151845e-15,0.116904803867
bloch_wannier,12,17,0.366246935354,-1.7229018581e-14,0.00487139335504,-8.27815365555e-15,0.330686486094
bloch_wannier,12,18,0.233846473977,-5.92731042223e-15,0.0091308420156,-1.45870240653e-15,0.499120900502
bloch_wannier,12,19,-0.050962185691,-1.61143351265e-14,0.0162230137515,-5.21335684197e-15,0.0977674471676
bloch_wannier,12,20,-1.31979201208,3.06180358937e-15,-0.0789442991267,-2.45858496383e-15,3.02623808954
bloch_wannier,12,21,-0.00508612846314,1.58289366821e-15,-0.00169571730419,-2.73823752983e-15,0.45515867423
bloch_wannier,12,22,-0.00513514199374,9.88964038257e-15,-0.00032579838566,5.94829745459e-15,0.331069617453
bloch_wannier,12,23,-0.01259785732,2.85021210049e-14,-0.00434321473546,2.17281980698e-14,0.802757444941
bloch_wannier,12,24,-0.0152162822084,6.42705733854e-16,-0.00853526262413,-9.40218944992e-15,1.16790376169
bloch_wannier,12,25,0.0588947440174,9.95344315671e-15,0.0180013412181,5.58941729934e-15,1.14234664141
bloch_wannier,13,1,0.023248430646,-3.9917680235e-16,0.00355872869552,2.34851589236e-15,0.335759018213
bloch_wannier,13,2,-0.01259785732,-2.84944319701e-14,0.0043042401025,6.10191268942e-15,1.47645093994
bloch_wannier,13,3,0.0426520672381,2.41405811494e-14,0.0106905292383,6.79795285362e-17,0.17269598334
bloch_wannier,13,4,0.0672168728705,1.38161831213e-14,0.00296110416057,-9.36034101016e-16,3.4081727395
bloch_wannier,13,5,0.0151667944126,-2.03978279193e-14,-0.0493119943033,9.9334298837e-15,1.48964312661
bloch_wannier,13,6,-0.762375712821,-4.03676453406e-15,-0.00220729083983,9.52092784425e-17,5.15687838327
bloch_wannier,13,7,0.233846473977,5.92818691529e-15,0.00881633116604,-2.12769887397e-15,0.49762727137
bloch_wannier,13,8,-1.39484499671,1.19514971291e-14,-0.0104952988937,-2.47457477017e-15,8.78333009173
bloch_wannier,13,9,-1.79614702311,-7.99170190687e-15,0.0279620740612,3.02644584549e-16,20.39026203
bloch_wannier,13,10,0.388527133455,-4.73524076772e-15,-0.063663783455,-6.22233153283e-15,9.9549311399
bloch_wannier,13,11,1.20342462685,2.17840019575e-15,3.08523789928,3.78192249774e-16,204.345089846
bloch_wannier,13,12,1.93284777511,-6.33617031105e-15,-3.09101384951,1.283276191e-15,162.120047551
bloch_wannier,13,13,57.3229709776,-1.54074395551e-30,20.4877992803,-2.46519032882e-31,1.01549978799e-12
bloch_wannier,13,14,1.37795343533,-2.18611321219e-14,4.50486158138,-2.67889758142e-15,380.623422723
bloch_wannier,13,15,-7.74737092841,1.13685475923e-15,2.06155822247,5.75760145047e-15,91.7867289754
bloch_wannier,13,16,-0.478336875184,2.25114873789e-15,-0.00749120376576,6.29762403868e-15,4.29183484381
bloch_wannier,13,17,-2.20164135837,7.76720950845e-15,0.00494146572991,6.61263441329e-15,6.98441298151
bloch_wannier,13,18,-1.39484499671,-1.19719582925e-14,-0.00873016430786,-3.83170104805e-15,8.77804236061
bloch_wannier,13,19,0.334103424241,2.7022719985e-14,-0.111838515092,7.84577060175e-15,12.8928818537
bloch_wannier,13,20,7.67382684142,3.9238133207e-15,0.214318765862,1.82988986651e-15,68.6768579593
bloch_wannier,13,21,0.0140395305111,-1.25980416911e-16,-0.011573312017,-4.85891768502e-15,2.83641863068
bloch_wannier,13,22,0.0475449666021,2.08318892768e-14,0.00108208239401,2.09560796739e-14,1.3360490996
bloch_wannier,13,23,0.0426520672381,-2.40740789898e-14,-0.0257134486141,-2.80014758883e-14,4.43631267077
bloch_wannier,13,24,0.0168732906606,-1.10974830573e-14,-0.0277198205748,-1.42891242423e-14,2.36464514992
bloch_wannier,13,25,-0.330149840873,2.22016367931e-14,-0.00943353527094,2.80215069286e-15,8.13357157576
bloch_wannier,14,1,0.0126399571234,-3.84329027382e-15,0.0145075329153,5.73783300303e-15,0.664118899499
bloch_wannier,14,2,-0.0152162822084,-6.71950031417e-16,0.010564766291,-3.26395188578e-15,3.52640351704
bloch_wannier,14,3,0.0168732906606,1.13160181454e-14,0.0384490192913,-8.08424542505e-15,0.646500994881
bloch_wannier,14,4,0.0193681601145,4.19451308315e-14,0.0466088637108,4.85386422186e-15,7.5380943148
bloch_wannier,14,5,0.0688138015083,-9.01742672467e-15,-0.155235839763,4.88805573422e-14,2.40674788559
bloch_wannier,14,6,0.175931604828,-4.34737167631e-15,-0.049269103443,-2.34111135907e-15,6.3120104222
bloch_wannier,14,7,-0.050962185691,1.61189680141e-14,0.0155372205847,1.50659685453e-15,0.103697211596
bloch_wannier,14,8,0.334103424241,-2.70573598304e-14,-0.115702805333,6.22115798228e-16,12.8853250264
bloch_wannier,14,9,0.444742825219,1.9615104781e-14,-0.195105838639,-1.54454316671e-15,30.6148663542
bloch_wannier,14,10,-0.103551924202,9.18771648838e-15,0.0775223867633,-1.15882899165e-15,19.2668501433
bloch_wannier,14,11,0.416860911433,-1.42518192939e-14,0.287590609326,-2.30849232848e-15,9.76452509753
bloch_wannier,14,12,2.81150740822,7.01331637054e-15,0.89535333736,4.0332333268e-15,15.5195849449
bloch_wannier,14,13,1.37795343533,2.18611321219e-14,4.50486158138,2.67889758142e-15,380.623422723
bloch_wannier,14,14,122.781289138,-1.78726298839e-29,21.2847555888,-1.10933564797e-30,4.90930650891e-13
bloch_wannier,14,15,-8.94198508464,-3.11843693735e-15,-2.13951367983,1.39647139517e-15,372.687601523
bloch_wannier,14,16,-0.627297594359,9.81367234382e-15,0.00143334254613,5.01363627915e-15,10.1109862928
bloch_wannier,14,17,-2.82819450809,-2.09734527974e-14,0.0377731695925,-4.5445080075e-15,16.4199172727
bloch_wannier,14,18,-1.79614702311,7.94509482757e-15,0.0311535684808,5.04525166626e-15,20.3687707591
bloch_wannier,14,19,0.444742825219,-1.97015857358e-14,-0.18811265431,-3.8514751406e-15,30.6037360397
bloch_wannier,14,20,9.45895776987,-1.09977025073e-14,0.0494304458763,-5.8513782091e-15,158.256428751
bloch_wannier,14,21,0.0218651209742,1.08691579386e-14,-0.0260503576244,4.63695806413e-15,4.9376568511
bloch_wannier,14,22,0.0828655677708,-2.3783478538e-15,-0.00219675990074,-4.58864807196e-15,2.92933982706
bloch_wannier,14,23,0.0672168728705,-1.35844683414e-14,-0.0591242032914,6.62432422489e-15,7.17374845025
bloch_wannier,14,24,0.0193681601145,-4.12947416699e-14,-0.0597067975117,-3.02261235587e-15,1.98318072749
bloch_wannier,14,25,-0.482234562535,1.46741527248e-14,0.0387639189562,-1.72014153569e-14,23.0577693099
bloch_wannier,15,1,-0.175068032732,3.37281889089e-15,-0.0176379086472,-6.82194656261e-15,4.22713394395
bloch_wannier,15,2,0.0588947440174,-9.89623428592e-15,-0.00423135313948,-1.95036692777e-15,2.24119348789
bloch_wannier,15,3,-0.330149840873,-2.22822795196e-14,-0.0520126862477,-3.00554963858e-15,6.2576379893
bloch_wannier,15,4,-0.482234562535,-1.49728080354e-14,-0.0109067759677,8.24149819754e-15,23.6510911804
bloch_wannier,15,5,0.130570185549,2.01837908561e-14,0.101681542899,1.79119077503e-14,8.52128021498
bloch_wannier,15,6,4.2686106182,-7.64225017356e-15,0.0795227903983,2.6600390087e-15,40.376023426
bloch_wannier,15,7,-1.31979201208,-3.07471824139e-15,-0.0778045186787,3.87096356418e-15,3.01103436501
bloch_wannier,15,8,7.67382684142,-3.90700570169e-15,0.218311354051,-2.25221138472e-15,68.6455356472
bloch_wannier,15,9,9.45895776987,1.10470052371e-14,0.0558081877643,5.02229196947e-15,158.230189181
bloch_wannier,15,10,-1.75269601049,-3.05152267176e-14,0.314304531515,-1.05156619719e-14,75.5015294071
bloch_wannier,15,11,-4.25236613366,5.30562030192e-15,0.724500729438,6.60106729483e-16,29.2757900122
bloch_wannier,15,12,0.716856433395,1.47979197954e-14,1.43764787193,-1.24820649028e-16,308.359672191
bloch_wannier,15,13,-7.74737092841,-1.13685475923e-15,2.06155822247,-5.75760145047e-15,91.7867289754
bloch_wannier,15,14,-8.94198508464,3.11843693735e-15,-2.13951367983,-1.39647139517e-15,372.687601523
bloch_wannier,15,15,160.547859477,-1.12166159961e-28,8.42758837811,4.93038065763e-31,7.09608119152e-13
bloch_wannier,15,16,0.146379368042,4.17625415921e-15,-0.0205358363201,-1.9949166517e-16,5.60784685173
bloch_wannier,15,17,0.590965171495,-4.67896607981e-15,-0.0473422025923,-5.00883302329e-15,8.18933794524
bloch_wannier,15,18,0.388527133455,4.79026454038e-15,-0.0721640991662,4.06443077112e-15,9.87278397186
bloch_wannier,15,19,-0.103551924202,-9.12287556426e-15,0.058926222218,-1.21829315786e-14,19.1705777851
bloch_wannier,15,20,-1.75269601049,3.05677871058e-14,0.337555302395,1.14875601168e-14,75.5175638746
bloch_wannier,15,21,0.0124441801516,-5.00897669313e-15,0.0517187429414,2.78443982436e-14,12.8899227048
bloch_wannier,15,22,-0.0469243368267,3.26486388076e-15,-0.00243707065337,-3.11879597726e-15,5.60511003347
bloch_wannier,15,23,0.0151667944126,2.02736590531e-14,0.121113493734,3.53562155956e-14,22.0174557694
bloch_wannier,15,24,0.0688138015083,8.78800528784e-15,0.184037374837,7.03541705683e-14,19.3709566692
bloch_wannier,15,25,0.130570185549,-2.04659905434e-14,-0.17194684918,2.6001591374e-14,13.1080943648
bloch_wannier,16,1,0.00791255234496,4.31796095803e-15,-0.00453304617224,2.175313885e-15,0.559524673748
bloch_wannier,16,2,0.022762865686,1.81082065904e-15,-0.0109509028762,-1.16957606871e-15,4.17226616892
bloch_wannier,16,3,0.023248430646,1.53574243847e-16,-0.013828864337,1.84390595779e-15,1.94461789324
bloch_wannier,16,4,0.0126399571234,3.3776679913e-15,-0.00417468484435,-3.94986436481e-15,2.15779127068
bloch_wannier,16,5,-0.175068032732,-4.16758058341e-15,0.108696039755,-3.44296136456e-15,8.37110986619
bloch_wannier,16,6,0.00791255234496,-5.81531727498e-16,0.000722827730913,2.35761836832e-15,0.288160988212
bloch_wannier,16,7,-0.00508612846314,-1.72330576535e-15,-0.000544644641595,-5.45669888824e-16,0.00147680051815
bloch_wannier,16,8,0.0140395305111,4.11011704688e-17,0.0020823401917,2.2941226195e-15,0.513909922355
bloch_wannier,16,9,0.0218651209742,-1.07886501459e-14,0.00119008290343,5.53177633516e-15,1.48755587322
bloch_wannier,16,10,0.0124441801516,5.57565713399e-15,0.0015297165224,-3.28287432776e-15,0.968090177619
bloch_wannier,16,11,-0.2598625772,2.7903029123e-15,-0.0023706306291,6.49186724322e-15,2.29167351629
bloch_wannier,16,12,0.0793258374402,-6.99659652592e-16,0.00365164625317,-2.18712151845e-15,0.116904803867
bloch_wannier,16,13,-0.478336875184,-2.25114873789e-15,-0.00749120376576,-6.29762403868e-15,4.29183484381
bloch_wannier,16,14,-0.627297594359,-9.81367234382e-15,0.00143334254613,-5.01363627915e-15,10.1109862928
bloch_wannier,16,15,0.146379368042,-4.17625415921e-15,-0.0205358363201,1.9949166517e-16,5.60784685173
bloch_wannier,16,16,13.8404528553,-2.15704153771e-29,50.6867709524,-5.00741785541e-31,5.25270553376e-13
bloch_wannier,16,17,1.10232187544,-1.33905622234e-15,-2.66241151695,-3.82151663581e-16,60.2686939358
bloch_wannier,16,18,1.20342462685,-2.17621927616e-15,3.08265191403,-1.50448799652e-15,204.339436729
bloch_wannier,16,19,0.416860911433,1.42498657522e-14,0.281919737829,4.29211491007e-15,9.71984924445
bloch_wannier,16,20,-4.25236613366,-5.26606534717e-15,0.728778174096,-1.94112782808e-15,29.3623664932
bloch_wannier,16,21,-0.2598625772,-2.82559697083e-15,0.0245778743197,-1.41706410714e-14,3.85243720124
bloch_wannier,16,22,-1.1993244501,1.957861066e-15,-0.00280855419761,5.84602201585e-15,6.04369090715
bloch_wannier,16,23,-0.762375712821,4.04928957315e-15,0.0539413753777,4.38193902372e-15,4.12554121055
bloch_wannier,16,24,0.175931604828,4.55619972825e-15,0.0405317239925,-3.71788230377e-15,0.537641455155
bloch_wannier,16,25,4.2686106182,7.52610962258e-15,0.0482016844108,8.93349596317e-15,41.5736538661
bloch_wannier,17,1,-0.00508612846314,1.84774480584e-15,0.000713117103862,2.75640502233e-16,0.246016142265
bloch_wannier,17,2,-0.00513514199374,2.10408216313e-14,0.00135400471721,-3.28972642534e-15,1.01042128304
bloch_wannier,17,3,-0.01259785732,2.88021625664e-14,0.00194938954107,-1.76142361174e-15,0.697318702055
bloch_wannier,17,4,-0.0152162822084,9.39148185931e-16,0.00186833699754,1.34523704212e-15,0.0157585546764
bloch_wannier,17,5,0.0588947440174,1.02069925915e-14,-0.0132510930171,-7.72026808929e-15,4.1024971982
bloch_wannier,17,6,0.022762865686,-1.68381007859e-15,-0.00127334675931,-6.35717960261e-16,0.175702951876
bloch_wannier,17,7,-0.00513514199374,-9.84802601707e-15,-0.000525039614258,8.95892780134e-16,0.187195894504
bloch_wannier,17,8,0.0475449666021,-2.07954393336e-14,-0.00246489982993,-7.66108503274e-15,0.229285874029
bloch_wannier,17,9,0.0828655677708,2.37794408138e-15,-0.00946758616081,1.82277691692e-15,0.799079344797
bloch_wannier,17,10,-0.0469243368267,-3.45870475116e-15,0.00951069559644,1.45309324987e-16,1.12111523621
bloch_wannier,17,11,-1.1993244501,-1.94680345879e-15,0.00464557142338,-3.18175606567e-15,3.97896022432
bloch_wannier,17,12,0.366246935354,1.7229018581e-14,0.00487139335504,8.27815365555e-15,0.330686486094
bloch_wannier,17,13,-2.20164135837,-7.76720950845e-15,0.00494146572991,-6.61263441329e-15,6.98441298151
bloch_wannier,17,14,-2.82819450809,2.09734527974e-14,0.0377731695925,4.5445080075e-15,16.4199172727
bloch_wannier,17,15,0.590965171495,4.67896607981e-15,-0.0473422025923,5.00883302329e-15,8.18933794524
bloch_wannier,17,16,1.10232187544,1.33905622234e-15,-2.66241151695,3.82151663581e-16,60.2686939358
bloch_wannier,17,17,40.3855234847,7.27231147001e-29,38.0239893026,-4.94963995708e-31,3.61143442547e-13
bloch_wannier,17,18,1.93284777511,6.34742996119e-15,-3.09061044567,2.97613031714e-15,162.112097659
bloch_wannier,17,19,2.81150740822,-6.98815319377e-15,0.896237627884,-7.12652116689e-15,15.5423201813
bloch_wannier,17,20,0.716856433395,-1.48234590503e-14,1.43712444994,-7.30536313155e-15,308.335288294
bloch_wannier,17,21,0.0793258374402,5.40556502716e-16,-0.000987927814063,6.37242469679e-15,1.04301203046
bloch_wannier,17,22,0.366246935354,-1.71822901144e-14,0.00618318889028,-2.10541697851e-14,0.0128112712662
bloch_wannier,17,23,0.233846473977,-6.24230322495e-15,-0.000299648116027,8.35248692799e-16,1.82302771799
bloch_wannier,17,24,-0.050962185691,-1.65843216296e-14,0.00171126626844,8.39070293346e-16,0.658312128501
bloch_wannier,17,25,-1.31979201208,3.19828366445e-15,-0.074564145217,-5.44715798657e-15,2.70570673717
bloch_wannier,18,1,0.0140395305111,-1.62286007148e-16,-0.0101103439232,4.37851456664e-16,1.45035541489
bloch_wannier,18,2,0.0475449666021,2.09631278901e-14,-0.0252653562927,-3.60920404013e-15,9.95820406107
bloch_wannier,18,3,0.0426520672381,-9.03499480607e-15,-0.0310949877227,1.96093045491e-15,4.9629455911
bloch_wannier,18,4,0.0168732906606,-1.16864061127e-14,-0.00718184361217,1.42087799968e-15,4.59799580126
bloch_wannier,18,5,-0.330149840873,2.17338548792e-14,0.243190429937,-3.75605782478e-15,22.7482779215
bloch_wannier,18,6,0.023248430646,-4.6104799577e-16,0.000989630181017,1.8069251565e-15,0.572229124747
bloch_wannier,18,7,-0.01259785732,-2.87763046354e-14,-0.00151508102043,-1.19162433452e-14,0.0136829291334
bloch_wannier,18,8,0.0426520672381,2.3959516987e-14,0.00327572850214,1.13926577161e-14,0.880124799735
bloch_wannier,18,9,0.0672168728705,1.38548898032e-14,-0.00204270234987,3.84490599654e-15,2.86907632948
bloch_wannier,18,10,0.0151667944126,-1.92141593272e-14,0.010347932397,1.61591036712e-14,1.16533813194
bloch_wannier,18,11,-0.762375712821,-4.02705557083e-15,-0.00151073951982,-4.53331897079e-15,5.15508347261
bloch_wannier,18,12,0.233846473977,5.92731042223e-15,0.0091308420156,1.45870240653e-15,0.499120900502
bloch_wannier,18,13,-1.39484499671,1.19719582925e-14,-0.00873016430786,3.83170104805e-15,8.77804236061
bloch_wannier,18,14,-1.79614702311,-7.94509482757e-15,0.0311535684808,-5.04525166626e-15,20.3687707591
bloch_wannier,18,15,0.388527133455,-4.79026454038e-15,-0.0721640991662,-4.06443077112e-15,9.87278397186
bloch_wannier,18,16,1.20342462685,2.17621927616e-15,3.08265191403,1.50448799652e-15,204.339436729
bloch_wannier,18,17,1.93284777511,-6.34742996119e-15,-3.09061044567,-2.97613031714e-15,162.112097659
bloch_wannier,18,18,57.3229709776,1.72563323017e-29,50.0916657627,-3.08148791102e-32,7.25646977014e-13
bloch_wannier,18,19,1.37795343533,-2.18772948273e-14,4.49140985079,-7.36278036812e-15,380.546954394
bloch_wannier,18,20,-7.74737092841,1.24961595636e-15,2.07176964527,6.71692439467e-15,91.9712106882
bloch_wannier,18,21,-0.478336875184,2.17339941013e-15,0.0562662951219,1.58166255382e-14,10.4434903228
bloch_wannier,18,22,-2.20164135837,7.793268072e-15,-0.0126797314432,1.04561610512e-14,11.9260181454
bloch_wannier,18,23,-1.39484499671,-1.19180857413e-14,0.122532014661,2.42620324447e-15,13.5854759461
bloch_wannier,18,24,0.334103424241,2.75704945794e-14,0.0973919938327,3.68823284315e-14,3.94484243698
bloch_wannier,18,25,7.67382684142,3.57981223818e-15,0.143475055536,-9.24579253213e-15,71.2971965189
bloch_wannier,19,1,0.0218651209742,1.12529661047e-14,-0.0249847260242,1.28727425343e-15,2.86347165153
bloch_wannier,19,2,0.0828655677708,-2.11823749378e-15,-0.0588336862693,-2.50566012416e-15,21.045992218
bloch_wannier,19,3,0.0672168728705,-1.33449599715e-14,-0.0754794520914,7.75460066627e-15,9.97692418502
bloch_wannier,19,4,0.0193681601145,-8.30172491512e-15,-0.025357543057,-4.11930194058e-17,10.7278263773
bloch_wannier,19,5,-0.482234562535,1.43186384943e-14,0.571064532421,-2.61167157201e-14,43.2241598362
bloch_wannier,19,6,0.0126399571234,-3.9205650866e-15,0.00891850814024,5.01733438403e-15,1.20702703543
bloch_wannier,19,7,-0.0152162822084,-1.0356069146e-15,-0.00199494718761,-1.35677095856e-15,0.215643847184
bloch_wannier,19,8,0.0168732906606,1.10932740548e-14,0.02232460145,-6.36776953993e-16,2.26947210817
bloch_wannier,19,9,0.0193681601145,4.2014294706e-14,0.0355986841071,1.72002414644e-14,6.41174363243
bloch_wannier,19,10,0.0688138015083,-7.52232108433e-15,-0.0251686097573,2.53445023806e-14,4.04039969847
bloch_wannier,19,11,0.175931604828,-4.33007465818e-15,-0.0477439938728,-4.44834719665e-15,6.31571095587
bloch_wannier,19,12,-0.050962185691,1.61143351265e-14,0.0162230137515,5.21335684197e-15,0.0977674471675
bloch_wannier,19,13,0.334103424241,-2.7022719985e-14,-0.111838515092,-7.84577060175e-15,12.8928818537
bloch_wannier,19,14,0.444742825219,1.97015857358e-14,-0.18811265431,3.8514751406e-15,30.6037360397
bloch_wannier,19,15,-0.103551924202,9.12287556426e-15,0.058926222218,1.21829315786e-14,19.1705777851
bloch_wannier,19,16,0.416860911433,-1.42498657522e-14,0.281919737829,-4.29211491007e-15,9.71984924445
bloch_wannier,19,17,2.81150740822,6.98815319377e-15,0.896237627884,7.12652116689e-15,15.5423201813
bloch_wannier,19,18,1.37795343533,2.18772948273e-14,4.49140985079,7.36278036812e-15,380.546954394
bloch_wannier,19,19,122.781289138,-2.95822839458e-29,50.8652446269,-7.70371977755e-33,3.172939047e-13
bloch_wannier,19,20,-8.94198508464,-2.90965234083e-15,-2.1171048976,-2.94220753177e-15,372.405341588
bloch_wannier,19,21,-0.627297594359,9.83028547054e-15,0.141329110456,5.19101427323e-15,23.2209222953
bloch_wannier,19,22,-2.82819450809,-2.09884758428e-14,-0.000872696019201,-9.73486571068e-15,27.5452699718
bloch_wannier,19,23,-1.79614702311,8.26430114938e-15,0.319306233016,6.09966698428e-15,30.7445796432
bloch_wannier,19,24,0.444742825219,-1.86195030627e-14,0.271625254342,-2.00793553234e-14,9.50335972677
bloch_wannier,19,25,9.45895776987,-1.15156726193e-14,-0.106449223475,-6.03051365987e-15,163.028623331
bloch_wannier,20,1,0.0124441801516,-5.98698228636e-15,0.0176262134491,-1.15683163833e-15,0.926121579421
bloch_wannier,20,2,-0.0469243368267,4.2152751289e-15,0.0406397599781,-4.84762630025e-16,12.9000401475
bloch_wannier,20,3,0.0151667944126,1.91889557351e-14,0.0552356525812,-1.09609318405e-14,4.93216193974
bloch_wannier,20,4,0.0688138015083,7.71482438961e-15,0.00832295641532,-2.08099045597e-14,11.0156577233
bloch_wannier,20,5,0.130570185549,2.16690444192e-14,-0.390830355668,7.82935492889e-14,23.6517537614
bloch_wannier,20,6,-0.175068032732,3.36836558237e-15,-0.0101685361033,-1.79144411262e-15,4.77696958078
bloch_wannier,20,7,0.0588947440174,-9.83913767004e-15,0.0136017524109,3.03039910642e-15,1.22263895303
bloch_wannier,20,8,-0.330149840873,-2.23029000495e-14,-0.0304701986432,6.67945682416e-15,7.8756609825
bloch_wannier,20,9,-0.482234562535,-1.50798662707e-14,0.00194408134169,1.28521828775e-14,22.4273972208
bloch_wannier,20,10,0.130570185549,2.02430605015e-14,-0.0663300106525,-7.95443398247e-14,13.9786273311
bloch_wannier,20,11,4.2686106182,-7.65022499182e-15,0.0779854737642,-9.62580888692e-16,40.3886533734
bloch_wannier,20,12,-1.31979201208,-3.06180358937e-15,-0.0789442991267,2.45858496383e-15,3.02623808954
bloch_wannier,20,13,7.67382684142,-3.9238133207e-15,0.214318765862,-1.82988986651e-15,68.6768579593
bloch_wannier,20,14,9.45895776987,1.09977025073e-14,0.0494304458763,5.8513782091e-15,158.256428751
bloch_wannier,20,15,-1.75269601049,-3.05677871058e-14,0.337555302395,-1.14875601168e-14,75.5175638746
bloch_wannier,20,16,-4.25236613366,5.26606534717e-15,0.728778174096,1.94112782808e-15,29.3623664932
bloch_wannier,20,17,0.716856433395,1.48234590503e-14,1.43712444994,7.30536313155e-15,308.335288294
bloch_wannier,20,18,-7.74737092841,-1.24961595636e-15,2.07176964527,-6.71692439467e-15,91.9712106882
bloch_wannier,20,19,-8.94198508464,2.90965234083e-15,-2.1171048976,2.94220753177e-15,372.405341588
bloch_wannier,20,20,160.547859477,-8.50490663441e-29,38.0184526969,-2.46519032882e-30,1.34997633905e-12
bloch_wannier,20,21,0.146379368042,4.76571545916e-15,-0.119235555135,9.51280319195e-16,19.9609855724
bloch_wannier,20,22,0.590965171495,-4.8376043691e-15,-0.0205271954646,-8.32447877008e-15,16.6140138037
bloch_wannier,20,23,0.388527133455,5.74066288162e-15,-0.277317644577,-1.36548181131e-15,30.5397758205
bloch_wannier,20,24,-0.103551924202,-8.14777937249e-15,-0.276282256623,-3.51762131762e-14,16.0727441262
bloch_wannier,20,25,-1.75269601049,3.04044810584e-14,0.459250030906,3.83571381909e-14,76.830326553
bloch_wannier,21,1,-0.2598625772,1.36298998546e-16,-0.0138078573492,2.24736991342e-15,51.5459733743
bloch_wannier,21,2,-1.1993244501,2.28881993916e-15,0.0081956335175,2.18723007349e-15,243.367853445
bloch_wannier,21,3,-0.762375712821,3.84980499988e-15,-0.0249215697352,1.26869277363e-14,153.656427691
bloch_wannier,21,4,0.175931604828,4.51969644128e-15,-0.0855048814944,1.25388816626e-14,36.8837803693
bloch_wannier,21,5,4.2686106182,6.08513647206e-15,0.0865372269736,2.14049825236e-15,833.802237974
bloch_wannier,21,6,0.00791255234496,4.32666195034e-15,0.00658641073713,8.85659565455e-15,2.56594793764
bloch_wannier,21,7,0.022762865686,1.84716454795e-15,0.00918570361198,-1.89844010443e-15,4.44903290257
bloch_wannier,21,8,0.023248430646,1.33375567547e-16,0.0174613786997,-1.28022954486e-15,7.29737317311
bloch_wannier,21,9,0.0126399571234,3.34908685986e-15,0.0241896167173,-3.33154675138e-15,6.36365869132
bloch_wannier,21,10,-0.175068032732,-4.4403665813e-15,-0.14080375567,1.29231322534e-14,56.100282861
bloch_wannier,21,11,0.00791255234496,-5.54190288936e-16,-0.00479121411415,2.56994042577e-17,1.04696493824
bloch_wannier,21,12,-0.00508612846314,-1.58289366821e-15,-0.00169571730419,2.73823752983e-15,0.45515867423
bloch_wannier,21,13,0.0140395305111,1.25980416911e-16,-0.011573312017,4.85891768502e-15,2.83641863068
bloch_wannier,21,14,0.0218651209742,-1.08691579386e-14,-0.0260503576244,-4.63695806413e-15,4.9376568511
bloch_wannier,21,15,0.0124441801516,5.00897669313e-15,0.0517187429414,-2.78443982436e-14,12.8899227048
bloch_wannier,21,16,-0.2598625772,2.82559697083e-15,0.0245778743197,1.41706410714e-14,3.85243720124
bloch_wannier,21,17,0.0793258374402,-5.40556502716e-16,-0.000987927814063,-6.37242469679e-15,1.04301203046
bloch_wannier,21,18,-0.478336875184,-2.17339941013e-15,0.0562662951219,-1.58166255382e-14,10.4434903228
bloch_wannier,21,19,-0.627297594359,-9.83028547054e-15,0.141329110456,-5.19101427323e-15,23.2209222953
bloch_wannier,21,20,0.146379368042,-4.76571545916e-15,-0.119235555135,-9.51280319195e-16,19.9609855724
bloch_wannier,21,21,13.8404528553,-2.89659863636e-29,79.4535301215,-3.85185988877e-33,2.55472626993e-14
bloch_wannier,21,22,1.10232187544,-1.17231168144e-15,-2.42327927157,-2.94716084219e-15,70.9600310429
bloch_wannier,21,23,1.20342462685,-2.41770118112e-15,1.37756468301,-9.69115028968e-15,95.1598021933
bloch_wannier,21,24,0.416860911433,1.32385009062e-14,-2.33040045637,-1.89722955806e-15,406.130969442
bloch_wannier,21,25,-4.25236613366,-5.22286242701e-15,1.52859302195,7.94843026305e-15,262.307872581
bloch_wannier,22,1,0.0793258374402,6.81122977521e-16,0.00648429751699,9.92182938399e-16,16.6764199149
bloch_wannier,22,2,0.366246935354,-7.44426857679e-15,0.00531072975965,-7.82974324717e-15,75.8933325064
bloch_wannier,22,3,0.233846473977,-5.83080361405e-15,0.015428897484,-9.07801979133e-15,49.3535679974
bloch_wannier,22,4,-0.050962185691,-1.66754778453e-14,0.0252317707271,1.353168506e-15,8.9947588283
bloch_wannier,22,5,-1.31979201208,3.37404189778e-15,-0.0968551626407,7.62262947099e-16,273.736383204
bloch_wannier,22,6,-0.00508612846314,1.84475830122e-15,-0.00168449154078,8.617052369e-16,0.974893071106
bloch_wannier,22,7,-0.00513514199374,2.10349464938e-14,-0.00259237611713,9.85323337783e-15,1.59590002997
bloch_wannier,22,8,-0.01259785732,2.88126803947e-14,-0.00474385999283,1.47851628513e-14,2.66672549876
bloch_wannier,22,9,-0.0152162822084,9.4250615887e-16,-0.00484243347572,7.7917346184e-16,2.60288320817
bloch_wannier,22,10,0.0588947440174,1.01588960354e-14,0.0401940006175,6.38208619572e-15,20.4130926111
bloch_wannier,22,11,0.022762865686,-1.69777129956e-15,0.000168308041264,-1.1106798882e-15,0.617555097396
bloch_wannier,22,12,-0.00513514199374,-9.88964038257e-15,-0.00032579838566,-5.94829745459e-15,0.331069617453
bloch_wannier,22,13,0.0475449666021,-2.08318892768e-14,0.00108208239401,-2.09560796739e-14,1.3360490996
bloch_wannier,22,14,0.0828655677708,2.3783478538e-15,-0.00219675990074,4.58864807196e-15,2.92933982706
bloch_wannier,22,15,-0.0469243368267,-3.26486388076e-15,-0.00243707065337,3.11879597726e-15,5.60511003347
bloch_wannier,22,16,-1.1993244501,-1.957861066e-15,-0.00280855419761,-5.84602201585e-15,6.04369090715
bloch_wannier,22,17,0.366246935354,1.71822901144e-14,0.00618318889028,2.10541697851e-14,0.0128112712661
bloch_wannier,22,18,-2.20164135837,-7.793268072e-15,-0.0126797314432,-1.04561610512e-14,11.9260181454
bloch_wannier,22,19,-2.82819450809,2.09884758428e-14,-0.000872696019201,9.73486571068e-15,27.5452699718
bloch_wannier,22,20,0.590965171495,4.8376043691e-15,-0.0205271954646,8.32447877008e-15,16.6140138037
bloch_wannier,22,21,1.10232187544,1.17231168144e-15,-2.42327927157,2.94716084219e-15,70.9600310429
bloch_wannier,22,22,40.3855234847,5.70075263539e-29,67.5659368931,9.55261252416e-31,7.03693598958e-13
bloch_wannier,22,23,1.93284777511,6.08191858922e-15,-2.60841484876,1.26442838362e-14,109.271899884
bloch_wannier,22,24,2.81150740822,-7.19974942404e-15,1.63045126818,-1.75438816647e-15,167.221914484
bloch_wannier,22,25,0.716856433395,-1.46633465454e-14,1.21582456633,-1.99776455654e-14,232.11438432
bloch_wannier,23,1,-0.478336875184,2.15270051564e-15,-0.0337790756684,-6.35054520801e-15,92.8210834385
bloch_wannier,23,2,-2.20164135837,8.45296903022e-15,0.0134039659748,-9.74687427985e-15,443.859576716
bloch_wannier,23,3,-1.39484499671,1.16781003676e-15,-0.0624309204705,-3.60491196289e-15,277.540807081
bloch_wannier,23,4,0.334103424241,2.60778688833e-14,-0.198746580916,1.87011996424e-15,72.5009533857
bloch_wannier,23,5,7.67382684142,2.1053809393e-15,0.230327220943,1.314643298e-14,1487.91709608
bloch_wannier,23,6,0.0140395305111,-2.17402728842e-16,0.0152835245524,-1.6920991387e-15,4.4597658634
bloch_wannier,23,7,0.0475449666021,2.10232171778e-14,0.0219464972245,1.03014087411e-14,8.07671572166
bloch_wannier,23,8,0.0426520672381,-9.19781187388e-15,0.0405362440422,-4.01399387874e-15,12.8794820841
bloch_wannier,23,9,0.0168732906606,-1.19831671e-14,0.0556831985061,-3.56477289667e-15,10.5402164323
bloch_wannier,23,10,-0.330149840873,2.16316808774e-14,-0.328242209068,-4.6514779361e-15,99.6118173226
bloch_wannier,23,11,0.023248430646,-4.4922119189e-16,-0.0106794149299,-3.67314052357e-15,1.53556595012
bloch_wannier,23,12,-0.01259785732,-2.85021210049e-14,-0.00434321473546,-2.17281980698e-14,0.802757444941
bloch_wannier,23,13,0.0426520672381,2.40740789898e-14,-0.0257134486141,2.80014758883e-14,4.43631267077
bloch_wannier,23,14,0.0672168728705,1.35844683414e-14,-0.0591242032914,-6.62432422489e-15,7.17374845025
bloch_wannier,23,15,0.0151667944126,-2.02736590531e-14,0.121113493734,-3.53562155956e-14,22.0174557694
bloch_wannier,23,16,-0.762375712821,-4.04928957315e-15,0.0539413753777,-4.38193902372e-15,4.12554121055
bloch_wannier,23,17,0.233846473977,6.24230322495e-15,-0.000299648116027,-8.35248692799e-16,1.82302771799
bloch_wannier,23,18,-1.39484499671,1.19180857413e-14,0.122532014661,-2.42620324447e-15,13.5854759461
bloch_wannier,23,19,-1.79614702311,-8.26430114938e-15,0.319306233016,-6.09966698428e-15,30.7445796432
bloch_wannier,23,20,0.388527133455,-5.74066288162e-15,-0.277317644577,1.36548181131e-15,30.5397758205
bloch_wannier,23,21,1.20342462685,2.41770118112e-15,1.37756468301,9.69115028968e-15,95.1598021933
bloch_wannier,23,22,1.93284777511,-6.08191858922e-15,-2.60841484876,-1.26442838362e-14,109.271899884
bloch_wannier,23,23,57.3229709776,2.46519032882e-29,76.2454076409,-9.86557614012e-31,1.37079511573e-12
bloch_wannier,23,24,1.37795343533,-2.30154624483e-14,-0.830631555828,-5.5837189459e-15,125.760736236
bloch_wannier,23,25,-7.74737092841,1.06975351185e-15,3.71964453656,2.37316644487e-14,464.891515691
bloch_wannier,24,1,-0.627297594359,9.83840057109e-15,-0.0548370729517,2.8727117181e-15,110.129692324
bloch_wannier,24,2,-2.82819450809,-1.99606157514e-14,0.0538201659655,-3.23224283255e-16,553.728253568
bloch_wannier,24,3,-1.79614702311,7.75163271408e-15,-0.0846537625749,5.13971547619e-15,333.749074592
bloch_wannier,24,4,0.444742825219,6.77259277956e-15,-0.374027238271,8.92225339405e-15,115.785372711
bloch_wannier,24,5,9.45895776987,-1.36756011497e-14,0.108677926247,-7.26267843814e-17,1716.67156771
bloch_wannier,24,6,0.0218651209742,1.10331016052e-14,0.0266427319657,-9.95866529134e-16,4.36961637796
bloch_wannier,24,7,0.0828655677708,-2.13421786203e-15,0.0425252408182,-4.96033720083e-15,9.36121703862
bloch_wannier,24,8,0.0672168728705,-1.38135882681e-14,0.0708749052955,-7.66489848958e-15,13.3926472936
bloch_wannier,24,9,0.0193681601145,-9.1394003045e-15,0.0941285990548,-8.8572175528e-15,8.0141461537
bloch_wannier,24,10,-0.482234562535,1.41696127178e-14,-0.595657425427,-5.52227272327e-16,105.126930553
bloch_wannier,24,11,0.0126399571234,-4.00640163171e-15,-0.0110695728895,-5.7711919596e-15,0.601696566805
bloch_wannier,24,12,-0.0152162822084,-6.42705733854e-16,-0.00853526262413,9.40218944992e-15,1.16790376169
bloch_wannier,24,13,0.0168732906606,1.10974830573e-14,-0.0277198205748,1.42891242423e-14,2.36464514992
bloch_wannier,24,14,0.0193681601145,4.12947416699e-14,-0.0597067975117,3.02261235587e-15,1.98318072749
bloch_wannier,24,15,0.0688138015083,-8.78800528784e-15,0.184037374837,-7.03541705683e-14,19.3709566692
bloch_wannier,24,16,0.175931604828,-4.55619972825e-15,0.0405317239925,3.71788230377e-15,0.537641455155
bloch_wannier,24,17,-0.050962185691,1.65843216296e-14,0.00171126626844,-8.39070293346e-16,0.658312128501
bloch_wannier,24,18,0.334103424241,-2.75704945794e-14,0.0973919938327,-3.68823284315e-14,3.94484243698
bloch_wannier,24,19,0.444742825219,1.86195030627e-14,0.271625254342,2.00793553234e-14,9.50335972677
bloch_wannier,24,20,-0.103551924202,8.14777937249e-15,-0.276282256623,3.51762131762e-14,16.0727441262
bloch_wannier,24,21,0.416860911433,-1.32385009062e-14,-2.33040045637,1.89722955806e-15,406.130969442
bloch_wannier,24,22,2.81150740822,7.19974942404e-15,1.63045126818,1.75438816647e-15,167.221914484
bloch_wannier,24,23,1.37795343533,2.30154624483e-14,-0.830631555828,5.5837189459e-15,125.760736236
bloch_wannier,24,24,122.781289138,-6.90253292068e-29,72.1917591267,4.93038065763e-31,8.03172673682e-13
bloch_wannier,24,25,-8.94198508464,-3.37653502933e-15,0.512774747776,2.88480923095e-14,32.2978085155
bloch_wannier,25,1,0.146379368042,3.77974080437e-15,0.0125897599223,-1.98581454243e-15,17.53193411
bloch_wannier,25,2,0.590965171495,-5.92477587497e-15,-0.0662208706857,-8.28770956705e-15,108.821367715
bloch_wannier,25,3,0.388527133455,6.07550346856e-15,-0.00721477349204,8.67374339961e-15,58.1656839702
bloch_wannier,25,4,-0.103551924202,-8.42849375348e-15,0.173223563106,4.1775709233e-15,42.6574328381
bloch_wannier,25,5,-1.75269601049,6.79306911515e-14,0.415633410754,-2.90396914887e-14,258.933106315
bloch_wannier,25,6,0.0124441801516,-5.87732778501e-15,-0.0121217367209,2.42001680146e-15,0.885302340544
bloch_wannier,25,7,-0.0469243368267,4.25919820292e-15,-0.023405863394,4.81565447661e-15,0.960044612826
bloch_wannier,25,8,0.0151667944126,1.94150598344e-14,-0.0298028390951,1.85646697576e-15,0.506615536373
bloch_wannier,25,9,0.0688138015083,8.14128479303e-15,-0.0520647921353,-1.18628905425e-14,6.42519227307
bloch_wannier,25,10,0.130570185549,2.19653343179e-14,0.28324980493,3.55673374244e-14,5.07584529526
bloch_wannier,25,11,-0.175068032732,3.44062851051e-15,-0.00192058837665,2.73495500436e-15,4.89600228452
bloch_wannier,25,12,0.0588947440174,-9.95344315671e-15,0.0180013412181,-5.58941729934e-15,1.14234664141
bloch_wannier,25,13,-0.330149840873,-2.22016367931e-14,-0.00943353527094,-2.80215069286e-15,8.13357157576
bloch_wannier,25,14,-0.482234562535,-1.46741527248e-14,0.0387639189562,1.72014153569e-14,23.0577693099
bloch_wannier,25,15,0.130570185549,2.04659905434e-14,-0.17194684918,-2.6001591374e-14,13.1080943648
bloch_wannier,25,16,4.2686106182,-7.52610962258e-15,0.0482016844108,-8.93349596317e-15,41.5736538661
bloch_wannier,25,17,-1.31979201208,-3.19828366445e-15,-0.074564145217,5.44715798657e-15,2.70570673717
bloch_wannier,25,18,7.67382684142,-3.57981223818e-15,0.143475055536,9.24579253213e-15,71.2971965189
bloch_wannier,25,19,9.45895776987,1.15156726193e-14,-0.106449223475,6.03051365987e-15,163.028623331
bloch_wannier,25,20,-1.75269601049,-3.04044810584e-14,0.459250030906,-3.83571381909e-14,76.830326553
bloch_wannier,25,21,-4.25236613366,5.22286242701e-15,1.52859302195,-7.94843026305e-15,262.307872581
bloch_wannier,25,22,0.716856433395,1.46633465454e-14,1.21582456633,1.99776455654e-14,232.11438432
bloch_wannier,25,23,-7.74737092841,-1.06975351185e-15,3.71964453656,-2.37316644487e-14,464.891515691
bloch_wannier,25,24,-8.94198508464,3.37653502933e-15,0.512774747776,-2.88480923095e-14,32.2978085155
bloch_wannier,25,25,160.547859477,1.72563323017e-29,66.7403107302,1.24316169766e-30,3.334490173e-12
wannier_stark,1,1,141.244873888,0,-49.6363495748,0,1.36639558586e-30
wannier_stark,1,2,-1.01025958432e-13,0,-4.20984479876,0,105.331466652
wannier_stark,1,3,-1.8149815418e-13,0,0.503302586216,0,44.5720716471
wannier_stark,1,4,1.39460925447e-13,0,-0.503004505247,0,42.2322605344
wannier_stark,1,5,-9.89334482393e-15,0,-0.136655075787,0,15.0509773374
wannier_stark,1,6,1.22026954513e-14,0,-0.035448466463,0,6.15471626684
wannier_stark,1,7,-7.17199737099e-15,0,-0.0742314667877,0,12.546913887
wannier_stark,1,8,1.37780412079e-13,0,3.36681233561,0,34.943023326
wannier_stark,1,9,9.40436964414e-14,1.18203950337e-29,2.29909796579,2.81558296473e-16,30.9019317832
wannier_stark,1,10,3.74917111245e-14,4.49463900771e-30,0.535399011719,6.55674685968e-17,35.4013238791
wannier_stark,1,11,-1.36067372647e-15,0,-0.0302153799979,0,5.89830106331
wannier_stark,1,12,8.78203759713e-15,0,0.165714687025,0,15.9797137244
wannier_stark,1,13,-6.24500451352e-15,0,0.0128876367858,0,3.33452167286
wannier_stark,1,14,3.80554962542e-15,0,0.00786125971574,0,1.99786163029
wannier_stark,1,15,1.07552855511e-14,1.33852131135e-30,-0.102225826694,-1.25190531451e-17,7.42971990753
wannier_stark,1,16,1.76074432812e-14,2.22444908577e-30,0.303261589798,3.71388335251e-17,4.6193148792
wannier_stark,1,17,6.72205346941e-16,0,0.00253664893263,0,0.710749269136
wannier_stark,1,18,-4.33680868994e-17,0,0.0303397990715,3.71555378197e-18,5.44279496409
wannier_stark,1,19,6.58771404398e-15,0,0.00308329586208,0,1.05562466501
wannier_stark,1,20,2.73218947466e-15,0,-0.0109209904192,0,1.59543148159
wannier_stark,1,21,-2.61563774112e-15,0,0.00126196814607,0,0.421193932268
wannier_stark,1,22,1.34441069388e-15,1.54074395551e-31,-0.0032786630602,-4.01520422216e-19,0.12912444545
wannier_stark,1,23,5.99699326656e-16,7.30499209375e-32,0.00141128713348,1.72832827069e-19,0.4969839591
wannier_stark,1,24,-4.55364912444e-16,0,0.00761796082821,0,1.70247907356
wannier_stark,1,25,9.84464042946e-17,0,0.00087234233104,0,0.366412056135
wannier_stark,2,1,-1.02832510302e-13,0,-4.20984479876,0,105.331466652
wannier_stark,2,2,124.776230966,0,-39.1242435439,0,2.34471138668e-30
wannier_stark,2,3,3.71628590531e-13,0,-2.10231166039,0,133.578615401
wannier_stark,2,4,-2.72661260974e-13,0,3.1160050652,0,183.65650159
wannier_stark,2,5,5.05780313464e-15,0,-0.342891672865,0,29.1863118177
wannier_stark,2,6,2.94103391814e-14,0,-0.00726563264015,0,1.07970249181
wannier_stark,2,7,-1.97243480229e-14,0,-0.0729004891629,0,10.4979563166
wannier_stark,2,8,9.30245463993e-14,0,2.68034191119,0,39.2445111293
wannier_stark,2,9,-2.06648934076e-14,-2.27139362816e-30,-0.165540613243,-2.02728782137e-17,6.36688517137
wannier_stark,2,10,2.24429849704e-15,1.08333559372e-31,-0.686455701166,-8.40665777189e-17,62.5647104402
wannier_stark,2,11,-1.78080206831e-15,0,-0.0281291514439,0,4.78725232288
wannier_stark,2,12,-1.02782365952e-14,0,0.147728710744,0,10.5491300065
wannier_stark,2,13,-2.5966642031e-15,0,0.00227684755087,0,0.532139688139
wannier_stark,2,14,3.87602276664e-15,0,-0.00301830739557,0,0.691554183134
wannier_stark,2,15,3.51281503885e-15,3.81574870232e-31,-0.308763693854,-3.78126469372e-17,14.715432705
wannier_stark,2,16,1.552577511e-14,1.95481889355e-30,2.34641222849,2.87352622511e-16,22.9670580177
wannier_stark,2,17,6.07153216592e-16,0,0.00027569839858,0,0.0703504942205
wannier_stark,2,18,4.77048955894e-16,4.33334237487e-32,-0.0225227950079,-2.75824688142e-18,3.47694046184
wannier_stark,2,19,-4.41270284202e-15,0,-0.00249885693902,0,0.793008860781
wannier_stark,2,20,-1.40946282423e-15,0,-0.00202880130757,0,0.245623446246
wannier_stark,2,21,1.91768259258e-15,0,-0.0023481275606,0,0.724959226896
wannier_stark,2,22,-1.82145964978e-14,-2.31111593326e-30,0.464816921784,5.69236555452e-17,6.67616015758
wannier_stark,2,23,-1.18855663159e-15,-1.47754937921e-31,-0.00157719316081,-1.93150455602e-19,0.515945868352
wannier_stark,2,24,8.90401034154e-16,0,-0.0147687441199,0,2.93103424573
wannier_stark,2,25,-1.48995213004e-15,0,-0.00167183412047,0,0.660394777032
wannier_stark,3,1,-1.57865934951e-13,0,0.503302586216,0,44.5720716471
wannier_stark,3,2,2.75182369838e-13,0,-2.10231166039,0,133.578615401
wannier_stark,3,3,82.9541531774,0,-30.4357984278,0,6.74690280893e-13
wannier_stark,3,4,8.68931120633e-13,0,8.01353000383,0,36.8557472433
wannier_stark,3,5,-1.17017940476e-13,0,-2.97133354383,0,64.1191461398
wannier_stark,3,6,-9.75781955237e-16,0,0.382478252424,0,32.5355646502
wannier_stark,3,7,6.32631967645e-15,0,-0.317721422574,0,25.5654542821
wannier_stark,3,8,1.32099192696e-13,0,1.80939165251,0,141.459194333
wannier_stark,3,9,-7.2782491839e-14,-9.01455584595e-30,-0.52490754666,-6.42826346865e-17,53.5406161748
wannier_stark,3,10,-1.35763796039e-13,-1.63054043917e-29,-0.258089527956,-3.16068514304e-17,39.9214376121
wannier_stark,3,11,-1.04137618667e-14,0,-0.124084032538,0,13.2334843357
wannier_stark,3,12,-6.80662123886e-14,0,2.79426787709,0,21.9905497823
wannier_stark,3,13,-1.00397121172e-14,0,-0.026488380878,0,4.5077616456
wannier_stark,3,14,9.23740250958e-15,0,-0.0567537818913,0,9.3973447595
wannier_stark,3,15,4.0115480382e-14,4.91593618305e-30,1.2635334212,1.54738215989e-16,20.0645502819
wannier_stark,3,16,3.49546780409e-14,4.11186043127e-30,0.781810484442,9.57441707311e-17,57.3278809514
wannier_stark,3,17,-7.3725747729e-16,0,-0.0242948513174,0,4.65569560566
wannier_stark,3,18,2.16840434497e-16,-4.81482486097e-33,0.120165036222,1.47159726979e-17,10.9152352147
wannier_stark,3,19,7.43762690325e-15,0,0.00454560653216,0,1.1537191322
wannier_stark,3,20,1.90819582357e-15,0,-0.179713012375,0,10.3387709171
wannier_stark,3,21,-1.615461237e-15,0,0.00152411165357,0,0.373712733368
wannier_stark,3,22,1.17093834628e-15,1.25185446385e-31,0.0438111207843,5.36531488356e-18,2.15445273184
wannier_stark,3,23,-3.90312782095e-16,-5.11575141478e-32,0.00418842571777,5.12934214874e-19,1.10402811959
wannier_stark,3,24,-3.49655200627e-16,0,-0.0212053392371,0,2.86108929342
wannier_stark,3,25,-1.40143718706e-15,0,-0.00099463396305,0,0.329694523046
wannier_stark,4,1,1.24203490375e-13,0,-0.503004505247,0,42.2322605344
wannier_stark,4,2,-2.26392933263e-13,0,3.1160050652,0,183.65650159
wannier_stark,4,3,9.46963861492e-13,0,8.01353000383,0,36.8557472433
wannier_stark,4,4,85.9813950411,0,-26.2073889793,0,1.34938056179e-12
wannier_stark,4,5,-1.20332888619e-14,0,-3.10387662257,0,81.2546446228
wannier_stark,4,6,1.81793599272e-14,0,0.374171714483,0,33.5498546848
wannier_stark,4,7,-1.01942109268e-14,0,-0.401188012993,0,34.1267333908
wannier_stark,4,8,1.72453197556e-13,0,2.2573020304,0,166.095303092
wannier_stark,4,9,-9.20812905092e-14,-1.05480775642e-29,-0.752545365285,-9.2160227281e-17,73.2985946677
wannier_stark,4,10,-1.77158634984e-14,-2.40981984291e-30,-0.421926561696,-5.16711013257e-17,63.3233244159
wannier_stark,4,11,-6.11490025282e-15,0,-0.0841917387569,0,9.36621000006
wannier_stark,4,12,-1.14708589849e-13,0,2.14500357621,0,26.7461974132
wannier_stark,4,13,-4.66206934169e-15,0,-0.0336094093479,0,5.87418599357
wannier_stark,4,14,7.93635990259e-15,0,-0.0607535446295,0,10.3390463443
wannier_stark,4,15,7.04297731247e-14,8.4740917553e-30,2.08956089199,2.55897405799e-16,23.5713432711
wannier_stark,4,16,4.93095148046e-14,5.70075263539e-30,0.849328360827,1.04012725851e-16,58.3725472387
wannier_stark,4,17,-1.82145964978e-15,0,-0.0269030270179,0,5.2792403121
wannier_stark,4,18,-4.77048955894e-16,-1.0111132208e-31,0.135879794929,1.66404755928e-17,12.9676280926
wannier_stark,4,19,7.6327832943e-15,0,0.00567360132058,0,1.46610914693
wannier_stark,4,20,2.51534904017e-15,0,-0.19757580524,0,12.2750942661
wannier_stark,4,21,-1.5720931501e-15,0,0.00137280407916,0,0.342925847759
wannier_stark,4,22,4.16333634234e-15,4.52593536931e-31,0.0658429303852,8.06343339427e-18,2.93506337185
wannier_stark,4,23,-5.74627151417e-16,-6.50001356231e-32,0.00471348018722,5.77234842413e-19,1.26410554168
wannier_stark,4,24,1.38235776992e-16,0,-0.0257329499411,0,3.59031911825
wannier_stark,4,25,-1.70592435577e-15,0,-0.00129028557182,0,0.433629382509
wannier_stark,5,1,-1.1463405095e-14,0,-0.136655075787,0,15.0509773374
wannier_stark,5,2,6.02071018908e-16,0,-0.342891672865,0,29.1863118177
wannier_stark,5,3,-1.24162832793e-13,0,-2.97133354383,0,64.1191461398
wannier_stark,5,4,-4.2893748449e-14,0,-3.10387662257,0,81.2546446228
wannier_stark,5,5,68.7504335309,0,-9.61110960368,0,3.37345140446e-13
wannier_stark,5,6,-4.55419122553e-14,0,-2.10577824102,0,133.687200143
wannier_stark,5,7,3.4106289841e-14,0,3.10810924942,0,183.023347763
wannier_stark,5,8,-1.34029072563e-13,0,-2.69558305505,0,268.910763593
wannier_stark,5,9,5.66116164363e-14,7.24631141576e-30,1.00145571265,1.22642953298e-16,123.759233342
wannier_stark,5,10,-4.64255370258e-14,-5.44015023979e-30,-0.266702105706,-3.26615880079e-17,47.0088672492
wannier_stark,5,11,-2.38524477947e-15,0,-0.338585670416,0,28.8035251778
wannier_stark,5,12,-1.685825958e-13,0,3.39312930048,0,46.5176651051
wannier_stark,5,13,-1.31947404391e-14,0,-0.00392344456227,0,0.583022215297
wannier_stark,5,14,1.52330405234e-14,0,-0.0677347343775,0,9.75391654095
wannier_stark,5,15,5.03503488902e-14,6.10519792371e-30,-0.108929853492,-1.33400596411e-17,4.08039942151
wannier_stark,5,16,-2.80591522239e-14,-4.10223078154e-30,-1.21183231627,-1.48406656722e-16,115.010557965
wannier_stark,5,17,-3.29597460436e-15,0,-0.0255567839392,0,4.34602735664
wannier_stark,5,18,4.14165229889e-15,4.88704723388e-31,0.167456065458,2.0507453456e-17,11.5973571121
wannier_stark,5,19,4.0115480382e-15,0,0.00296448405886,0,0.688443536722
wannier_stark,5,20,1.99493199737e-15,0,-0.294319445425,0,10.5808107507
wannier_stark,5,21,-1.64798730218e-15,0,0.0029640723916,0,0.662829175623
wannier_stark,5,22,-1.92987986702e-15,-2.26296768466e-31,0.142525553692,1.74543463126e-17,10.0844214508
wannier_stark,5,23,-1.12757025938e-15,-1.41134553737e-31,0.00498095378963,6.09990911517e-19,1.20544553873
wannier_stark,5,24,-4.33680868994e-17,0,-0.0189915624832,0,2.15257610192
wannier_stark,5,25,-1.24795481701e-15,0,-0.000685018881338,0,0.212283221817
wannier_stark,6,1,7.30752264255e-15,0,-0.035448466463,0,6.15471626684
wannier_stark,6,2,2.12381653063e-14,0,-0.00726563264015,0,1.07970249181
wannier_stark,6,3,2.45666659758e-14,0,0.382478252424,0,32.5355646502
wannier_stark,6,4,3.71637399674e-14,0,0.374171714483,0,33.5498546848
wannier_stark,6,5,-5.32949742281e-14,0,-2.10577824102,0,133.687200143
wannier_stark,6,6,26.9632634208,0,-0.752273821331,0,2.10840712779e-13
wannier_stark,6,7,3.78234769893e-13,0,8.04876829208,0,37.0254303122
wannier_stark,6,8,1.80172717024e-13,0,-0.125013980807,0,20.4079903068
wannier_stark,6,9,-1.67937495507e-13,-2.07928211621e-29,-0.702614637999,-8.60454767459e-17,131.434765109
wannier_stark,6,10,-6.33390909166e-14,-7.65436782272e-30,-0.298465044986,-3.65514261999e-17,71.5557156765
wannier_stark,6,11,2.46417469763e-13,0,-2.90217919796,0,62.6413244862
wannier_stark,6,12,-4.40402922464e-14,0,2.00944609538,0,155.119708456
wannier_stark,6,13,2.94686150482e-14,0,0.421015040042,0,35.8341448569
wannier_stark,6,14,-6.78710559976e-15,0,-0.259254996201,0,20.8741253368
wannier_stark,6,15,3.23959609139e-14,4.01797134648e-30,-0.4842762818,-5.93067398409e-17,48.8851970938
wannier_stark,6,16,7.18609199923e-14,8.8448332696e-30,-0.369415565602,-4.52403589969e-17,58.5125506272
wannier_stark,6,17,-1.4658413372e-14,0,-0.215117992784,0,22.9246681634
wannier_stark,6,18,-6.19296280924e-14,-7.68446047811e-30,3.72138994681,4.55738828674e-16,21.4732802644
wannier_stark,6,19,3.98986399475e-15,0,0.0223226415065,0,3.76682490369
wannier_stark,6,20,-7.02563007771e-15,0,0.937691048134,0,25.8200700222
wannier_stark,6,21,3.7513395168e-15,0,-0.0277755029533,0,4.44783651236
wannier_stark,6,22,-3.7079714299e-15,-4.74260248805e-31,0.019197951811,2.35107102356e-18,2.57715357455
wannier_stark,6,23,4.60785923306e-15,5.81390101962e-31,-0.0524926772207,-6.4284989137e-18,9.37126038972
wannier_stark,6,24,8.45677694539e-16,0,0.262029244816,0,13.0642345468
wannier_stark,6,25,5.81553763343e-15,0,0.00309731205733,0,0.763202730708
wannier_stark,7,1,-8.11525326105e-15,0,-0.0742314667877,0,12.546913887
wannier_stark,7,2,-9.41561824168e-15,0,-0.0729004891629,0,10.4979563166
wannier_stark,7,3,-6.10202535202e-15,0,-0.317721422574,0,25.5654542821
wannier_stark,7,4,-6.99378163889e-15,0,-0.401188012993,0,34.1267333908
wannier_stark,7,5,1.69398119121e-14,0,3.10810924942,0,183.023347763
wannier_stark,7,6,3.69821361035e-13,0,8.04876829208,0,37.0254303122
wannier_stark,7,7,29.9911280633,0,3.4399862929,0,4.42765496836e-13
wannier_stark,7,8,-1.01839110062e-13,0,-0.668528918787,0,106.05912318
wannier_stark,7,9,-2.60316941614e-14,-3.24278454386e-30,-0.91382987184,-1.11911882751e-16,166.742048414
wannier_stark,7,10,-1.08550321509e-13,-1.32618332264e-29,-0.541316368064,-6.62921357476e-17,127.288150803
wannier_stark,7,11,2.08817338421e-13,0,-3.08399962462,0,80.7525980065
wannier_stark,7,12,-8.11796376649e-14,0,2.46541857685,0,178.977360284
wannier_stark,7,13,2.3288662665e-14,0,0.399255072097,0,35.8187013326
wannier_stark,7,14,4.77048955894e-16,0,-0.363605877769,0,30.9486573748
wannier_stark,7,15,3.58220397789e-14,4.59334291736e-30,-0.73493817139,-9.00039679164e-17,70.8074085017
wannier_stark,7,16,-4.69025859817e-14,-5.67427109865e-30,-0.635389061377,-7.78127180229e-17,97.7178062119
wannier_stark,7,17,-1.24466409401e-14,0,-0.152107467175,0,16.9094851776
wannier_stark,7,18,-2.7148422399e-14,-3.50519249878e-30,2.26953106526,2.77937395464e-16,23.5358708822
wannier_stark,7,19,1.51788304148e-15,0,0.015513874583,0,2.68924828265
wannier_stark,7,20,-1.25767452008e-14,0,1.11577548493,0,25.5910476712
wannier_stark,7,21,2.62376925741e-15,0,-0.0258440884993,0,4.25743534424
wannier_stark,7,22,8.23993651089e-16,1.56481807981e-31,0.0587778308347,7.19820823926e-18,7.62001282045
wannier_stark,7,23,2.97613496347e-15,3.71343367402e-31,-0.044890299958,-5.49747621563e-18,8.22054673086
wannier_stark,7,24,0,0,0.196316423177,0,10.6910118693
wannier_stark,7,25,6.26969552393e-15,0,0.00267661669711,0,0.671852794235
wannier_stark,8,1,1.34527805562e-13,0,3.36681233561,0,34.943023326
wannier_stark,8,2,9.53230550049e-14,0,2.68034191119,0,39.2445111293
wannier_stark,8,3,1.13147338721e-13,0,1.80939165251,0,141.459194333
wannier_stark,8,4,1.66576821781e-13,0,2.2573020304,0,166.095303092
wannier_stark,8,5,-1.1616142076e-13,0,-2.69558305505,0,268.910763593
wannier_stark,8,6,1.64018104654e-13,0,-0.125013980807,0,20.4079903068
wannier_stark,8,7,-8.12717948495e-14,0,-0.668528918787,0,106.05912318
wannier_stark,8,8,134.413511324,0,4.94088302225,0,6.74690280893e-13
wannier_stark,8,9,1.99840144433e-13,2.47289404859e-29,10.460677646,1.2810635396e-15,249.168745707
wannier_stark,8,10,3.60822483003e-14,4.77630626208e-30,-1.31469714883,-1.61003965516e-16,100.574399209
wannier_stark,8,11,-3.41740524767e-14,0,-0.22660196846,0,41.8828194653
wannier_stark,8,12,3.88578058619e-14,0,1.63529143445,0,140.717492942
wannier_stark,8,13,-7.59808882478e-14,0,0.191422139834,0,47.5414795614
wannier_stark,8,14,2.42861286637e-15,0,0.22572485734,0,55.0230233538
wannier_stark,8,15,1.99840144433e-13,2.21867129593e-29,0.333713429854,4.08681083703e-17,20.7906180014
wannier_stark,8,16,-1.90958360236e-12,-2.32344188491e-28,-21.3464152053,-2.61418190544e-15,103.603683558
wannier_stark,8,17,3.05311331772e-14,0,0.0490397208649,0,13.2315808204
wannier_stark,8,18,8.32667268469e-15,1.38666955996e-30,0.828340275382,1.01442426685e-16,140.002673153
wannier_stark,8,19,1.63410951437e-13,0,0.0910129184248,0,30.215401559
wannier_stark,8,20,4.37150315946e-14,0,-0.294733335979,0,39.9982219309
wannier_stark,8,21,-8.28438879996e-14,0,0.046148687392,0,14.9236037171
wannier_stark,8,22,1.31838984174e-13,1.57155883462e-29,-2.80461840414,-3.43466695146e-16,81.3468208365
wannier_stark,8,23,2.19442519711e-14,2.79259841936e-30,0.0454805177249,5.56975704553e-18,15.5439112379
wannier_stark,8,24,-2.27899296656e-14,0,0.274303924239,0,58.4551508498
wannier_stark,8,25,2.72161850348e-14,0,0.0319636263258,0,13.0940193357
wannier_stark,9,1,1.01091010563e-13,-1.25642854747e-29,2.29909796579,-2.81558296473e-16,30.9019317832
wannier_stark,9,2,-1.34007388519e-14,2.06315245292e-30,-0.165540613243,2.02728782137e-17,6.36688517137
wannier_stark,9,3,-7.04731412116e-14,7.85057193581e-30,-0.52490754666,6.42826346865e-17,53.5406161748
wannier_stark,9,4,-9.42605368759e-14,1.19961361411e-29,-0.752545365285,9.2160227281e-17,73.2985946677
wannier_stark,9,5,7.23379689482e-14,-1.64065157137e-30,1.00145571265,-1.22642953298e-16,123.759233342
wannier_stark,9,6,-1.3231603313e-13,1.72178137028e-29,-0.702614637999,8.60454767459e-17,131.434765109
wannier_stark,9,7,-2.42644446202e-14,1.33370648649e-30,-0.91382987184,1.11911882751e-16,166.742048414
wannier_stark,9,8,2.67841304691e-13,-2.08000433994e-29,10.460677646,-1.2810635396e-15,249.168745707
wannier_stark,9,9,150.091830948,6.24001301981e-30,7.61594686043,-1.54074395551e-32,6.74690280893e-13
wannier_stark,9,10,7.14706072102e-14,2.5037089277e-30,-8.59086022526,0,452.570730922
wannier_stark,9,11,-9.00321484032e-14,3.47630354962e-30,-0.424713406924,5.20123914345e-17,88.6162238419
wannier_stark,9,12,3.41740524767e-14,-5.50815964095e-30,2.33702208508,-2.86202661603e-16,256.768540107
wannier_stark,9,13,-1.43114686768e-13,1.45985489785e-29,0.198532616677,-2.4313233354e-17,54.0363927235
wannier_stark,9,14,8.63892291036e-14,-9.82224271637e-30,0.0573815268724,-7.02721032145e-18,15.3542081808
wannier_stark,9,15,1.71390679427e-13,9.62964972194e-32,-1.95415182959,0,168.292285821
wannier_stark,9,16,1.87350135405e-13,1.2711137633e-30,-2.16210323656,0,61.9940015156
wannier_stark,9,17,-1.38777878078e-15,-1.61778115329e-30,0.0294860461344,-3.6109992018e-18,8.65807923267
wannier_stark,9,18,1.94289029309e-14,-3.33953243091e-31,0.293471021607,-3.27558553823e-32,56.5916182252
wannier_stark,9,19,5.76361874893e-14,-8.53186965364e-30,0.0289955326593,-3.55092862608e-18,10.3168949911
wannier_stark,9,20,3.33066907388e-14,-3.38963670212e-30,-0.103951971081,1.2730444865e-17,16.5833984874
wannier_stark,9,21,-2.94686150482e-14,3.70741514295e-30,0.0104763914136,-1.28298792113e-18,3.63740784641
wannier_stark,9,22,-2.63677968348e-14,2.41944949264e-31,0.468041812216,-3.05741378671e-32,24.7239135252
wannier_stark,9,23,2.51534904017e-15,-5.26025493532e-31,0.0122266355861,-5.24164685975e-33,4.46993965939
wannier_stark,9,24,-7.762887555e-15,1.11463195531e-30,0.0654151256018,-8.01104241841e-18,15.4983576209
wannier_stark,9,25,3.05541724734e-15,-4.315004663e-31,0.00718382948,-8.79765377831e-19,3.11399833615
wannier_stark,10,1,3.72965547335e-14,-4.4537129964e-30,0.535399011719,-6.55674685968e-17,35.4013238791
wannier_stark,10,2,5.42101086243e-16,5.41667796859e-31,-0.686455701166,8.40665777189e-17,62.5647104402
wannier_stark,10,3,-1.07748011902e-13,1.59418851147e-29,-0.258089527956,3.16068514304e-17,39.9214376121
wannier_stark,10,4,5.33427468863e-15,-1.82963344717e-31,-0.421926561696,5.16711013257e-17,63.3233244159
wannier_stark,10,5,-2.7582103268e-14,6.43742083911e-30,-0.266702105706,3.26615880079e-17,47.0088672492
wannier_stark,10,6,-5.2605489409e-14,6.37482811592e-30,-0.298465044986,3.65514261999e-17,71.5557156765
wannier_stark,10,7,-1.42377429291e-13,1.85659646639e-29,-0.541316368064,6.62921357476e-17,127.288150803
wannier_stark,10,8,0,-5.23852944873e-30,-1.31469714883,1.61003965516e-16,100.574399209
wannier_stark,10,9,2.18575157973e-14,-2.27259733438e-30,-8.59086022526,-1.54074395551e-32,452.570730922
wannier_stark,10,10,184.766759706,2.77333911992e-30,15.9485690852,0,6.74690280893e-13
wannier_stark,10,11,-1.65362515347e-13,1.93700404157e-29,-0.0821441621363,1.00597585229e-17,21.4667299901
wannier_stark,10,12,-2.07472927727e-13,2.1262266586e-29,-1.40044894095,1.7150553129e-16,227.643616572
wannier_stark,10,13,1.24357989184e-14,-4.25871258953e-30,-0.222813933802,2.72868370836e-17,72.3832026718
wannier_stark,10,14,4.83554168929e-15,3.96500827301e-30,0.0392243818042,-4.80360136251e-18,12.5620602395
wannier_stark,10,15,-4.4408920985e-14,-2.58074612548e-30,1.58985538959,-3.08148791102e-32,220.673302101
wannier_stark,10,16,2.63677968348e-14,-4.27556447654e-30,2.54111766479,4.71852836375e-32,206.728810047
wannier_stark,10,17,-1.64798730218e-14,-7.12594079423e-31,0.00702530159317,-8.60351310912e-19,2.43295744313
wannier_stark,10,18,2.77555756156e-15,-1.98508317111e-30,0.0160493215092,-6.16448045481e-32,3.94036435913
wannier_stark,10,19,-4.47558656802e-14,4.85334345986e-30,-0.0183050309343,2.24171975419e-18,7.47742760356
wannier_stark,10,20,-4.82253126322e-14,6.16297582204e-30,0.174775989589,-2.14038856217e-17,37.0891985175
wannier_stark,10,21,3.49546780409e-14,-3.97704533516e-30,-0.013417277885,1.64314264152e-18,5.36531374285
wannier_stark,10,22,-2.74086309204e-14,1.00148357108e-30,-0.347879364564,7.92038689629e-32,36.7028892685
wannier_stark,10,23,1.40946282423e-14,-3.6113537446e-31,-0.00380658225676,7.70371977755e-33,1.59218225933
wannier_stark,10,24,2.74086309204e-14,-2.77333911992e-30,-0.0766143463169,9.38255139857e-18,22.1877936184
wannier_stark,10,25,1.4195425163e-15,-3.73101906951e-31,-0.00736813072143,9.0233577037e-19,3.58204474597
wannier_stark,11,1,-4.11962944227e-15,0,-0.0302153799979,0,5.89830106331
wannier_stark,11,2,-2.29376522116e-15,0,-0.0281291514439,0,4.78725232288
wannier_stark,11,3,-5.14453930844e-15,0,-0.124084032538,0,13.2334843357
wannier_stark,11,4,-4.50350477396e-15,0,-0.0841917387569,0,9.36621000006
wannier_stark,11,5,-1.44198888941e-15,0,-0.338585670416,0,28.8035251778
wannier_stark,11,6,1.62662851938e-13,0,-2.90217919796,0,62.6413244862
wannier_stark,11,7,1.76177432018e-13,0,-3.08399962462,0,80.7525980065
wannier_stark,11,8,-3.20923843056e-14,0,-0.22660196846,0,41.8828194653
wannier_stark,11,9,-7.08200859068e-14,-8.58001790225e-30,-0.424713406924,-5.20123914345e-17,88.6162238419
wannier_stark,11,10,-7.678048735e-14,-9.42291317947e-30,-0.0821441621363,-1.00597585229e-17,21.4667299901
wannier_stark,11,11,12.7562603591,0,19.9524480367,0,8.43362851116e-14
wannier_stark,11,12,-7.41269025328e-14,0,-2.95127884378,0,291.525832738
wannier_stark,11,13,-8.9056366448e-14,0,-2.11545366616,0,134.393619928
wannier_stark,11,14,7.3725747729e-14,0,3.08652295879,0,181.893644064
wannier_stark,11,15,1.77809156288e-14,2.43630137965e-30,1.03293707715,1.26498308526e-16,126.564838299
wannier_stark,11,16,-2.04697370165e-14,-2.51574598986e-30,-0.33426752819,-4.09359658457e-17,60.1602846887
wannier_stark,11,17,-3.79904441239e-14,0,-0.311967902786,0,26.5121683829
wannier_stark,11,18,2.92300905702e-14,3.601488996e-30,3.22933632797,3.95479639742e-16,51.0687444778
wannier_stark,11,19,-1.05384451166e-14,0,0.0405279508286,0,5.9641073839
wannier_stark,11,20,-2.20743562318e-14,0,-0.0628775367612,0,3.08854674021
wannier_stark,11,21,7.60025722912e-15,0,-0.00440327140855,0,0.610077618227
wannier_stark,11,22,6.50521303491e-17,6.01853107621e-33,-0.0381764498117,-4.67526670647e-18,5.94885698687
wannier_stark,11,23,-2.68882138776e-15,-3.31621062299e-31,-0.0444276700817,-5.44082039591e-18,6.97251681943
wannier_stark,11,24,-1.17093834628e-15,0,0.551611089792,0,15.5960799201
wannier_stark,11,25,4.65614011106e-15,0,0.00306951254416,0,0.690099618784
wannier_stark,12,1,1.02890786169e-14,0,0.165714687025,0,15.9797137244
wannier_stark,12,2,-9.18861341181e-15,0,0.147728710744,0,10.5491300065
wannier_stark,12,3,-6.77192676934e-14,0,2.79426787709,0,21.9905497823
wannier_stark,12,4,-1.1301723446e-13,0,2.14500357621,0,26.7461974132
wannier_stark,12,5,-1.78882516438e-13,0,3.39312930048,0,46.5176651051
wannier_stark,12,6,-4.61002763741e-14,0,2.00944609538,0,155.119708456
wannier_stark,12,7,-6.22765727876e-14,0,2.46541857685,0,178.977360284
wannier_stark,12,8,5.58580959265e-14,0,1.63529143445,0,140.717492942
wannier_stark,12,9,8.81239525796e-14,1.09007634852e-29,2.33702208508,2.86202661603e-16,256.768540107
wannier_stark,12,10,-2.07472927727e-13,-2.33230116265e-29,-1.40044894095,-1.7150553129e-16,227.643616572
wannier_stark,12,11,-1.30841518176e-13,0,-2.95127884378,0,291.525832738
wannier_stark,12,12,77.7741047946,0,25.0744547646,0,1.01203542134e-12
wannier_stark,12,13,-1.67227343084e-13,0,-0.283166849029,0,45.9605140323
wannier_stark,12,14,2.01054450866e-13,0,-0.879043207915,0,138.634840262
wannier_stark,12,15,1.38083988688e-13,1.52533651595e-29,8.91157372452,1.09135302371e-15,211.646254493
wannier_stark,12,16,-1.38777878078e-14,-6.93334779979e-31,0.570903662667,6.99155343107e-17,46.3556419689
wannier_stark,12,17,-3.95516952523e-14,0,-0.35808896974,0,65.8035520666
wannier_stark,12,18,1.63064006742e-14,2.00296714216e-30,1.79034038973,2.19253462767e-16,148.536465043
wannier_stark,12,19,7.59808882478e-14,0,0.0554755680045,0,13.6436525151
wannier_stark,12,20,3.12250225676e-14,0,-2.88168715282,0,143.103029903
wannier_stark,12,21,-2.19008838842e-14,0,0.0289092754419,0,6.86105238631
wannier_stark,12,22,4.02455846427e-14,5.31556664651e-30,0.80212070725,9.82314556663e-17,45.7576268241
wannier_stark,12,23,-1.58293517183e-14,-1.93555959411e-30,0.062008399511,7.59383879814e-18,15.8568100101
wannier_stark,12,24,-3.29597460436e-15,0,-0.280146859558,0,35.5935501498
wannier_stark,12,25,-2.15990013418e-14,0,-0.0118306125678,0,3.82842576136
wannier_stark,13,1,-7.762887555e-15,0,0.0128876367858,0,3.33452167286
wannier_stark,13,2,-2.86500424079e-15,0,0.00227684755087,0,0.532139688139
wannier_stark,13,3,-6.4347398937e-15,0,-0.026488380878,0,4.5077616456
wannier_stark,13,4,-3.90312782095e-15,0,-0.0336094093479,0,5.87418599357
wannier_stark,13,5,-1.28044276571e-14,0,-0.00392344456227,0,0.583022215297
wannier_stark,13,6,2.60642202266e-14,0,0.421015040042,0,35.8341448569
wannier_stark,13,7,2.38958158816e-14,0,0.399255072097,0,35.8187013326
wannier_stark,13,8,-8.94683632735e-14,0,0.191422139834,0,47.5414795614
wannier_stark,13,9,-1.252145089e-13,-1.53785506059e-29,0.198532616677,2.4313233354e-17,54.0363927235
wannier_stark,13,10,7.41363893018e-14,9.06691706631e-30,-0.222813933802,-2.72868370836e-17,72.3832026718
wannier_stark,13,11,-8.80805844927e-14,0,-2.11545366616,0,134.393619928
wannier_stark,13,12,-1.50487261541e-13,0,-0.283166849029,0,45.9605140323
wannier_stark,13,13,-29.0595869627,0,28.7098613405,0,3.37345140446e-13
wannier_stark,13,14,-3.27342319917e-13,0,7.90527683604,0,36.3475584935
wannier_stark,13,15,1.37129890776e-13,1.66111457703e-29,-0.713907180692,-8.74284143723e-17,132.828530552
wannier_stark,13,16,5.57713597527e-14,6.81779200313e-30,-0.217880179586,-2.66826264528e-17,53.0551115125
wannier_stark,13,17,-1.13797860024e-13,0,-3.18839338835,0,68.4043839445
wannier_stark,13,18,1.02348685083e-13,1.25185446385e-29,1.86748916657,2.28701463028e-16,148.173055364
wannier_stark,13,19,-5.37764277553e-14,0,0.436335887937,0,36.4911600493
wannier_stark,13,20,-5.33427468863e-14,0,-0.456641345584,0,51.4404145228
wannier_stark,13,21,1.84748050192e-14,0,-0.327089871729,0,24.5387844337
wannier_stark,13,22,-4.91794105439e-14,-5.95353094059e-30,0.235377391698,2.88254169335e-17,51.6311517409
wannier_stark,13,23,4.25007251614e-15,5.44075209289e-31,0.0252495031434,3.09217232046e-18,2.35859158621
wannier_stark,13,24,-2.86229373536e-15,0,-0.698980112076,0,24.6430803559
wannier_stark,13,25,-1.63011490699e-16,0,-0.00740824855616,0,1.19490894207
wannier_stark,14,1,3.29597460436e-15,0,0.00786125971574,0,1.99786163029
wannier_stark,14,2,4.02645581807e-15,0,-0.00301830739557,0,0.691554183135
wannier_stark,14,3,9.77408258496e-15,0,-0.0567537818913,0,9.3973447595
wannier_stark,14,4,7.06899816461e-15,0,-0.0607535446295,0,10.3390463443
wannier_stark,14,5,1.77077319821e-14,0,-0.0677347343775,0,9.75391654095
wannier_stark,14,6,-2.68882138776e-15,0,-0.259254996201,0,20.8741253368
wannier_stark,14,7,-6.31005664387e-15,0,-0.363605877769,0,30.9486573748
wannier_stark,14,8,-7.1557343384e-15,0,0.22572485734,0,55.0230233538
wannier_stark,14,9,7.26740716217e-14,8.9002037555e-30,0.0573815268724,7.02721032145e-18,15.3542081808
wannier_stark,14,10,-7.29613851974e-14,-8.95406960863e-30,0.0392243818042,4.80360136251e-18,12.5620602395
wannier_stark,14,11,9.37618038765e-14,0,3.08652295879,0,181.893644064
wannier_stark,14,12,2.01748340256e-13,0,-0.879043207915,0,138.634840262
wannier_stark,14,13,-3.61863317089e-13,0,7.90527683604,0,36.3475584935
wannier_stark,14,14,-26.0332036889,0,32.8164914862,0,6.74690280893e-13
wannier_stark,14,15,-6.22765727876e-14,-7.72297907699e-30,-0.889299478952,-1.08907776038e-16,161.372868921
wannier_stark,14,16,1.24379673228e-13,1.52533651595e-29,-0.431351552425,-5.28253297985e-17,103.053347434
wannier_stark,14,17,-1.75554015769e-13,0,-3.26093429625,0,84.9540928845
wannier_stark,14,18,1.21083698623e-13,1.56385511484e-29,2.39030025056,2.92727355085e-16,178.664369549
wannier_stark,14,19,-6.97358837343e-14,0,0.462886949392,0,40.8399502716
wannier_stark,14,20,-6.04984812247e-14,0,-0.622521124771,0,67.2644060753
wannier_stark,14,21,2.21177243187e-14,0,-0.389501399444,0,31.0118759517
wannier_stark,14,22,-3.62990887348e-14,-4.35019426188e-30,0.363394048659,4.4502935852e-17,78.0413708014
wannier_stark,14,23,6.76542155631e-15,8.4740917553e-31,0.0287219161187,3.51742026401e-18,2.81501464841
wannier_stark,14,24,-6.59194920871e-15,0,-1.1572240472,0,35.4780382381
wannier_stark,14,25,-1.4373302082e-15,0,-0.00964301058256,0,1.59970098246
wannier_stark,15,1,1.06685493773e-14,-1.20370621524e-30,-0.102225826694,1.25190531451e-17,7.42971990753
wannier_stark,15,2,2.03830008427e-15,-2.92500610304e-31,-0.308763693854,3.78126469372e-17,14.715432705
wannier_stark,15,3,3.83373888191e-14,-4.40074992292e-30,1.2635334212,-1.54738215989e-16,20.0645502819
wannier_stark,15,4,7.52002626836e-14,-8.80149984585e-30,2.08956089199,-2.55897405799e-16,23.5713432711
wannier_stark,15,5,4.8312048806e-14,-6.8466809523e-30,-0.108929853492,1.33400596411e-17,4.08039942151
wannier_stark,15,6,2.21177243187e-14,-2.97556176408e-30,-0.4842762818,5.93067398409e-17,48.8851970938
wannier_stark,15,7,2.5023386141e-14,-4.36223132404e-30,-0.73493817139,9.00039679164e-17,70.8074085017
wannier_stark,15,8,1.98452365652e-13,-2.2648936146e-29,0.333713429854,-4.08681083703e-17,20.7906180014
wannier_stark,15,9,1.60982338571e-13,3.17778440824e-30,-1.95415182959,-3.08148791102e-32,168.292285821
wannier_stark,15,10,-3.29597460436e-14,-1.0111132208e-31,1.58985538959,1.23259516441e-31,220.673302101
wannier_stark,15,11,4.54497550706e-14,-5.21927014929e-30,1.03293707715,-1.26498308526e-16,126.564838299
wannier_stark,15,12,9.02056207508e-14,-1.32503980174e-29,8.91157372452,-1.09135302371e-15,211.646254493
wannier_stark,15,13,8.46545056277e-14,-1.7487443895e-29,-0.713907180692,8.74284143723e-17,132.828530552
wannier_stark,15,14,-9.54097911787e-14,9.78372411749e-30,-0.889299478952,1.08907776038e-16,161.372868921
wannier_stark,15,15,93.4063712801,7.70131236512e-30,36.9067953952,0,6.74690280893e-13
wannier_stark,15,16,-2.27595720048e-13,-3.77000786614e-30,-5.80110886902,3.08148791102e-32,333.258427686
wannier_stark,15,17,-4.99600361081e-14,-6.00890142649e-30,-0.443762832694,5.43452732639e-17,92.0864367424
wannier_stark,15,18,-5.55111512313e-14,-6.64445830814e-30,2.40276125529,3.85185988877e-33,256.410864716
wannier_stark,15,19,1.70002900646e-13,-2.67319076281e-29,0.130372970515,-1.59660841036e-17,35.1602130389
wannier_stark,15,20,9.99200722163e-14,-1.07852076886e-29,-3.65628712079,4.47766031925e-16,268.404579853
wannier_stark,15,21,-4.51895465492e-14,8.12742436531e-30,0.0041503843877,-5.08275495563e-19,1.0835826858
wannier_stark,15,22,3.13638004457e-13,7.32455231975e-31,7.49694705511,-1.23259516441e-31,249.619984042
wannier_stark,15,23,-2.30718222305e-14,-6.7415776514e-32,0.0854860858358,-4.62222451969e-32,23.8907921187
wannier_stark,15,24,-2.77555756156e-15,-2.88889491658e-32,-0.590285655894,7.22891439073e-17,89.0167157731
wannier_stark,15,25,-5.14311629309e-14,6.03681236435e-30,-0.0353757097923,4.33227497647e-18,12.2878566356
wannier_stark,16,1,1.63064006742e-14,-1.55037360523e-30,0.303261589798,-3.71388335251e-17,4.6193148792
wannier_stark,16,2,1.552577511e-14,-2.2822269841e-30,2.34641222849,-2.87352622511e-16,22.9670580177
wannier_stark,16,3,3.2786273696e-14,-3.02371001269e-30,0.781810484442,-9.57441707311e-17,57.3278809514
wannier_stark,16,4,6.26235174828e-14,-6.20149442093e-30,0.849328360827,-1.04012725851e-16,58.3725472387
wannier_stark,16,5,-3.32633226519e-14,3.64963724461e-30,-1.21183231627,1.48406656722e-16,115.010557965
wannier_stark,16,6,8.58688120609e-14,-7.68446047811e-30,-0.369415565602,4.52403589969e-17,58.5125506272
wannier_stark,16,7,-3.98119037737e-14,7.60742328033e-30,-0.635389061377,7.78127180229e-17,97.7178062119
wannier_stark,16,8,-1.89570581455e-12,2.27413807833e-28,-21.3464152053,2.61418190544e-15,103.603683558
wannier_stark,16,9,1.48492329544e-13,-1.75259624939e-30,-2.16210323656,-3.85185988877e-33,61.9940015156
wannier_stark,16,10,5.41233724505e-14,1.36741026051e-30,2.54111766479,0,206.728810047
wannier_stark,16,11,-2.30718222305e-14,2.31111593326e-30,-0.33426752819,4.09359658457e-17,60.1602846887
wannier_stark,16,12,-3.12250225676e-14,3.38963670212e-30,0.570903662667,-6.99155343107e-17,46.3556419689
wannier_stark,16,13,4.57966997658e-14,-3.96741568544e-30,-0.217880179586,2.66826264528e-17,53.0551115125
wannier_stark,16,14,1.13797860024e-13,-1.41748443907e-29,-0.431351552425,5.28253297985e-17,103.053347434
wannier_stark,16,15,-2.09554595898e-13,-5.29630734706e-30,-5.80110886902,3.08148791102e-32,333.258427686
wannier_stark,16,16,131.218914826,-1.36741026051e-30,41.5681359878,4.77630626208e-31,1.34938056179e-12
wannier_stark,16,17,0,1.12474308752e-29,-0.069463240471,8.50679351012e-18,18.4049868807
wannier_stark,16,18,-8.32667268469e-15,-2.99053286013e-30,-1.69160724382,-2.5037089277e-31,277.69838739
wannier_stark,16,19,-3.95170007828e-13,5.0112697153e-29,-0.192016452386,2.35152333799e-17,62.8156484963
wannier_stark,16,20,-1.16573417586e-13,9.86076131526e-30,0.522888252292,-6.40353424481e-17,68.4232852171
wannier_stark,16,21,1.45803508156e-13,-2.27620845302e-29,-0.113005001154,1.38391212951e-17,35.9951944075
wannier_stark,16,22,-1.7763568394e-13,2.01259679188e-30,10.9015870645,-3.85185988877e-33,263.285847983
wannier_stark,16,23,-5.50774703623e-14,-3.46672091967e-31,-0.101437574038,-1.69481835106e-31,34.1760752253
wannier_stark,16,24,4.38613988879e-14,-5.13440886111e-30,-0.674932118307,8.26553458327e-17,140.554710124
wannier_stark,16,25,-3.75127175416e-14,6.02612947169e-30,-0.0785733361028,9.62245845566e-18,31.8065101751
wannier_stark,17,1,1.2847795744e-15,0,0.00253664893263,0,0.710749269136
wannier_stark,17,2,-4.28259858132e-16,0,0.00027569839858,0,0.0703504942206
wannier_stark,17,3,-2.23345647532e-15,0,-0.0242948513174,0,4.65569560566
wannier_stark,17,4,-2.36356073602e-15,0,-0.0269030270179,0,5.2792403121
wannier_stark,17,5,-2.25514051877e-15,0,-0.0255567839392,0,4.34602735664
wannier_stark,17,6,-1.6826817717e-14,0,-0.215117992784,0,22.9246681634
wannier_stark,17,7,-1.00613961607e-14,0,-0.152107467175,0,16.9094851776
wannier_stark,17,8,2.89698820488e-14,0,0.0490397208649,0,13.2315808204
wannier_stark,17,9,1.5959455979e-14,2.00296714216e-30,0.0294860461344,3.6109992018e-18,8.65807923267
wannier_stark,17,10,-1.60028240659e-14,-1.95000406869e-30,0.00702530159317,8.60351310912e-19,2.43295744313
wannier_stark,17,11,-4.07660016855e-14,0,-0.311967902786,0,26.5121683829
wannier_stark,17,12,-3.43475248243e-14,0,-0.35808896974,0,65.8035520666
wannier_stark,17,13,-1.30451205393e-13,0,-3.18839338835,0,68.4043839445
wannier_stark,17,14,-1.88737914186e-13,0,-3.26093429625,0,84.9540928845
wannier_stark,17,15,-1.11022302463e-14,-1.46370675773e-30,-0.443762832694,-5.43452732639e-17,92.0864367424
wannier_stark,17,16,-7.56339435526e-14,-9.28298233195e-30,-0.069463240471,-8.50679351012e-18,18.4049868807
wannier_stark,17,17,-43.1809885304,0,49.3362105251,0,3.26040241933e-29
wannier_stark,17,18,-3.03923552991e-13,-3.66697061411e-29,-3.07029245623,-3.76002382896e-16,309.478256851
wannier_stark,17,19,1.13797860024e-13,0,-3.23481520847,0,201.13015897
wannier_stark,17,20,1.52308721191e-13,0,0.456630940258,0,61.235887372
wannier_stark,17,21,-3.67761376907e-14,0,1.81524805208,0,97.2380273753
wannier_stark,17,22,4.14165229889e-14,5.01704750513e-30,0.0446595115276,5.46921278438e-18,10.7544099782
wannier_stark,17,23,-3.46944695195e-15,-1.73333694995e-31,-0.20143133522,-2.46682239926e-17,14.4944389315
wannier_stark,17,24,2.08166817117e-15,0,1.19167718927,0,67.5799577364
wannier_stark,17,25,4.23177660448e-16,0,0.0292267396098,0,4.08707327747
wannier_stark,18,1,1.40946282423e-16,6.50001356231e-32,0.0303397990715,-3.71555378197e-18,5.44279496409
wannier_stark,18,2,-5.42101086243e-18,6.01853107621e-34,-0.0225227950079,2.75824688142e-18,3.47694046184
wannier_stark,18,3,9.10729824888e-16,1.40833627183e-31,0.120165036222,-1.47159726979e-17,10.9152352147
wannier_stark,18,4,5.42101086243e-17,2.88889491658e-31,0.135879794929,-1.66404755928e-17,12.9676280926
wannier_stark,18,5,3.82181265801e-15,-4.38750915456e-31,0.167456065458,-2.0507453456e-17,11.5973571121
wannier_stark,18,6,-5.34294830601e-14,7.8577941731e-30,3.72138994681,-4.55738828674e-16,21.4732802644
wannier_stark,18,7,-2.45463371851e-14,4.98815855596e-30,2.26953106526,-2.77937395464e-16,23.5358708822
wannier_stark,18,8,-6.41847686111e-15,2.52296822715e-30,0.828340275382,-1.01442426685e-16,140.002673153
wannier_stark,18,9,1.3357370765e-14,8.19028039924e-31,0.293471021607,1.50463276905e-35,56.5916182252
wannier_stark,18,10,1.67400815432e-14,1.8544305005e-30,0.0160493215092,-9.05187073862e-32,3.94036435914
wannier_stark,18,11,3.94649590785e-14,-3.37037740268e-30,3.22933632797,-3.95479639742e-16,51.0687444778
wannier_stark,18,12,1.87350135405e-14,-3.85185988877e-32,1.79034038973,-2.19253462767e-16,148.536465043
wannier_stark,18,13,1.26981758442e-13,-1.42133629896e-29,1.86748916657,-2.28701463028e-16,148.173055364
wannier_stark,18,14,1.4224732503e-13,-1.5445958154e-29,2.39030025056,-2.92727355085e-16,178.664369549
wannier_stark,18,15,-2.77555756156e-15,4.33324363335e-30,2.40276125529,-3.85185988877e-33,256.410864716
wannier_stark,18,16,6.24500451352e-15,-2.44383394745e-30,-1.69160724382,3.69778549322e-31,277.69838739
wannier_stark,18,17,-3.12250225676e-13,3.3280069439e-29,-3.07029245623,3.76002382896e-16,309.478256851
wannier_stark,18,18,23.1652282731,3.64482080345e-30,52.4291257636,0,3.37345140446e-13
wannier_stark,18,19,1.73472347598e-14,-8.93631494196e-30,0.332164898944,-4.0678468028e-17,54.1343601661
wannier_stark,18,20,-1.45022882592e-13,1.41748443907e-29,6.91777256249,-8.47182802588e-16,230.403525416
wannier_stark,18,21,4.71844785466e-14,-6.72149550591e-30,-0.281893955896,3.45220530787e-17,43.5145597517
wannier_stark,18,22,7.97972798949e-15,1.32469749778e-30,-0.568368220592,6.25927231926e-32,79.5779735646
wannier_stark,18,23,6.08887940068e-14,-1.73333841932e-31,-0.619615618906,3.08149084976e-32,107.041614257
wannier_stark,18,24,2.86229373536e-14,-5.20001084985e-30,3.76679034565,-4.61298773986e-16,166.069101079
wannier_stark,18,25,5.95359129834e-14,-8.20679374388e-30,0.0367832909626,-4.50465395394e-18,8.85145217047
wannier_stark,19,1,5.59075626506e-15,0,0.00308329586208,0,1.055624665
wannier_stark,19,2,-3.4477629085e-15,0,-0.00249885693902,0,0.793008860781
wannier_stark,19,3,6.63531729561e-15,0,0.00454560653216,0,1.15371913219
wannier_stark,19,4,8.50014503229e-15,0,0.00567360132058,0,1.46610914693
wannier_stark,19,5,3.51281503885e-15,0,0.00296448405886,0,0.688443536722
wannier_stark,19,6,2.77555756156e-15,0,0.0223226415065,0,3.76682490369
wannier_stark,19,7,3.12250225676e-15,0,0.015513874583,0,2.68924828265
wannier_stark,19,8,1.51267887105e-13,0,0.0910129184248,0,30.215401559
wannier_stark,19,9,5.43835809719e-14,6.62519900869e-30,0.0289955326593,3.55092862608e-18,10.3168949911
wannier_stark,19,10,-2.89698820488e-14,-3.69778549322e-30,-0.0183050309343,-2.24171975419e-18,7.47742760356
wannier_stark,19,11,-5.89805981832e-15,0,0.0405279508286,0,5.9641073839
wannier_stark,19,12,7.35522753814e-14,0,0.0554755680045,0,13.6436525151
wannier_stark,19,13,-3.88578058619e-14,0,0.436335887937,0,36.4911600493
wannier_stark,19,14,-5.41233724505e-14,0,0.462886949392,0,40.8399502716
wannier_stark,19,15,2.15799600412e-13,2.58074612548e-29,0.130372970515,1.59660841036e-17,35.1602130389
wannier_stark,19,16,-3.47638584586e-13,-4.22934215787e-29,-0.192016452386,-2.35152333799e-17,62.8156484963
wannier_stark,19,17,1.49880108324e-13,0,-3.23481520847,0,201.13015897
wannier_stark,19,18,4.4408920985e-14,3.38963670212e-30,0.332164898944,4.0678468028e-17,54.1343601661
wannier_stark,19,19,-84.1064408127,0,54.0162521844,0,6.99590455666e-30
wannier_stark,19,20,5.27355936697e-14,0,0.00934123804376,0,1.83350177944
wannier_stark,19,21,-5.55111512313e-14,0,5.31236881719,0,45.7360832895
wannier_stark,19,22,1.75554015769e-13,2.1262266586e-29,0.0270178603507,3.30873361983e-18,8.18602412138
wannier_stark,19,23,-4.16333634234e-15,-6.16297582204e-31,-4.18614658945,-5.12655102153e-16,40.9426597116
wannier_stark,19,24,2.15105711021e-14,0,0.932836490088,0,110.901815348
wannier_stark,19,25,-5.53485209054e-15,0,0.781752687281,0,60.7136483965
wannier_stark,20,1,2.43945488809e-15,0,-0.0109209904192,0,1.59543148159
wannier_stark,20,2,-1.16009632456e-15,0,-0.00202880130757,0,0.245623446246
wannier_stark,20,3,1.12757025938e-15,0,-0.179713012375,0,10.3387709171
wannier_stark,20,4,2.42861286637e-15,0,-0.19757580524,0,12.2750942661
wannier_stark,20,5,2.38524477947e-15,0,-0.294319445425,0,10.5808107507
wannier_stark,20,6,-9.71445146547e-15,0,0.937691048134,0,25.8200700222
wannier_stark,20,7,-1.21430643318e-14,0,1.11577548493,0,25.5910476712
wannier_stark,20,8,5.8633653488e-14,0,-0.294733335979,0,39.9982219308
wannier_stark,20,9,2.87096735274e-14,3.44741460045e-30,-0.103951971081,-1.2730444865e-17,16.5833984874
wannier_stark,20,10,-4.90059381963e-14,-6.0811237994e-30,0.174775989589,2.14038856217e-17,37.0891985175
wannier_stark,20,11,-2.47198095327e-14,0,-0.0628775367612,0,3.08854674021
wannier_stark,20,12,2.8449465006e-14,0,-2.88168715282,0,143.103029903
wannier_stark,20,13,-6.74807432155e-14,0,-0.456641345584,0,51.4404145228
wannier_stark,20,14,-6.41847686111e-14,0,-0.622521124771,0,67.2644060753
wannier_stark,20,15,6.59194920871e-14,8.32001735975e-30,-3.65628712079,-4.47766031925e-16,268.404579853
wannier_stark,20,16,-8.74300631892e-14,-1.1324468073e-29,0.522888252292,6.40353424481e-17,68.4232852171
wannier_stark,20,17,1.80758186197e-13,0,0.456630940258,0,61.235887372
wannier_stark,20,18,-1.04083408559e-13,-1.35585468085e-29,6.91777256249,8.47182802588e-16,230.403525416
wannier_stark,20,19,9.02056207508e-14,0,0.00934123804376,0,1.83350177944
wannier_stark,20,20,45.0876540091,0,65.5535064401,0,2.02407084268e-12
wannier_stark,20,21,6.1235738702e-14,0,-0.808396281511,0,151.712558885
wannier_stark,20,22,4.51028103754e-14,6.12445722315e-30,-4.41663225052,-5.40881454861e-16,471.277947351
wannier_stark,20,23,1.30711413915e-13,1.58311441429e-29,-1.16321053979,-1.42452206429e-16,239.692205485
wannier_stark,20,24,9.95731275211e-14,0,3.62852624722,0,280.825151915
wannier_stark,20,25,1.50623803252e-13,0,0.084996426355,0,23.2842509076
wannier_stark,21,1,-2.84535307642e-15,0,0.00126196814607,0,0.421193932267
wannier_stark,21,2,2.18602263027e-15,0,-0.0023481275606,0,0.724959226896
wannier_stark,21,3,-2.049142106e-15,0,0.00152411165357,0,0.373712733368
wannier_stark,21,4,-2.46113893154e-15,0,0.00137280407916,0,0.342925847759
wannier_stark,21,5,-1.38235776992e-15,0,0.0029640723916,0,0.662829175623
wannier_stark,21,6,5.85469173142e-15,0,-0.0277755029533,0,4.44783651236
wannier_stark,21,7,4.20670442924e-15,0,-0.0258440884993,0,4.25743534424
wannier_stark,21,8,-7.84420271793e-14,0,0.046148687392,0,14.9236037171
wannier_stark,21,9,-2.97396655913e-14,-3.60991493951e-30,0.0104763914136,1.28298792113e-18,3.63740784641
wannier_stark,21,10,3.98119037737e-14,4.82926933555e-30,-0.013417277885,-1.64314264152e-18,5.36531374285
wannier_stark,21,11,7.06899816461e-15,0,-0.00440327140855,0,0.610077618227
wannier_stark,21,12,-2.26381413615e-14,0,0.0289092754419,0,6.86105238631
wannier_stark,21,13,1.63064006742e-14,0,-0.327089871729,0,24.5387844337
wannier_stark,21,14,1.97758476261e-14,0,-0.389501399444,0,31.0118759517
wannier_stark,21,15,-5.70724023596e-14,-6.89482920091e-30,0.0041503843877,5.08275495563e-19,1.0835826858
wannier_stark,21,16,1.77093582854e-13,2.14343965748e-29,-0.113005001154,-1.38391212951e-17,35.9951944075
wannier_stark,21,17,-4.4408920985e-14,0,1.81524805208,0,97.2380273753
wannier_stark,21,18,7.52869988574e-14,9.39853812861e-30,-0.281893955896,-3.45220530787e-17,43.5145597517
wannier_stark,21,19,-3.05311331772e-14,0,5.31236881719,0,45.7360832895
wannier_stark,21,20,9.87057657831e-14,0,-0.808396281511,0,151.712558885
wannier_stark,21,21,-78.4396586477,0,71.6882023409,0,1.19085220764e-28
wannier_stark,21,22,3.75567632549e-14,4.77630626208e-30,-0.271134475757,-3.32043967875e-17,79.8155631119
wannier_stark,21,23,-1.09981468377e-13,-1.25955818363e-29,-5.5427988726,-6.78797089765e-16,101.931352599
wannier_stark,21,24,7.23325479374e-14,0,3.73804525559,0,412.221549594
wannier_stark,21,25,-8.82133992589e-15,0,1.75267827619,0,151.208560274
wannier_stark,22,1,1.17093834628e-15,-1.974078193e-31,-0.0032786630602,4.01520422216e-19,0.12912444545
wannier_stark,22,2,-1.86482773668e-14,2.2822269841e-30,0.464816921784,-5.69236555452e-17,6.67616015758
wannier_stark,22,3,1.64798730218e-15,-1.63704045273e-31,0.0438111207843,-5.36531488356e-18,2.15445273184
wannier_stark,22,4,3.81639164715e-15,-5.10371435263e-31,0.0658429303852,-8.06343339427e-18,2.93506337185
wannier_stark,22,5,-2.51534904017e-15,2.88889491658e-31,0.142525553692,-1.74543463126e-17,10.0844214508
wannier_stark,22,6,-7.3725747729e-15,5.68149333594e-31,0.019197951811,-2.35107102356e-18,2.57715357455
wannier_stark,22,7,-1.82145964978e-15,1.34815096107e-31,0.0587778308347,-7.19820823926e-18,7.62001282045
wannier_stark,22,8,1.09634523682e-13,-1.52533651595e-29,-2.80461840414,3.43466695146e-16,81.3468208365
wannier_stark,22,9,-2.58473797921e-14,-8.25742463656e-31,0.468041812216,7.9444610206e-33,24.7239135252
wannier_stark,22,10,-1.23165366794e-14,1.77426296127e-30,-0.347879364564,-1.0111132208e-32,36.7028892685
wannier_stark,22,11,-1.09287578987e-14,2.40741243048e-31,-0.0381764498117,4.67526670647e-18,5.94885698687
wannier_stark,22,12,4.57966997658e-14,-5.62371543761e-30,0.80212070725,-9.82314556663e-17,45.7576268241
wannier_stark,22,13,-4.02455846427e-14,1.14592831691e-30,0.235377391698,-2.88254169335e-17,51.6311517409
wannier_stark,22,14,-3.79904441239e-14,2.52296822715e-30,0.363394048659,-4.4502935852e-17,78.0413708014
wannier_stark,22,15,3.0253577421e-13,-2.23648614792e-30,7.49694705511,1.23259516441e-31,249.619984042
wannier_stark,22,16,-1.7763568394e-13,1.61356818153e-30,10.9015870645,1.23379887062e-31,263.285847983
wannier_stark,22,17,1.6393136848e-14,-3.90963778711e-30,0.0446595115276,-5.46921278438e-18,10.7544099782
wannier_stark,22,18,-5.55111512313e-15,7.02922111905e-31,-0.568368220592,1.23259516441e-31,79.5779735646
wannier_stark,22,19,1.79023462721e-13,-1.63318859284e-29,0.0270178603507,-3.30873361983e-18,8.18602412139
wannier_stark,22,20,6.17561557448e-14,-7.47260818422e-30,-4.41663225052,5.40881454861e-16,471.277947351
wannier_stark,22,21,1.02608893604e-13,-6.33630951703e-30,-0.271134475757,3.32043967875e-17,79.8155631119
wannier_stark,22,22,115.322340125,4.69960760668e-30,72.2384782619,9.86076131526e-31,5.83355438539e-29
wannier_stark,22,23,-2.14585293978e-13,-8.09854022833e-30,-0.049740998429,-2.1955601366e-31,15.5573014658
wannier_stark,22,24,5.9501015226e-14,-1.15555796663e-31,-2.15583570897,2.64013730047e-16,396.887186256
wannier_stark,22,25,-1.41535986761e-13,1.50864661206e-29,-0.2167816562,2.65480961379e-17,82.5177539056
wannier_stark,23,1,2.4665599424e-16,-7.08682034224e-32,0.00141128713348,-1.72832827069e-19,0.4969839591
wannier_stark,23,2,-4.48588648866e-16,1.45046598937e-31,-0.00157719316081,1.93150455602e-19,0.515945868352
wannier_stark,23,3,-7.04731412116e-16,9.02779661432e-32,0.00418842571777,-5.12934214874e-19,1.10402811959
wannier_stark,23,4,-6.88468379528e-16,9.38890847889e-32,0.00471348018722,-5.77234842413e-19,1.26410554168
wannier_stark,23,5,-1.03541307472e-15,9.87039096498e-32,0.00498095378963,-6.09990911517e-19,1.20544553873
wannier_stark,23,6,6.85215773011e-15,-5.58519683872e-31,-0.0524926772207,6.4284989137e-18,9.37126038972
wannier_stark,23,7,6.54858112181e-15,-5.27223322276e-31,-0.044890299958,5.49747621563e-18,8.22054673086
wannier_stark,23,8,8.67361737988e-15,-2.48444962826e-30,0.0454805177249,-5.56975704553e-18,15.5439112379
wannier_stark,23,9,9.56808417218e-16,-2.9114056334e-31,0.0122266355861,9.57134520214e-33,4.46993965939
wannier_stark,23,10,1.02348685083e-14,-1.44466492475e-31,-0.00380658225676,3.85185988877e-33,1.59218225934
wannier_stark,23,11,1.30104260698e-15,8.66668474974e-32,-0.0444276700817,5.44082039591e-18,6.97251681943
wannier_stark,23,12,-1.2490009027e-14,1.34815096107e-30,0.062008399511,-7.59383879814e-18,15.8568100101
wannier_stark,23,13,2.94902990916e-15,-5.20001084985e-31,0.0252495031434,-3.09217232046e-18,2.35859158621
wannier_stark,23,14,6.59194920871e-15,-9.05187073862e-31,0.0287219161187,-3.51742026401e-18,2.81501464841
wannier_stark,23,15,-1.36175792864e-14,8.76308263335e-31,0.0854860858358,6.16296994457e-32,23.8907921187
wannier_stark,23,16,-2.45463371851e-14,3.8422352349e-30,-0.101437574038,1.00148298333e-31,34.1760752253
wannier_stark,23,17,-1.38777878078e-15,-3.08148791102e-31,-0.20143133522,2.46682239926e-17,14.4944389315
wannier_stark,23,18,7.6327832943e-14,2.88889491658e-30,-0.619615618906,-3.08148497228e-32,107.041614257
wannier_stark,23,19,-4.16333634234e-15,9.24446373306e-31,-4.18614658945,5.12655102153e-16,40.9426597116
wannier_stark,23,20,2.13544459893e-13,-1.766077759e-29,-1.16321053979,1.42452206429e-16,239.692205485
wannier_stark,23,21,-1.21777588014e-13,1.50222535662e-30,-5.5427988726,6.78797089765e-16,101.931352599
wannier_stark,23,22,-3.71664504728e-14,1.06022417725e-29,-0.049740998429,2.1955601366e-31,15.5573014658
wannier_stark,23,23,-90.5440911862,-7.06816289578e-30,72.6921183928,-7.70371977755e-33,1.34938056179e-12
wannier_stark,23,24,-2.64783854564e-13,3.98378608996e-29,-1.31690739619,1.61274642752e-16,169.442752332
wannier_stark,23,25,1.11808349038e-17,8.6106371791e-30,-2.73435777792,3.34862250045e-16,185.616369414
wannier_stark,24,1,-1.05277725014e-15,0,0.00761796082821,0,1.70247907356
wannier_stark,24,2,1.0434387119e-15,0,-0.0147687441199,0,2.93103424573
wannier_stark,24,3,-2.19720346518e-16,0,-0.0212053392371,0,2.86108929342
wannier_stark,24,4,-2.95783905181e-16,0,-0.0257329499411,0,3.59031911825
wannier_stark,24,5,-1.30443073877e-16,0,-0.0189915624832,0,2.15257610192
wannier_stark,24,6,2.14943080695e-15,0,0.262029244816,0,13.0642345468
wannier_stark,24,7,1.84314369323e-15,0,0.196316423177,0,10.6910118693
wannier_stark,24,8,-3.09573601563e-14,0,0.274303924239,0,58.4551508498
wannier_stark,24,9,-1.11625389921e-14,-1.36560470119e-30,0.0654151256018,8.01104241841e-18,15.4983576209
wannier_stark,24,10,2.38334742567e-14,2.92289961716e-30,-0.0766143463169,-9.38255139857e-18,22.1877936184
wannier_stark,24,11,2.37440275774e-15,0,0.551611089792,0,15.5960799201
wannier_stark,24,12,-1.98408997565e-15,0,-0.280146859558,0,35.5935501498
wannier_stark,24,13,-6.54858112181e-15,0,-0.698980112076,0,24.6430803559
wannier_stark,24,14,-9.17235037923e-15,0,-1.1572240472,0,35.4780382381
wannier_stark,24,15,-8.22909448916e-15,-1.03157622646e-30,-0.590285655894,-7.22891439073e-17,89.0167157731
wannier_stark,24,16,6.6999797908e-14,8.21450498682e-30,-0.674932118307,-8.26553458327e-17,140.554710124
wannier_stark,24,17,1.21430643318e-15,0,1.19167718927,0,67.5799577364
wannier_stark,24,18,2.61509564004e-14,3.22593265685e-30,3.76679034565,4.61298773986e-16,166.069101079
wannier_stark,24,19,5.8872177966e-14,0,0.932836490088,0,110.901815348
wannier_stark,24,20,7.42244807284e-14,0,3.62852624722,0,280.825151915
wannier_stark,24,21,8.73328238069e-14,0,3.73804525559,0,412.221549594
wannier_stark,24,22,5.72892427941e-14,7.00978314446e-30,-2.15583570897,-2.64013730047e-16,396.887186256
wannier_stark,24,23,-3.7012358239e-13,-4.53694928118e-29,-1.31690739619,-1.61274642752e-16,169.442752332
wannier_stark,24,24,-5.85381922168,0,77.4810318738,0,1.68672570223e-13
wannier_stark,24,25,1.51924358815e-13,0,0.221758951803,0,43.5867572221
wannier_stark,25,1,5.12867861651e-16,0,0.00087234233104,0,0.366412056135
wannier_stark,25,2,-1.4781995479e-15,0,-0.00167183412047,0,0.660394777032
wannier_stark,25,3,-1.54003295305e-15,0,-0.00099463396305,0,0.329694523046
wannier_stark,25,4,-1.86156665983e-15,0,-0.00129028557182,0,0.433629382509
wannier_stark,25,5,-1.17432647807e-15,0,-0.000685018881338,0,0.212283221817
wannier_stark,25,6,5.9321105428e-15,0,0.00309731205733,0,0.763202730708
wannier_stark,25,7,5.49063697069e-15,0,0.00267661669711,0,0.671852794234
wannier_stark,25,8,2.69227728219e-14,0,0.0319636263258,0,13.0940193357
wannier_stark,25,9,3.74685024218e-15,3.9405391826e-31,0.00718382948,8.79765377831e-19,3.11399833615
wannier_stark,25,10,4.15351076016e-15,4.91168559548e-31,-0.00736813072143,-9.0233577037e-19,3.58204474597
wannier_stark,25,11,4.95429570849e-15,0,0.00306951254416,0,0.690099618784
wannier_stark,25,12,-1.83562204065e-14,0,-0.0118306125678,0,3.82842576136
wannier_stark,25,13,-8.01293168103e-16,0,-0.00740824855616,0,1.19490894207
wannier_stark,25,14,-1.54431046943e-15,0,-0.00964301058256,0,1.59970098246
wannier_stark,25,15,-4.79197031448e-14,-6.00100210445e-30,-0.0353757097923,-4.33227497647e-18,12.2878566356
wannier_stark,25,16,-6.34298928485e-14,-7.46282807122e-30,-0.0785733361028,-9.62245845566e-18,31.8065101751
wannier_stark,25,17,-1.24683249836e-15,0,0.0292267396098,0,4.08707327747
wannier_stark,25,18,6.70389308302e-14,7.8773543991e-30,0.0367832909626,4.50465395394e-18,8.85145217047
wannier_stark,25,19,7.84691322336e-15,0,0.781752687281,0,60.7136483965
wannier_stark,25,20,1.69672896609e-13,0,0.084996426355,0,23.2842509076
wannier_stark,25,21,-2.46439153806e-14,0,1.75267827619,0,151.208560274
wannier_stark,25,22,-1.7857082949e-13,-2.16419724202e-29,-0.2167816562,-2.65480961379e-17,82.5177539056
wannier_stark,25,23,1.77162023116e-14,1.00532038464e-30,-2.73435777792,-3.34862250045e-16,185.616369414
wannier_stark,25,24,1.58961317958e-13,0,0.221758951803,0,43.5867572221
wannier_stark,25,25,-135.225483894,0,80.5331636495,0,3.99563692841e-29
